signature_id,signature_keywords,gene_symbol,gene_entrez_id,gene_weight,signature_method,publication_doi,description
muro2016_ifng,muro2016_ifng|ifng|interferon gamma,CXCL9,4283,NA,mean|,10.1016/S1470-2045(16)00175-3,Interferon gamma-related genes found to be significantly associated with clinical response to pembrolizumab in patients with melanoma.
muro2016_ifng,muro2016_ifng|ifng|interferon gamma,CXCL10,3627,NA,mean|,10.1016/S1470-2045(16)00175-3,Interferon gamma-related genes found to be significantly associated with clinical response to pembrolizumab in patients with melanoma.
muro2016_ifng,muro2016_ifng|ifng|interferon gamma,IDO1,3620,NA,mean|,10.1016/S1470-2045(16)00175-3,Interferon gamma-related genes found to be significantly associated with clinical response to pembrolizumab in patients with melanoma.
muro2016_ifng,muro2016_ifng|ifng|interferon gamma,IFNG,3458,NA,mean|,10.1016/S1470-2045(16)00175-3,Interferon gamma-related genes found to be significantly associated with clinical response to pembrolizumab in patients with melanoma.
muro2016_ifng,muro2016_ifng|ifng|interferon gamma,HLA-DRA,3122,NA,mean|,10.1016/S1470-2045(16)00175-3,Interferon gamma-related genes found to be significantly associated with clinical response to pembrolizumab in patients with melanoma.
muro2016_ifng,muro2016_ifng|ifng|interferon gamma,STAT1,6772,NA,mean|,10.1016/S1470-2045(16)00175-3,Interferon gamma-related genes found to be significantly associated with clinical response to pembrolizumab in patients with melanoma.
fang2021_irgs,fang2021_irgs|immune,DEFB1,1672,-0.31932277800000497,weighted_sum|median,10.18632/aging.202842,Immune-related genes for survival prediction in HNSCC patients.
fang2021_irgs,fang2021_irgs|immune,EDNRB,1910,-0.417843642,weighted_sum|median,10.18632/aging.202842,Immune-related genes for survival prediction in HNSCC patients.
fang2021_irgs,fang2021_irgs|immune,ADM,133,0.24520493000000268,weighted_sum|median,10.18632/aging.202842,Immune-related genes for survival prediction in HNSCC patients.
fang2021_irgs,fang2021_irgs|immune,BTC,685,0.7095888269999995,weighted_sum|median,10.18632/aging.202842,Immune-related genes for survival prediction in HNSCC patients.
fang2021_irgs,fang2021_irgs|immune,DKK1,22943,0.4777602620000003,weighted_sum|median,10.18632/aging.202842,Immune-related genes for survival prediction in HNSCC patients.
fang2021_irgs,fang2021_irgs|immune,FAM3D,131177,-0.25962002,weighted_sum|median,10.18632/aging.202842,Immune-related genes for survival prediction in HNSCC patients.
fang2021_irgs,fang2021_irgs|immune,GNRH1,2796,-0.4533227550000047,weighted_sum|median,10.18632/aging.202842,Immune-related genes for survival prediction in HNSCC patients.
fang2021_irgs,fang2021_irgs|immune,STC2,8614,0.4166498230000003,weighted_sum|median,10.18632/aging.202842,Immune-related genes for survival prediction in HNSCC patients.
fang2021_irgs,fang2021_irgs|immune,TNFRSF12A,51330,0.2610282000000003,weighted_sum|median,10.18632/aging.202842,Immune-related genes for survival prediction in HNSCC patients.
fang2021_irgs,fang2021_irgs|immune,CTLA4,1493,-0.3575696770000003,weighted_sum|median,10.18632/aging.202842,Immune-related genes for survival prediction in HNSCC patients.
wu2020_metabolic,wu2020_metabolic|metabolism,HEXB,3074,0.01247,weighted_sum|median,10.1155/2020/6716908,Metabolic prognostic signature for HNSCC patients.
wu2020_metabolic,wu2020_metabolic|metabolism,ACAT1,38,0.01996000000000005,weighted_sum|median,10.1155/2020/6716908,Metabolic prognostic signature for HNSCC patients.
wu2020_metabolic,wu2020_metabolic|metabolism,GNPDA1,10007,0.02995,weighted_sum|median,10.1155/2020/6716908,Metabolic prognostic signature for HNSCC patients.
wu2020_metabolic,wu2020_metabolic|metabolism,POLE2,5427,-0.17051000000000024,weighted_sum|median,10.1155/2020/6716908,Metabolic prognostic signature for HNSCC patients.
wu2020_metabolic,wu2020_metabolic|metabolism,SMS,6611,0.00156,weighted_sum|median,10.1155/2020/6716908,Metabolic prognostic signature for HNSCC patients.
wu2020_metabolic,wu2020_metabolic|metabolism,AGPS,8540,0.05,weighted_sum|median,10.1155/2020/6716908,Metabolic prognostic signature for HNSCC patients.
wu2020_metabolic,wu2020_metabolic|metabolism,PYGL,5836,0.00442,weighted_sum|median,10.1155/2020/6716908,Metabolic prognostic signature for HNSCC patients.
wu2020_metabolic,wu2020_metabolic|metabolism,ACAA1,30,-0.00201,weighted_sum|median,10.1155/2020/6716908,Metabolic prognostic signature for HNSCC patients.
wu2020_metabolic,wu2020_metabolic|metabolism,MTHFD2,10797,0.00689,weighted_sum|median,10.1155/2020/6716908,Metabolic prognostic signature for HNSCC patients.
wu2020_metabolic,wu2020_metabolic|metabolism,PLCB3,5331,0.020560000000000005,weighted_sum|median,10.1155/2020/6716908,Metabolic prognostic signature for HNSCC patients.
wu2020_metabolic,wu2020_metabolic|metabolism,POLD2,5425,0.0017000000000000001,weighted_sum|median,10.1155/2020/6716908,Metabolic prognostic signature for HNSCC patients.
wu2020_metabolic,wu2020_metabolic|metabolism,KYNU,8942,0.03766,weighted_sum|median,10.1155/2020/6716908,Metabolic prognostic signature for HNSCC patients.
wu2020_metabolic,wu2020_metabolic|metabolism,ENTPD1,953,-0.01556,weighted_sum|median,10.1155/2020/6716908,Metabolic prognostic signature for HNSCC patients.
wu2020_metabolic,wu2020_metabolic|metabolism,LCLAT1,253558,0.02843,weighted_sum|median,10.1155/2020/6716908,Metabolic prognostic signature for HNSCC patients.
wu2020_metabolic,wu2020_metabolic|metabolism,PIP4K2A,5305,-0.00409,weighted_sum|median,10.1155/2020/6716908,Metabolic prognostic signature for HNSCC patients.
wu2020_metabolic,wu2020_metabolic|metabolism,DNMT1,1786,-0.018370000000000303,weighted_sum|median,10.1155/2020/6716908,Metabolic prognostic signature for HNSCC patients.
wu2020_metabolic,wu2020_metabolic|metabolism,ADK,132,0.00435,weighted_sum|median,10.1155/2020/6716908,Metabolic prognostic signature for HNSCC patients.
wu2020_metabolic,wu2020_metabolic|metabolism,ADA,100,0.0148,weighted_sum|median,10.1155/2020/6716908,Metabolic prognostic signature for HNSCC patients.
wu2020_metabolic,wu2020_metabolic|metabolism,PAFAH1B2,5049,0.00517,weighted_sum|median,10.1155/2020/6716908,Metabolic prognostic signature for HNSCC patients.
wu2020_metabolic,wu2020_metabolic|metabolism,PLA2G2D,26279,-0.03567,weighted_sum|median,10.1155/2020/6716908,Metabolic prognostic signature for HNSCC patients.
wu2020_metabolic,wu2020_metabolic|metabolism,DGKQ,1609,-0.03222,weighted_sum|median,10.1155/2020/6716908,Metabolic prognostic signature for HNSCC patients.
wu2020_metabolic,wu2020_metabolic|metabolism,ADH7,131,0.0052699999999999995,weighted_sum|median,10.1155/2020/6716908,Metabolic prognostic signature for HNSCC patients.
wu2020_metabolic,wu2020_metabolic|metabolism,ACOX3,8310,-0.00481,weighted_sum|median,10.1155/2020/6716908,Metabolic prognostic signature for HNSCC patients.
wu2020_metabolic,wu2020_metabolic|metabolism,ASNS,440,0.00862,weighted_sum|median,10.1155/2020/6716908,Metabolic prognostic signature for HNSCC patients.
wu2020_metabolic,wu2020_metabolic|metabolism,HPRT1,3251,0.009819999999999999,weighted_sum|median,10.1155/2020/6716908,Metabolic prognostic signature for HNSCC patients.
wu2020_metabolic,wu2020_metabolic|metabolism,ATIC,471,0.00835,weighted_sum|median,10.1155/2020/6716908,Metabolic prognostic signature for HNSCC patients.
wu2020_metabolic,wu2020_metabolic|metabolism,PRPS1,5631,0.014870000000000006,weighted_sum|median,10.1155/2020/6716908,Metabolic prognostic signature for HNSCC patients.
wu2020_metabolic,wu2020_metabolic|metabolism,NADSYN1,55191,0.01067,weighted_sum|median,10.1155/2020/6716908,Metabolic prognostic signature for HNSCC patients.
wu2020_metabolic,wu2020_metabolic|metabolism,RDH11,51109,0.002580000000000001,weighted_sum|median,10.1155/2020/6716908,Metabolic prognostic signature for HNSCC patients.
wu2020_metabolic,wu2020_metabolic|metabolism,HADHB,3032,0.01222,weighted_sum|median,10.1155/2020/6716908,Metabolic prognostic signature for HNSCC patients.
ayers2017_immexp,ayers2017_immexp|immune expanded,CD3D,915,NA,mean|,10.1172/JCI91190,Immune expanded gene signature aimed at predicting response to pembrolizumab in multiple cancer types.
ayers2017_immexp,ayers2017_immexp|immune expanded,IDO1,3620,NA,mean|,10.1172/JCI91190,Immune expanded gene signature aimed at predicting response to pembrolizumab in multiple cancer types.
ayers2017_immexp,ayers2017_immexp|immune expanded,CIITA,4261,NA,mean|,10.1172/JCI91190,Immune expanded gene signature aimed at predicting response to pembrolizumab in multiple cancer types.
ayers2017_immexp,ayers2017_immexp|immune expanded,CD3E,916,NA,mean|,10.1172/JCI91190,Immune expanded gene signature aimed at predicting response to pembrolizumab in multiple cancer types.
ayers2017_immexp,ayers2017_immexp|immune expanded,CCL5,6352,NA,mean|,10.1172/JCI91190,Immune expanded gene signature aimed at predicting response to pembrolizumab in multiple cancer types.
ayers2017_immexp,ayers2017_immexp|immune expanded,GZMK,3003,NA,mean|,10.1172/JCI91190,Immune expanded gene signature aimed at predicting response to pembrolizumab in multiple cancer types.
ayers2017_immexp,ayers2017_immexp|immune expanded,CD2,914,NA,mean|,10.1172/JCI91190,Immune expanded gene signature aimed at predicting response to pembrolizumab in multiple cancer types.
ayers2017_immexp,ayers2017_immexp|immune expanded,HLA-DRA,3122,NA,mean|,10.1172/JCI91190,Immune expanded gene signature aimed at predicting response to pembrolizumab in multiple cancer types.
ayers2017_immexp,ayers2017_immexp|immune expanded,CXCL13,10563,NA,mean|,10.1172/JCI91190,Immune expanded gene signature aimed at predicting response to pembrolizumab in multiple cancer types.
ayers2017_immexp,ayers2017_immexp|immune expanded,IL2RG,3561,NA,mean|,10.1172/JCI91190,Immune expanded gene signature aimed at predicting response to pembrolizumab in multiple cancer types.
ayers2017_immexp,ayers2017_immexp|immune expanded,NKG7,4818,NA,mean|,10.1172/JCI91190,Immune expanded gene signature aimed at predicting response to pembrolizumab in multiple cancer types.
ayers2017_immexp,ayers2017_immexp|immune expanded,HLA-E,3133,NA,mean|,10.1172/JCI91190,Immune expanded gene signature aimed at predicting response to pembrolizumab in multiple cancer types.
ayers2017_immexp,ayers2017_immexp|immune expanded,CXCR6,10663,NA,mean|,10.1172/JCI91190,Immune expanded gene signature aimed at predicting response to pembrolizumab in multiple cancer types.
ayers2017_immexp,ayers2017_immexp|immune expanded,LAG3,3902,NA,mean|,10.1172/JCI91190,Immune expanded gene signature aimed at predicting response to pembrolizumab in multiple cancer types.
ayers2017_immexp,ayers2017_immexp|immune expanded,TAGAP,117289,NA,mean|,10.1172/JCI91190,Immune expanded gene signature aimed at predicting response to pembrolizumab in multiple cancer types.
ayers2017_immexp,ayers2017_immexp|immune expanded,CXCL10,3627,NA,mean|,10.1172/JCI91190,Immune expanded gene signature aimed at predicting response to pembrolizumab in multiple cancer types.
ayers2017_immexp,ayers2017_immexp|immune expanded,STAT1,6772,NA,mean|,10.1172/JCI91190,Immune expanded gene signature aimed at predicting response to pembrolizumab in multiple cancer types.
ayers2017_immexp,ayers2017_immexp|immune expanded,GZMB,3002,NA,mean|,10.1172/JCI91190,Immune expanded gene signature aimed at predicting response to pembrolizumab in multiple cancer types.
cinsarc,cinsarc|sarcoma|sts|metastasis,ANLN,54443,NA,cinsarc|,10.1038/nm.2174,Biomarker aimed at identifying high-risk soft-tissue sarocmas and predicting metastasis outcome.
cinsarc,cinsarc|sarcoma|sts|metastasis,ASPM,259266,NA,cinsarc|,10.1038/nm.2174,Biomarker aimed at identifying high-risk soft-tissue sarocmas and predicting metastasis outcome.
cinsarc,cinsarc|sarcoma|sts|metastasis,AURKA,6790,NA,cinsarc|,10.1038/nm.2174,Biomarker aimed at identifying high-risk soft-tissue sarocmas and predicting metastasis outcome.
cinsarc,cinsarc|sarcoma|sts|metastasis,AURKB,9212,NA,cinsarc|,10.1038/nm.2174,Biomarker aimed at identifying high-risk soft-tissue sarocmas and predicting metastasis outcome.
cinsarc,cinsarc|sarcoma|sts|metastasis,BIRC5,332,NA,cinsarc|,10.1038/nm.2174,Biomarker aimed at identifying high-risk soft-tissue sarocmas and predicting metastasis outcome.
cinsarc,cinsarc|sarcoma|sts|metastasis,BORA,79866,NA,cinsarc|,10.1038/nm.2174,Biomarker aimed at identifying high-risk soft-tissue sarocmas and predicting metastasis outcome.
cinsarc,cinsarc|sarcoma|sts|metastasis,BUB1,699,NA,cinsarc|,10.1038/nm.2174,Biomarker aimed at identifying high-risk soft-tissue sarocmas and predicting metastasis outcome.
cinsarc,cinsarc|sarcoma|sts|metastasis,BUB1B,701,NA,cinsarc|,10.1038/nm.2174,Biomarker aimed at identifying high-risk soft-tissue sarocmas and predicting metastasis outcome.
cinsarc,cinsarc|sarcoma|sts|metastasis,CCNA2,890,NA,cinsarc|,10.1038/nm.2174,Biomarker aimed at identifying high-risk soft-tissue sarocmas and predicting metastasis outcome.
cinsarc,cinsarc|sarcoma|sts|metastasis,CCNB1,891,NA,cinsarc|,10.1038/nm.2174,Biomarker aimed at identifying high-risk soft-tissue sarocmas and predicting metastasis outcome.
cinsarc,cinsarc|sarcoma|sts|metastasis,CCNB2,9133,NA,cinsarc|,10.1038/nm.2174,Biomarker aimed at identifying high-risk soft-tissue sarocmas and predicting metastasis outcome.
cinsarc,cinsarc|sarcoma|sts|metastasis,CDC20,991,NA,cinsarc|,10.1038/nm.2174,Biomarker aimed at identifying high-risk soft-tissue sarocmas and predicting metastasis outcome.
cinsarc,cinsarc|sarcoma|sts|metastasis,CDC45,8318,NA,cinsarc|,10.1038/nm.2174,Biomarker aimed at identifying high-risk soft-tissue sarocmas and predicting metastasis outcome.
cinsarc,cinsarc|sarcoma|sts|metastasis,CDC6,990,NA,cinsarc|,10.1038/nm.2174,Biomarker aimed at identifying high-risk soft-tissue sarocmas and predicting metastasis outcome.
cinsarc,cinsarc|sarcoma|sts|metastasis,CDC7,8317,NA,cinsarc|,10.1038/nm.2174,Biomarker aimed at identifying high-risk soft-tissue sarocmas and predicting metastasis outcome.
cinsarc,cinsarc|sarcoma|sts|metastasis,CDCA2,157313,NA,cinsarc|,10.1038/nm.2174,Biomarker aimed at identifying high-risk soft-tissue sarocmas and predicting metastasis outcome.
cinsarc,cinsarc|sarcoma|sts|metastasis,CDCA3,83461,NA,cinsarc|,10.1038/nm.2174,Biomarker aimed at identifying high-risk soft-tissue sarocmas and predicting metastasis outcome.
cinsarc,cinsarc|sarcoma|sts|metastasis,CDCA8,55143,NA,cinsarc|,10.1038/nm.2174,Biomarker aimed at identifying high-risk soft-tissue sarocmas and predicting metastasis outcome.
cinsarc,cinsarc|sarcoma|sts|metastasis,CDK1,983,NA,cinsarc|,10.1038/nm.2174,Biomarker aimed at identifying high-risk soft-tissue sarocmas and predicting metastasis outcome.
cinsarc,cinsarc|sarcoma|sts|metastasis,CENPA,1058,NA,cinsarc|,10.1038/nm.2174,Biomarker aimed at identifying high-risk soft-tissue sarocmas and predicting metastasis outcome.
cinsarc,cinsarc|sarcoma|sts|metastasis,CENPE,1062,NA,cinsarc|,10.1038/nm.2174,Biomarker aimed at identifying high-risk soft-tissue sarocmas and predicting metastasis outcome.
cinsarc,cinsarc|sarcoma|sts|metastasis,CENPL,91687,NA,cinsarc|,10.1038/nm.2174,Biomarker aimed at identifying high-risk soft-tissue sarocmas and predicting metastasis outcome.
cinsarc,cinsarc|sarcoma|sts|metastasis,CEP55,55165,NA,cinsarc|,10.1038/nm.2174,Biomarker aimed at identifying high-risk soft-tissue sarocmas and predicting metastasis outcome.
cinsarc,cinsarc|sarcoma|sts|metastasis,CHEK1,1111,NA,cinsarc|,10.1038/nm.2174,Biomarker aimed at identifying high-risk soft-tissue sarocmas and predicting metastasis outcome.
cinsarc,cinsarc|sarcoma|sts|metastasis,CKAP5,9793,NA,cinsarc|,10.1038/nm.2174,Biomarker aimed at identifying high-risk soft-tissue sarocmas and predicting metastasis outcome.
cinsarc,cinsarc|sarcoma|sts|metastasis,CKS2,1164,NA,cinsarc|,10.1038/nm.2174,Biomarker aimed at identifying high-risk soft-tissue sarocmas and predicting metastasis outcome.
cinsarc,cinsarc|sarcoma|sts|metastasis,ECT2,1894,NA,cinsarc|,10.1038/nm.2174,Biomarker aimed at identifying high-risk soft-tissue sarocmas and predicting metastasis outcome.
cinsarc,cinsarc|sarcoma|sts|metastasis,ESPL1,9700,NA,cinsarc|,10.1038/nm.2174,Biomarker aimed at identifying high-risk soft-tissue sarocmas and predicting metastasis outcome.
cinsarc,cinsarc|sarcoma|sts|metastasis,FANCI,55215,NA,cinsarc|,10.1038/nm.2174,Biomarker aimed at identifying high-risk soft-tissue sarocmas and predicting metastasis outcome.
cinsarc,cinsarc|sarcoma|sts|metastasis,FBXO5,26271,NA,cinsarc|,10.1038/nm.2174,Biomarker aimed at identifying high-risk soft-tissue sarocmas and predicting metastasis outcome.
cinsarc,cinsarc|sarcoma|sts|metastasis,FOXM1,2305,NA,cinsarc|,10.1038/nm.2174,Biomarker aimed at identifying high-risk soft-tissue sarocmas and predicting metastasis outcome.
cinsarc,cinsarc|sarcoma|sts|metastasis,H2AX,3014,NA,cinsarc|,10.1038/nm.2174,Biomarker aimed at identifying high-risk soft-tissue sarocmas and predicting metastasis outcome.
cinsarc,cinsarc|sarcoma|sts|metastasis,HP1BP3,50809,NA,cinsarc|,10.1038/nm.2174,Biomarker aimed at identifying high-risk soft-tissue sarocmas and predicting metastasis outcome.
cinsarc,cinsarc|sarcoma|sts|metastasis,KIF11,3832,NA,cinsarc|,10.1038/nm.2174,Biomarker aimed at identifying high-risk soft-tissue sarocmas and predicting metastasis outcome.
cinsarc,cinsarc|sarcoma|sts|metastasis,KIF14,9928,NA,cinsarc|,10.1038/nm.2174,Biomarker aimed at identifying high-risk soft-tissue sarocmas and predicting metastasis outcome.
cinsarc,cinsarc|sarcoma|sts|metastasis,KIF15,56992,NA,cinsarc|,10.1038/nm.2174,Biomarker aimed at identifying high-risk soft-tissue sarocmas and predicting metastasis outcome.
cinsarc,cinsarc|sarcoma|sts|metastasis,KIF18A,81930,NA,cinsarc|,10.1038/nm.2174,Biomarker aimed at identifying high-risk soft-tissue sarocmas and predicting metastasis outcome.
cinsarc,cinsarc|sarcoma|sts|metastasis,KIF20A,10112,NA,cinsarc|,10.1038/nm.2174,Biomarker aimed at identifying high-risk soft-tissue sarocmas and predicting metastasis outcome.
cinsarc,cinsarc|sarcoma|sts|metastasis,KIF23,9493,NA,cinsarc|,10.1038/nm.2174,Biomarker aimed at identifying high-risk soft-tissue sarocmas and predicting metastasis outcome.
cinsarc,cinsarc|sarcoma|sts|metastasis,KIF2C,11004,NA,cinsarc|,10.1038/nm.2174,Biomarker aimed at identifying high-risk soft-tissue sarocmas and predicting metastasis outcome.
cinsarc,cinsarc|sarcoma|sts|metastasis,KIF4A,24137,NA,cinsarc|,10.1038/nm.2174,Biomarker aimed at identifying high-risk soft-tissue sarocmas and predicting metastasis outcome.
cinsarc,cinsarc|sarcoma|sts|metastasis,MAD2L1,4085,NA,cinsarc|,10.1038/nm.2174,Biomarker aimed at identifying high-risk soft-tissue sarocmas and predicting metastasis outcome.
cinsarc,cinsarc|sarcoma|sts|metastasis,MCM2,4171,NA,cinsarc|,10.1038/nm.2174,Biomarker aimed at identifying high-risk soft-tissue sarocmas and predicting metastasis outcome.
cinsarc,cinsarc|sarcoma|sts|metastasis,MCM7,4176,NA,cinsarc|,10.1038/nm.2174,Biomarker aimed at identifying high-risk soft-tissue sarocmas and predicting metastasis outcome.
cinsarc,cinsarc|sarcoma|sts|metastasis,MELK,9833,NA,cinsarc|,10.1038/nm.2174,Biomarker aimed at identifying high-risk soft-tissue sarocmas and predicting metastasis outcome.
cinsarc,cinsarc|sarcoma|sts|metastasis,NCAPH,23397,NA,cinsarc|,10.1038/nm.2174,Biomarker aimed at identifying high-risk soft-tissue sarocmas and predicting metastasis outcome.
cinsarc,cinsarc|sarcoma|sts|metastasis,NDE1,54820,NA,cinsarc|,10.1038/nm.2174,Biomarker aimed at identifying high-risk soft-tissue sarocmas and predicting metastasis outcome.
cinsarc,cinsarc|sarcoma|sts|metastasis,NEK2,4751,NA,cinsarc|,10.1038/nm.2174,Biomarker aimed at identifying high-risk soft-tissue sarocmas and predicting metastasis outcome.
cinsarc,cinsarc|sarcoma|sts|metastasis,NUF2,83540,NA,cinsarc|,10.1038/nm.2174,Biomarker aimed at identifying high-risk soft-tissue sarocmas and predicting metastasis outcome.
cinsarc,cinsarc|sarcoma|sts|metastasis,OIP5,11339,NA,cinsarc|,10.1038/nm.2174,Biomarker aimed at identifying high-risk soft-tissue sarocmas and predicting metastasis outcome.
cinsarc,cinsarc|sarcoma|sts|metastasis,PBK,55872,NA,cinsarc|,10.1038/nm.2174,Biomarker aimed at identifying high-risk soft-tissue sarocmas and predicting metastasis outcome.
cinsarc,cinsarc|sarcoma|sts|metastasis,PLK4,10733,NA,cinsarc|,10.1038/nm.2174,Biomarker aimed at identifying high-risk soft-tissue sarocmas and predicting metastasis outcome.
cinsarc,cinsarc|sarcoma|sts|metastasis,PRC1,9055,NA,cinsarc|,10.1038/nm.2174,Biomarker aimed at identifying high-risk soft-tissue sarocmas and predicting metastasis outcome.
cinsarc,cinsarc|sarcoma|sts|metastasis,PTTG1,9232,NA,cinsarc|,10.1038/nm.2174,Biomarker aimed at identifying high-risk soft-tissue sarocmas and predicting metastasis outcome.
cinsarc,cinsarc|sarcoma|sts|metastasis,RAD51AP1,10635,NA,cinsarc|,10.1038/nm.2174,Biomarker aimed at identifying high-risk soft-tissue sarocmas and predicting metastasis outcome.
cinsarc,cinsarc|sarcoma|sts|metastasis,RNASEH2A,10535,NA,cinsarc|,10.1038/nm.2174,Biomarker aimed at identifying high-risk soft-tissue sarocmas and predicting metastasis outcome.
cinsarc,cinsarc|sarcoma|sts|metastasis,RRM2,6241,NA,cinsarc|,10.1038/nm.2174,Biomarker aimed at identifying high-risk soft-tissue sarocmas and predicting metastasis outcome.
cinsarc,cinsarc|sarcoma|sts|metastasis,SGO2,151246,NA,cinsarc|,10.1038/nm.2174,Biomarker aimed at identifying high-risk soft-tissue sarocmas and predicting metastasis outcome.
cinsarc,cinsarc|sarcoma|sts|metastasis,SMC2,10592,NA,cinsarc|,10.1038/nm.2174,Biomarker aimed at identifying high-risk soft-tissue sarocmas and predicting metastasis outcome.
cinsarc,cinsarc|sarcoma|sts|metastasis,SPAG5,10615,NA,cinsarc|,10.1038/nm.2174,Biomarker aimed at identifying high-risk soft-tissue sarocmas and predicting metastasis outcome.
cinsarc,cinsarc|sarcoma|sts|metastasis,SPC25,57405,NA,cinsarc|,10.1038/nm.2174,Biomarker aimed at identifying high-risk soft-tissue sarocmas and predicting metastasis outcome.
cinsarc,cinsarc|sarcoma|sts|metastasis,TOP2A,7153,NA,cinsarc|,10.1038/nm.2174,Biomarker aimed at identifying high-risk soft-tissue sarocmas and predicting metastasis outcome.
cinsarc,cinsarc|sarcoma|sts|metastasis,TPX2,22974,NA,cinsarc|,10.1038/nm.2174,Biomarker aimed at identifying high-risk soft-tissue sarocmas and predicting metastasis outcome.
cinsarc,cinsarc|sarcoma|sts|metastasis,TRIP13,9319,NA,cinsarc|,10.1038/nm.2174,Biomarker aimed at identifying high-risk soft-tissue sarocmas and predicting metastasis outcome.
cinsarc,cinsarc|sarcoma|sts|metastasis,TTK,7272,NA,cinsarc|,10.1038/nm.2174,Biomarker aimed at identifying high-risk soft-tissue sarocmas and predicting metastasis outcome.
cinsarc,cinsarc|sarcoma|sts|metastasis,UBE2C,11065,NA,cinsarc|,10.1038/nm.2174,Biomarker aimed at identifying high-risk soft-tissue sarocmas and predicting metastasis outcome.
cinsarc,cinsarc|sarcoma|sts|metastasis,ZWINT,11130,NA,cinsarc|,10.1038/nm.2174,Biomarker aimed at identifying high-risk soft-tissue sarocmas and predicting metastasis outcome.
rooney2015_cyt,rooney2015_cyt |immune|cytolitic activity,GZMA,3001,NA,mean|median,10.1016/j.cell.2014.12.033,Genes giving a measure of immune cytolytic activity in tumors.
rooney2015_cyt,rooney2015_cyt |immune|cytolitic activity,PRF1,5551,NA,mean|median,10.1016/j.cell.2014.12.033,Genes giving a measure of immune cytolytic activity in tumors.
she2020_irgs,she2020_irgs|immune,RFXAP,5994,0.07300000000000002,weighted_sum|0.106,10.1186/s12935-020-1104-7,Prognostic signature of immune-related genes for HNSCC.
she2020_irgs,she2020_irgs|immune,ULBP1,80329,0.007,weighted_sum|0.106,10.1186/s12935-020-1104-7,Prognostic signature of immune-related genes for HNSCC.
she2020_irgs,she2020_irgs|immune,TMSB4Y,9087,-0.117,weighted_sum|0.106,10.1186/s12935-020-1104-7,Prognostic signature of immune-related genes for HNSCC.
she2020_irgs,she2020_irgs|immune,RBP4,5950,0.067,weighted_sum|0.106,10.1186/s12935-020-1104-7,Prognostic signature of immune-related genes for HNSCC.
she2020_irgs,she2020_irgs|immune,LCNL1,401562,-0.056,weighted_sum|0.106,10.1186/s12935-020-1104-7,Prognostic signature of immune-related genes for HNSCC.
she2020_irgs,she2020_irgs|immune,CCR6,1235,-0.009,weighted_sum|0.106,10.1186/s12935-020-1104-7,Prognostic signature of immune-related genes for HNSCC.
she2020_irgs,she2020_irgs|immune,KLRK1,22914,-0.093,weighted_sum|0.106,10.1186/s12935-020-1104-7,Prognostic signature of immune-related genes for HNSCC.
she2020_irgs,she2020_irgs|immune,PTX3,5806,0.037,weighted_sum|0.106,10.1186/s12935-020-1104-7,Prognostic signature of immune-related genes for HNSCC.
she2020_irgs,she2020_irgs|immune,MASP1,5648,-0.203,weighted_sum|0.106,10.1186/s12935-020-1104-7,Prognostic signature of immune-related genes for HNSCC.
she2020_irgs,she2020_irgs|immune,HRG,3273,0.043000000000000003,weighted_sum|0.106,10.1186/s12935-020-1104-7,Prognostic signature of immune-related genes for HNSCC.
she2020_irgs,she2020_irgs|immune,CCL22,6367,-0.061,weighted_sum|0.106,10.1186/s12935-020-1104-7,Prognostic signature of immune-related genes for HNSCC.
she2020_irgs,she2020_irgs|immune,OLR1,4973,0.04,weighted_sum|0.106,10.1186/s12935-020-1104-7,Prognostic signature of immune-related genes for HNSCC.
she2020_irgs,she2020_irgs|immune,ROBO1,6091,-0.02600000000000005,weighted_sum|0.106,10.1186/s12935-020-1104-7,Prognostic signature of immune-related genes for HNSCC.
she2020_irgs,she2020_irgs|immune,BTC,685,0.1460000000000002,weighted_sum|0.106,10.1186/s12935-020-1104-7,Prognostic signature of immune-related genes for HNSCC.
she2020_irgs,she2020_irgs|immune,CHGB,1114,0.113,weighted_sum|0.106,10.1186/s12935-020-1104-7,Prognostic signature of immune-related genes for HNSCC.
she2020_irgs,she2020_irgs|immune,DKK1,22943,0.088,weighted_sum|0.106,10.1186/s12935-020-1104-7,Prognostic signature of immune-related genes for HNSCC.
she2020_irgs,she2020_irgs|immune,HBEGF,1839,0.109,weighted_sum|0.106,10.1186/s12935-020-1104-7,Prognostic signature of immune-related genes for HNSCC.
she2020_irgs,she2020_irgs|immune,INHBB,3625,0.009,weighted_sum|0.106,10.1186/s12935-020-1104-7,Prognostic signature of immune-related genes for HNSCC.
she2020_irgs,she2020_irgs|immune,PDGFA,5154,0.037,weighted_sum|0.106,10.1186/s12935-020-1104-7,Prognostic signature of immune-related genes for HNSCC.
she2020_irgs,she2020_irgs|immune,AVPR2,554,-0.043000000000000003,weighted_sum|0.106,10.1186/s12935-020-1104-7,Prognostic signature of immune-related genes for HNSCC.
she2020_irgs,she2020_irgs|immune,IL20RA,53832,-0.067,weighted_sum|0.106,10.1186/s12935-020-1104-7,Prognostic signature of immune-related genes for HNSCC.
she2020_irgs,she2020_irgs|immune,RORB,6096,-0.01,weighted_sum|0.106,10.1186/s12935-020-1104-7,Prognostic signature of immune-related genes for HNSCC.
she2020_irgs,she2020_irgs|immune,TNFRSF18,8784,-0.07100000000000002,weighted_sum|0.106,10.1186/s12935-020-1104-7,Prognostic signature of immune-related genes for HNSCC.
she2020_irgs,she2020_irgs|immune,TNFRSF25,8718,-0.05100000000000001,weighted_sum|0.106,10.1186/s12935-020-1104-7,Prognostic signature of immune-related genes for HNSCC.
she2020_irgs,she2020_irgs|immune,TNFRSF4,7293,-0.05400000000000001,weighted_sum|0.106,10.1186/s12935-020-1104-7,Prognostic signature of immune-related genes for HNSCC.
she2020_irgs,she2020_irgs|immune,SH3BP2,6452,-0.004,weighted_sum|0.106,10.1186/s12935-020-1104-7,Prognostic signature of immune-related genes for HNSCC.
she2020_irgs,she2020_irgs|immune,ICOS,29851,-0.017,weighted_sum|0.106,10.1186/s12935-020-1104-7,Prognostic signature of immune-related genes for HNSCC.
estimate_stromal,estimate|stromal,DCN,1634,NA,estimate|,10.1038/ncomms3612,Stroma-related genes used in the Estimation of STromal and Immune cells in MAlignant Tumours using Expression data (ESTIMATE) method.
estimate_stromal,estimate|stromal,PAPPA,5069,NA,estimate|,10.1038/ncomms3612,Stroma-related genes used in the Estimation of STromal and Immune cells in MAlignant Tumours using Expression data (ESTIMATE) method.
estimate_stromal,estimate|stromal,SFRP4,6424,NA,estimate|,10.1038/ncomms3612,Stroma-related genes used in the Estimation of STromal and Immune cells in MAlignant Tumours using Expression data (ESTIMATE) method.
estimate_stromal,estimate|stromal,THBS2,7058,NA,estimate|,10.1038/ncomms3612,Stroma-related genes used in the Estimation of STromal and Immune cells in MAlignant Tumours using Expression data (ESTIMATE) method.
estimate_stromal,estimate|stromal,LY86,9450,NA,estimate|,10.1038/ncomms3612,Stroma-related genes used in the Estimation of STromal and Immune cells in MAlignant Tumours using Expression data (ESTIMATE) method.
estimate_stromal,estimate|stromal,CXCL14,9547,NA,estimate|,10.1038/ncomms3612,Stroma-related genes used in the Estimation of STromal and Immune cells in MAlignant Tumours using Expression data (ESTIMATE) method.
estimate_stromal,estimate|stromal,FOXF1,2294,NA,estimate|,10.1038/ncomms3612,Stroma-related genes used in the Estimation of STromal and Immune cells in MAlignant Tumours using Expression data (ESTIMATE) method.
estimate_stromal,estimate|stromal,COL10A1,1300,NA,estimate|,10.1038/ncomms3612,Stroma-related genes used in the Estimation of STromal and Immune cells in MAlignant Tumours using Expression data (ESTIMATE) method.
estimate_stromal,estimate|stromal,ACTG2,72,NA,estimate|,10.1038/ncomms3612,Stroma-related genes used in the Estimation of STromal and Immune cells in MAlignant Tumours using Expression data (ESTIMATE) method.
estimate_stromal,estimate|stromal,APBB1IP,54518,NA,estimate|,10.1038/ncomms3612,Stroma-related genes used in the Estimation of STromal and Immune cells in MAlignant Tumours using Expression data (ESTIMATE) method.
estimate_stromal,estimate|stromal,SH2D1A,4068,NA,estimate|,10.1038/ncomms3612,Stroma-related genes used in the Estimation of STromal and Immune cells in MAlignant Tumours using Expression data (ESTIMATE) method.
estimate_stromal,estimate|stromal,SULF1,23213,NA,estimate|,10.1038/ncomms3612,Stroma-related genes used in the Estimation of STromal and Immune cells in MAlignant Tumours using Expression data (ESTIMATE) method.
estimate_stromal,estimate|stromal,MSR1,4481,NA,estimate|,10.1038/ncomms3612,Stroma-related genes used in the Estimation of STromal and Immune cells in MAlignant Tumours using Expression data (ESTIMATE) method.
estimate_stromal,estimate|stromal,C3AR1,719,NA,estimate|,10.1038/ncomms3612,Stroma-related genes used in the Estimation of STromal and Immune cells in MAlignant Tumours using Expression data (ESTIMATE) method.
estimate_stromal,estimate|stromal,FAP,2191,NA,estimate|,10.1038/ncomms3612,Stroma-related genes used in the Estimation of STromal and Immune cells in MAlignant Tumours using Expression data (ESTIMATE) method.
estimate_stromal,estimate|stromal,PTGIS,5740,NA,estimate|,10.1038/ncomms3612,Stroma-related genes used in the Estimation of STromal and Immune cells in MAlignant Tumours using Expression data (ESTIMATE) method.
estimate_stromal,estimate|stromal,ITGBL1,9358,NA,estimate|,10.1038/ncomms3612,Stroma-related genes used in the Estimation of STromal and Immune cells in MAlignant Tumours using Expression data (ESTIMATE) method.
estimate_stromal,estimate|stromal,BGN,633,NA,estimate|,10.1038/ncomms3612,Stroma-related genes used in the Estimation of STromal and Immune cells in MAlignant Tumours using Expression data (ESTIMATE) method.
estimate_stromal,estimate|stromal,CXCL12,6387,NA,estimate|,10.1038/ncomms3612,Stroma-related genes used in the Estimation of STromal and Immune cells in MAlignant Tumours using Expression data (ESTIMATE) method.
estimate_stromal,estimate|stromal,ECM2,1842,NA,estimate|,10.1038/ncomms3612,Stroma-related genes used in the Estimation of STromal and Immune cells in MAlignant Tumours using Expression data (ESTIMATE) method.
estimate_stromal,estimate|stromal,FCGR2A,2212,NA,estimate|,10.1038/ncomms3612,Stroma-related genes used in the Estimation of STromal and Immune cells in MAlignant Tumours using Expression data (ESTIMATE) method.
estimate_stromal,estimate|stromal,MS4A4A,51338,NA,estimate|,10.1038/ncomms3612,Stroma-related genes used in the Estimation of STromal and Immune cells in MAlignant Tumours using Expression data (ESTIMATE) method.
estimate_stromal,estimate|stromal,CCN4,8840,NA,estimate|,10.1038/ncomms3612,Stroma-related genes used in the Estimation of STromal and Immune cells in MAlignant Tumours using Expression data (ESTIMATE) method.
estimate_stromal,estimate|stromal,COL1A2,1278,NA,estimate|,10.1038/ncomms3612,Stroma-related genes used in the Estimation of STromal and Immune cells in MAlignant Tumours using Expression data (ESTIMATE) method.
estimate_stromal,estimate|stromal,MS4A6A,64231,NA,estimate|,10.1038/ncomms3612,Stroma-related genes used in the Estimation of STromal and Immune cells in MAlignant Tumours using Expression data (ESTIMATE) method.
estimate_stromal,estimate|stromal,EDNRA,1909,NA,estimate|,10.1038/ncomms3612,Stroma-related genes used in the Estimation of STromal and Immune cells in MAlignant Tumours using Expression data (ESTIMATE) method.
estimate_stromal,estimate|stromal,VCAM1,7412,NA,estimate|,10.1038/ncomms3612,Stroma-related genes used in the Estimation of STromal and Immune cells in MAlignant Tumours using Expression data (ESTIMATE) method.
estimate_stromal,estimate|stromal,ADGRA2,25960,NA,estimate|,10.1038/ncomms3612,Stroma-related genes used in the Estimation of STromal and Immune cells in MAlignant Tumours using Expression data (ESTIMATE) method.
estimate_stromal,estimate|stromal,SCUBE2,57758,NA,estimate|,10.1038/ncomms3612,Stroma-related genes used in the Estimation of STromal and Immune cells in MAlignant Tumours using Expression data (ESTIMATE) method.
estimate_stromal,estimate|stromal,AIF1,199,NA,estimate|,10.1038/ncomms3612,Stroma-related genes used in the Estimation of STromal and Immune cells in MAlignant Tumours using Expression data (ESTIMATE) method.
estimate_stromal,estimate|stromal,HEPH,9843,NA,estimate|,10.1038/ncomms3612,Stroma-related genes used in the Estimation of STromal and Immune cells in MAlignant Tumours using Expression data (ESTIMATE) method.
estimate_stromal,estimate|stromal,LUM,4060,NA,estimate|,10.1038/ncomms3612,Stroma-related genes used in the Estimation of STromal and Immune cells in MAlignant Tumours using Expression data (ESTIMATE) method.
estimate_stromal,estimate|stromal,PTGER3,5733,NA,estimate|,10.1038/ncomms3612,Stroma-related genes used in the Estimation of STromal and Immune cells in MAlignant Tumours using Expression data (ESTIMATE) method.
estimate_stromal,estimate|stromal,RUNX1T1,862,NA,estimate|,10.1038/ncomms3612,Stroma-related genes used in the Estimation of STromal and Immune cells in MAlignant Tumours using Expression data (ESTIMATE) method.
estimate_stromal,estimate|stromal,CDH5,1003,NA,estimate|,10.1038/ncomms3612,Stroma-related genes used in the Estimation of STromal and Immune cells in MAlignant Tumours using Expression data (ESTIMATE) method.
estimate_stromal,estimate|stromal,PIK3R5,23533,NA,estimate|,10.1038/ncomms3612,Stroma-related genes used in the Estimation of STromal and Immune cells in MAlignant Tumours using Expression data (ESTIMATE) method.
estimate_stromal,estimate|stromal,RAMP3,10268,NA,estimate|,10.1038/ncomms3612,Stroma-related genes used in the Estimation of STromal and Immune cells in MAlignant Tumours using Expression data (ESTIMATE) method.
estimate_stromal,estimate|stromal,LDB2,9079,NA,estimate|,10.1038/ncomms3612,Stroma-related genes used in the Estimation of STromal and Immune cells in MAlignant Tumours using Expression data (ESTIMATE) method.
estimate_stromal,estimate|stromal,COX7A1,1346,NA,estimate|,10.1038/ncomms3612,Stroma-related genes used in the Estimation of STromal and Immune cells in MAlignant Tumours using Expression data (ESTIMATE) method.
estimate_stromal,estimate|stromal,EDIL3,10085,NA,estimate|,10.1038/ncomms3612,Stroma-related genes used in the Estimation of STromal and Immune cells in MAlignant Tumours using Expression data (ESTIMATE) method.
estimate_stromal,estimate|stromal,DDR2,4921,NA,estimate|,10.1038/ncomms3612,Stroma-related genes used in the Estimation of STromal and Immune cells in MAlignant Tumours using Expression data (ESTIMATE) method.
estimate_stromal,estimate|stromal,FCGR2B,2213,NA,estimate|,10.1038/ncomms3612,Stroma-related genes used in the Estimation of STromal and Immune cells in MAlignant Tumours using Expression data (ESTIMATE) method.
estimate_stromal,estimate|stromal,PLPPR4,9890,NA,estimate|,10.1038/ncomms3612,Stroma-related genes used in the Estimation of STromal and Immune cells in MAlignant Tumours using Expression data (ESTIMATE) method.
estimate_stromal,estimate|stromal,COL15A1,1306,NA,estimate|,10.1038/ncomms3612,Stroma-related genes used in the Estimation of STromal and Immune cells in MAlignant Tumours using Expression data (ESTIMATE) method.
estimate_stromal,estimate|stromal,AOC3,8639,NA,estimate|,10.1038/ncomms3612,Stroma-related genes used in the Estimation of STromal and Immune cells in MAlignant Tumours using Expression data (ESTIMATE) method.
estimate_stromal,estimate|stromal,ITIH3,3699,NA,estimate|,10.1038/ncomms3612,Stroma-related genes used in the Estimation of STromal and Immune cells in MAlignant Tumours using Expression data (ESTIMATE) method.
estimate_stromal,estimate|stromal,FMO1,2326,NA,estimate|,10.1038/ncomms3612,Stroma-related genes used in the Estimation of STromal and Immune cells in MAlignant Tumours using Expression data (ESTIMATE) method.
estimate_stromal,estimate|stromal,PRKG1,5592,NA,estimate|,10.1038/ncomms3612,Stroma-related genes used in the Estimation of STromal and Immune cells in MAlignant Tumours using Expression data (ESTIMATE) method.
estimate_stromal,estimate|stromal,PLXDC1,57125,NA,estimate|,10.1038/ncomms3612,Stroma-related genes used in the Estimation of STromal and Immune cells in MAlignant Tumours using Expression data (ESTIMATE) method.
estimate_stromal,estimate|stromal,VSIG4,11326,NA,estimate|,10.1038/ncomms3612,Stroma-related genes used in the Estimation of STromal and Immune cells in MAlignant Tumours using Expression data (ESTIMATE) method.
estimate_stromal,estimate|stromal,COL6A3,1293,NA,estimate|,10.1038/ncomms3612,Stroma-related genes used in the Estimation of STromal and Immune cells in MAlignant Tumours using Expression data (ESTIMATE) method.
estimate_stromal,estimate|stromal,SGCD,6444,NA,estimate|,10.1038/ncomms3612,Stroma-related genes used in the Estimation of STromal and Immune cells in MAlignant Tumours using Expression data (ESTIMATE) method.
estimate_stromal,estimate|stromal,COL3A1,1281,NA,estimate|,10.1038/ncomms3612,Stroma-related genes used in the Estimation of STromal and Immune cells in MAlignant Tumours using Expression data (ESTIMATE) method.
estimate_stromal,estimate|stromal,F13A1,2162,NA,estimate|,10.1038/ncomms3612,Stroma-related genes used in the Estimation of STromal and Immune cells in MAlignant Tumours using Expression data (ESTIMATE) method.
estimate_stromal,estimate|stromal,OLFML1,283298,NA,estimate|,10.1038/ncomms3612,Stroma-related genes used in the Estimation of STromal and Immune cells in MAlignant Tumours using Expression data (ESTIMATE) method.
estimate_stromal,estimate|stromal,IGSF6,10261,NA,estimate|,10.1038/ncomms3612,Stroma-related genes used in the Estimation of STromal and Immune cells in MAlignant Tumours using Expression data (ESTIMATE) method.
estimate_stromal,estimate|stromal,COMP,1311,NA,estimate|,10.1038/ncomms3612,Stroma-related genes used in the Estimation of STromal and Immune cells in MAlignant Tumours using Expression data (ESTIMATE) method.
estimate_stromal,estimate|stromal,HGF,3082,NA,estimate|,10.1038/ncomms3612,Stroma-related genes used in the Estimation of STromal and Immune cells in MAlignant Tumours using Expression data (ESTIMATE) method.
estimate_stromal,estimate|stromal,GIMAP5,55340,NA,estimate|,10.1038/ncomms3612,Stroma-related genes used in the Estimation of STromal and Immune cells in MAlignant Tumours using Expression data (ESTIMATE) method.
estimate_stromal,estimate|stromal,ABCA6,23460,NA,estimate|,10.1038/ncomms3612,Stroma-related genes used in the Estimation of STromal and Immune cells in MAlignant Tumours using Expression data (ESTIMATE) method.
estimate_stromal,estimate|stromal,ITGAM,3684,NA,estimate|,10.1038/ncomms3612,Stroma-related genes used in the Estimation of STromal and Immune cells in MAlignant Tumours using Expression data (ESTIMATE) method.
estimate_stromal,estimate|stromal,MAF,4094,NA,estimate|,10.1038/ncomms3612,Stroma-related genes used in the Estimation of STromal and Immune cells in MAlignant Tumours using Expression data (ESTIMATE) method.
estimate_stromal,estimate|stromal,ITM2A,9452,NA,estimate|,10.1038/ncomms3612,Stroma-related genes used in the Estimation of STromal and Immune cells in MAlignant Tumours using Expression data (ESTIMATE) method.
estimate_stromal,estimate|stromal,CLEC7A,64581,NA,estimate|,10.1038/ncomms3612,Stroma-related genes used in the Estimation of STromal and Immune cells in MAlignant Tumours using Expression data (ESTIMATE) method.
estimate_stromal,estimate|stromal,ASPN,54829,NA,estimate|,10.1038/ncomms3612,Stroma-related genes used in the Estimation of STromal and Immune cells in MAlignant Tumours using Expression data (ESTIMATE) method.
estimate_stromal,estimate|stromal,LRRC15,131578,NA,estimate|,10.1038/ncomms3612,Stroma-related genes used in the Estimation of STromal and Immune cells in MAlignant Tumours using Expression data (ESTIMATE) method.
estimate_stromal,estimate|stromal,ERG,2078,NA,estimate|,10.1038/ncomms3612,Stroma-related genes used in the Estimation of STromal and Immune cells in MAlignant Tumours using Expression data (ESTIMATE) method.
estimate_stromal,estimate|stromal,CD86,942,NA,estimate|,10.1038/ncomms3612,Stroma-related genes used in the Estimation of STromal and Immune cells in MAlignant Tumours using Expression data (ESTIMATE) method.
estimate_stromal,estimate|stromal,TRAT1,50852,NA,estimate|,10.1038/ncomms3612,Stroma-related genes used in the Estimation of STromal and Immune cells in MAlignant Tumours using Expression data (ESTIMATE) method.
estimate_stromal,estimate|stromal,COL8A2,1296,NA,estimate|,10.1038/ncomms3612,Stroma-related genes used in the Estimation of STromal and Immune cells in MAlignant Tumours using Expression data (ESTIMATE) method.
estimate_stromal,estimate|stromal,TCF21,6943,NA,estimate|,10.1038/ncomms3612,Stroma-related genes used in the Estimation of STromal and Immune cells in MAlignant Tumours using Expression data (ESTIMATE) method.
estimate_stromal,estimate|stromal,CD93,22918,NA,estimate|,10.1038/ncomms3612,Stroma-related genes used in the Estimation of STromal and Immune cells in MAlignant Tumours using Expression data (ESTIMATE) method.
estimate_stromal,estimate|stromal,CD163,9332,NA,estimate|,10.1038/ncomms3612,Stroma-related genes used in the Estimation of STromal and Immune cells in MAlignant Tumours using Expression data (ESTIMATE) method.
estimate_stromal,estimate|stromal,GREM1,26585,NA,estimate|,10.1038/ncomms3612,Stroma-related genes used in the Estimation of STromal and Immune cells in MAlignant Tumours using Expression data (ESTIMATE) method.
estimate_stromal,estimate|stromal,LMOD1,25802,NA,estimate|,10.1038/ncomms3612,Stroma-related genes used in the Estimation of STromal and Immune cells in MAlignant Tumours using Expression data (ESTIMATE) method.
estimate_stromal,estimate|stromal,TLR2,7097,NA,estimate|,10.1038/ncomms3612,Stroma-related genes used in the Estimation of STromal and Immune cells in MAlignant Tumours using Expression data (ESTIMATE) method.
estimate_stromal,estimate|stromal,ZEB2,9839,NA,estimate|,10.1038/ncomms3612,Stroma-related genes used in the Estimation of STromal and Immune cells in MAlignant Tumours using Expression data (ESTIMATE) method.
estimate_stromal,estimate|stromal,C1QB,713,NA,estimate|,10.1038/ncomms3612,Stroma-related genes used in the Estimation of STromal and Immune cells in MAlignant Tumours using Expression data (ESTIMATE) method.
estimate_stromal,estimate|stromal,KCNJ8,3764,NA,estimate|,10.1038/ncomms3612,Stroma-related genes used in the Estimation of STromal and Immune cells in MAlignant Tumours using Expression data (ESTIMATE) method.
estimate_stromal,estimate|stromal,KDR,3791,NA,estimate|,10.1038/ncomms3612,Stroma-related genes used in the Estimation of STromal and Immune cells in MAlignant Tumours using Expression data (ESTIMATE) method.
estimate_stromal,estimate|stromal,CD33,945,NA,estimate|,10.1038/ncomms3612,Stroma-related genes used in the Estimation of STromal and Immune cells in MAlignant Tumours using Expression data (ESTIMATE) method.
estimate_stromal,estimate|stromal,RASGRP3,25780,NA,estimate|,10.1038/ncomms3612,Stroma-related genes used in the Estimation of STromal and Immune cells in MAlignant Tumours using Expression data (ESTIMATE) method.
estimate_stromal,estimate|stromal,TNFSF4,7292,NA,estimate|,10.1038/ncomms3612,Stroma-related genes used in the Estimation of STromal and Immune cells in MAlignant Tumours using Expression data (ESTIMATE) method.
estimate_stromal,estimate|stromal,CCR1,1230,NA,estimate|,10.1038/ncomms3612,Stroma-related genes used in the Estimation of STromal and Immune cells in MAlignant Tumours using Expression data (ESTIMATE) method.
estimate_stromal,estimate|stromal,CSF1R,1436,NA,estimate|,10.1038/ncomms3612,Stroma-related genes used in the Estimation of STromal and Immune cells in MAlignant Tumours using Expression data (ESTIMATE) method.
estimate_stromal,estimate|stromal,BTK,695,NA,estimate|,10.1038/ncomms3612,Stroma-related genes used in the Estimation of STromal and Immune cells in MAlignant Tumours using Expression data (ESTIMATE) method.
estimate_stromal,estimate|stromal,MFAP5,8076,NA,estimate|,10.1038/ncomms3612,Stroma-related genes used in the Estimation of STromal and Immune cells in MAlignant Tumours using Expression data (ESTIMATE) method.
estimate_stromal,estimate|stromal,MXRA5,25878,NA,estimate|,10.1038/ncomms3612,Stroma-related genes used in the Estimation of STromal and Immune cells in MAlignant Tumours using Expression data (ESTIMATE) method.
estimate_stromal,estimate|stromal,ISLR,3671,NA,estimate|,10.1038/ncomms3612,Stroma-related genes used in the Estimation of STromal and Immune cells in MAlignant Tumours using Expression data (ESTIMATE) method.
estimate_stromal,estimate|stromal,ARHGAP28,79822,NA,estimate|,10.1038/ncomms3612,Stroma-related genes used in the Estimation of STromal and Immune cells in MAlignant Tumours using Expression data (ESTIMATE) method.
estimate_stromal,estimate|stromal,ZFPM2,23414,NA,estimate|,10.1038/ncomms3612,Stroma-related genes used in the Estimation of STromal and Immune cells in MAlignant Tumours using Expression data (ESTIMATE) method.
estimate_stromal,estimate|stromal,TLR7,51284,NA,estimate|,10.1038/ncomms3612,Stroma-related genes used in the Estimation of STromal and Immune cells in MAlignant Tumours using Expression data (ESTIMATE) method.
estimate_stromal,estimate|stromal,ADAM12,8038,NA,estimate|,10.1038/ncomms3612,Stroma-related genes used in the Estimation of STromal and Immune cells in MAlignant Tumours using Expression data (ESTIMATE) method.
estimate_stromal,estimate|stromal,OLFML2B,25903,NA,estimate|,10.1038/ncomms3612,Stroma-related genes used in the Estimation of STromal and Immune cells in MAlignant Tumours using Expression data (ESTIMATE) method.
estimate_stromal,estimate|stromal,ENPP2,5168,NA,estimate|,10.1038/ncomms3612,Stroma-related genes used in the Estimation of STromal and Immune cells in MAlignant Tumours using Expression data (ESTIMATE) method.
estimate_stromal,estimate|stromal,CILP,8483,NA,estimate|,10.1038/ncomms3612,Stroma-related genes used in the Estimation of STromal and Immune cells in MAlignant Tumours using Expression data (ESTIMATE) method.
estimate_stromal,estimate|stromal,SIGLEC1,6614,NA,estimate|,10.1038/ncomms3612,Stroma-related genes used in the Estimation of STromal and Immune cells in MAlignant Tumours using Expression data (ESTIMATE) method.
estimate_stromal,estimate|stromal,SPON2,10417,NA,estimate|,10.1038/ncomms3612,Stroma-related genes used in the Estimation of STromal and Immune cells in MAlignant Tumours using Expression data (ESTIMATE) method.
estimate_stromal,estimate|stromal,PLXNC1,10154,NA,estimate|,10.1038/ncomms3612,Stroma-related genes used in the Estimation of STromal and Immune cells in MAlignant Tumours using Expression data (ESTIMATE) method.
estimate_stromal,estimate|stromal,ADAMTS5,11096,NA,estimate|,10.1038/ncomms3612,Stroma-related genes used in the Estimation of STromal and Immune cells in MAlignant Tumours using Expression data (ESTIMATE) method.
estimate_stromal,estimate|stromal,SAMSN1,64092,NA,estimate|,10.1038/ncomms3612,Stroma-related genes used in the Estimation of STromal and Immune cells in MAlignant Tumours using Expression data (ESTIMATE) method.
estimate_stromal,estimate|stromal,CH25H,9023,NA,estimate|,10.1038/ncomms3612,Stroma-related genes used in the Estimation of STromal and Immune cells in MAlignant Tumours using Expression data (ESTIMATE) method.
estimate_stromal,estimate|stromal,COL14A1,7373,NA,estimate|,10.1038/ncomms3612,Stroma-related genes used in the Estimation of STromal and Immune cells in MAlignant Tumours using Expression data (ESTIMATE) method.
estimate_stromal,estimate|stromal,EMCN,51705,NA,estimate|,10.1038/ncomms3612,Stroma-related genes used in the Estimation of STromal and Immune cells in MAlignant Tumours using Expression data (ESTIMATE) method.
estimate_stromal,estimate|stromal,RGS4,5999,NA,estimate|,10.1038/ncomms3612,Stroma-related genes used in the Estimation of STromal and Immune cells in MAlignant Tumours using Expression data (ESTIMATE) method.
estimate_stromal,estimate|stromal,PCDH12,51294,NA,estimate|,10.1038/ncomms3612,Stroma-related genes used in the Estimation of STromal and Immune cells in MAlignant Tumours using Expression data (ESTIMATE) method.
estimate_stromal,estimate|stromal,RARRES2,5919,NA,estimate|,10.1038/ncomms3612,Stroma-related genes used in the Estimation of STromal and Immune cells in MAlignant Tumours using Expression data (ESTIMATE) method.
estimate_stromal,estimate|stromal,CD248,57124,NA,estimate|,10.1038/ncomms3612,Stroma-related genes used in the Estimation of STromal and Immune cells in MAlignant Tumours using Expression data (ESTIMATE) method.
estimate_stromal,estimate|stromal,PDGFRB,5159,NA,estimate|,10.1038/ncomms3612,Stroma-related genes used in the Estimation of STromal and Immune cells in MAlignant Tumours using Expression data (ESTIMATE) method.
estimate_stromal,estimate|stromal,C1QA,712,NA,estimate|,10.1038/ncomms3612,Stroma-related genes used in the Estimation of STromal and Immune cells in MAlignant Tumours using Expression data (ESTIMATE) method.
estimate_stromal,estimate|stromal,COL5A3,50509,NA,estimate|,10.1038/ncomms3612,Stroma-related genes used in the Estimation of STromal and Immune cells in MAlignant Tumours using Expression data (ESTIMATE) method.
estimate_stromal,estimate|stromal,IGF1,3479,NA,estimate|,10.1038/ncomms3612,Stroma-related genes used in the Estimation of STromal and Immune cells in MAlignant Tumours using Expression data (ESTIMATE) method.
estimate_stromal,estimate|stromal,SP140,11262,NA,estimate|,10.1038/ncomms3612,Stroma-related genes used in the Estimation of STromal and Immune cells in MAlignant Tumours using Expression data (ESTIMATE) method.
estimate_stromal,estimate|stromal,TFEC,22797,NA,estimate|,10.1038/ncomms3612,Stroma-related genes used in the Estimation of STromal and Immune cells in MAlignant Tumours using Expression data (ESTIMATE) method.
estimate_stromal,estimate|stromal,TNN,63923,NA,estimate|,10.1038/ncomms3612,Stroma-related genes used in the Estimation of STromal and Immune cells in MAlignant Tumours using Expression data (ESTIMATE) method.
estimate_stromal,estimate|stromal,ATP8B4,79895,NA,estimate|,10.1038/ncomms3612,Stroma-related genes used in the Estimation of STromal and Immune cells in MAlignant Tumours using Expression data (ESTIMATE) method.
estimate_stromal,estimate|stromal,ZNF423,23090,NA,estimate|,10.1038/ncomms3612,Stroma-related genes used in the Estimation of STromal and Immune cells in MAlignant Tumours using Expression data (ESTIMATE) method.
estimate_stromal,estimate|stromal,FRZB,2487,NA,estimate|,10.1038/ncomms3612,Stroma-related genes used in the Estimation of STromal and Immune cells in MAlignant Tumours using Expression data (ESTIMATE) method.
estimate_stromal,estimate|stromal,SERPING1,710,NA,estimate|,10.1038/ncomms3612,Stroma-related genes used in the Estimation of STromal and Immune cells in MAlignant Tumours using Expression data (ESTIMATE) method.
estimate_stromal,estimate|stromal,ENPEP,2028,NA,estimate|,10.1038/ncomms3612,Stroma-related genes used in the Estimation of STromal and Immune cells in MAlignant Tumours using Expression data (ESTIMATE) method.
estimate_stromal,estimate|stromal,CD14,929,NA,estimate|,10.1038/ncomms3612,Stroma-related genes used in the Estimation of STromal and Immune cells in MAlignant Tumours using Expression data (ESTIMATE) method.
estimate_stromal,estimate|stromal,DIO2,1734,NA,estimate|,10.1038/ncomms3612,Stroma-related genes used in the Estimation of STromal and Immune cells in MAlignant Tumours using Expression data (ESTIMATE) method.
estimate_stromal,estimate|stromal,FPR1,2357,NA,estimate|,10.1038/ncomms3612,Stroma-related genes used in the Estimation of STromal and Immune cells in MAlignant Tumours using Expression data (ESTIMATE) method.
estimate_stromal,estimate|stromal,IL18R1,8809,NA,estimate|,10.1038/ncomms3612,Stroma-related genes used in the Estimation of STromal and Immune cells in MAlignant Tumours using Expression data (ESTIMATE) method.
estimate_stromal,estimate|stromal,HDC,3067,NA,estimate|,10.1038/ncomms3612,Stroma-related genes used in the Estimation of STromal and Immune cells in MAlignant Tumours using Expression data (ESTIMATE) method.
estimate_stromal,estimate|stromal,NME8,51314,NA,estimate|,10.1038/ncomms3612,Stroma-related genes used in the Estimation of STromal and Immune cells in MAlignant Tumours using Expression data (ESTIMATE) method.
estimate_stromal,estimate|stromal,PDE2A,5138,NA,estimate|,10.1038/ncomms3612,Stroma-related genes used in the Estimation of STromal and Immune cells in MAlignant Tumours using Expression data (ESTIMATE) method.
estimate_stromal,estimate|stromal,RSAD2,91543,NA,estimate|,10.1038/ncomms3612,Stroma-related genes used in the Estimation of STromal and Immune cells in MAlignant Tumours using Expression data (ESTIMATE) method.
estimate_stromal,estimate|stromal,ITIH5,80760,NA,estimate|,10.1038/ncomms3612,Stroma-related genes used in the Estimation of STromal and Immune cells in MAlignant Tumours using Expression data (ESTIMATE) method.
estimate_stromal,estimate|stromal,FASLG,356,NA,estimate|,10.1038/ncomms3612,Stroma-related genes used in the Estimation of STromal and Immune cells in MAlignant Tumours using Expression data (ESTIMATE) method.
estimate_stromal,estimate|stromal,MMP3,4314,NA,estimate|,10.1038/ncomms3612,Stroma-related genes used in the Estimation of STromal and Immune cells in MAlignant Tumours using Expression data (ESTIMATE) method.
estimate_stromal,estimate|stromal,NOX4,50507,NA,estimate|,10.1038/ncomms3612,Stroma-related genes used in the Estimation of STromal and Immune cells in MAlignant Tumours using Expression data (ESTIMATE) method.
estimate_stromal,estimate|stromal,WNT2,7472,NA,estimate|,10.1038/ncomms3612,Stroma-related genes used in the Estimation of STromal and Immune cells in MAlignant Tumours using Expression data (ESTIMATE) method.
estimate_stromal,estimate|stromal,LRRC32,2615,NA,estimate|,10.1038/ncomms3612,Stroma-related genes used in the Estimation of STromal and Immune cells in MAlignant Tumours using Expression data (ESTIMATE) method.
estimate_stromal,estimate|stromal,CXCL9,4283,NA,estimate|,10.1038/ncomms3612,Stroma-related genes used in the Estimation of STromal and Immune cells in MAlignant Tumours using Expression data (ESTIMATE) method.
estimate_stromal,estimate|stromal,TENM4,26011,NA,estimate|,10.1038/ncomms3612,Stroma-related genes used in the Estimation of STromal and Immune cells in MAlignant Tumours using Expression data (ESTIMATE) method.
estimate_stromal,estimate|stromal,FBLN2,2199,NA,estimate|,10.1038/ncomms3612,Stroma-related genes used in the Estimation of STromal and Immune cells in MAlignant Tumours using Expression data (ESTIMATE) method.
estimate_stromal,estimate|stromal,EGFL6,25975,NA,estimate|,10.1038/ncomms3612,Stroma-related genes used in the Estimation of STromal and Immune cells in MAlignant Tumours using Expression data (ESTIMATE) method.
estimate_stromal,estimate|stromal,IL1B,3553,NA,estimate|,10.1038/ncomms3612,Stroma-related genes used in the Estimation of STromal and Immune cells in MAlignant Tumours using Expression data (ESTIMATE) method.
estimate_stromal,estimate|stromal,SPON1,10418,NA,estimate|,10.1038/ncomms3612,Stroma-related genes used in the Estimation of STromal and Immune cells in MAlignant Tumours using Expression data (ESTIMATE) method.
estimate_stromal,estimate|stromal,CD200,4345,NA,estimate|,10.1038/ncomms3612,Stroma-related genes used in the Estimation of STromal and Immune cells in MAlignant Tumours using Expression data (ESTIMATE) method.
estimate_immune,estimate|immune,LCP2,3937,NA,estimate|,10.1038/ncomms3612,Immune-related genes used in the Estimation of STromal and Immune cells in MAlignant Tumours using Expression data (ESTIMATE) method.
estimate_immune,estimate|immune,LSP1,4046,NA,estimate|,10.1038/ncomms3612,Immune-related genes used in the Estimation of STromal and Immune cells in MAlignant Tumours using Expression data (ESTIMATE) method.
estimate_immune,estimate|immune,FYB1,2533,NA,estimate|,10.1038/ncomms3612,Immune-related genes used in the Estimation of STromal and Immune cells in MAlignant Tumours using Expression data (ESTIMATE) method.
estimate_immune,estimate|immune,PLEK,5341,NA,estimate|,10.1038/ncomms3612,Immune-related genes used in the Estimation of STromal and Immune cells in MAlignant Tumours using Expression data (ESTIMATE) method.
estimate_immune,estimate|immune,HCK,3055,NA,estimate|,10.1038/ncomms3612,Immune-related genes used in the Estimation of STromal and Immune cells in MAlignant Tumours using Expression data (ESTIMATE) method.
estimate_immune,estimate|immune,IL10RA,3587,NA,estimate|,10.1038/ncomms3612,Immune-related genes used in the Estimation of STromal and Immune cells in MAlignant Tumours using Expression data (ESTIMATE) method.
estimate_immune,estimate|immune,LILRB1,10859,NA,estimate|,10.1038/ncomms3612,Immune-related genes used in the Estimation of STromal and Immune cells in MAlignant Tumours using Expression data (ESTIMATE) method.
estimate_immune,estimate|immune,NCKAP1L,3071,NA,estimate|,10.1038/ncomms3612,Immune-related genes used in the Estimation of STromal and Immune cells in MAlignant Tumours using Expression data (ESTIMATE) method.
estimate_immune,estimate|immune,LAIR1,3903,NA,estimate|,10.1038/ncomms3612,Immune-related genes used in the Estimation of STromal and Immune cells in MAlignant Tumours using Expression data (ESTIMATE) method.
estimate_immune,estimate|immune,NCF2,4688,NA,estimate|,10.1038/ncomms3612,Immune-related genes used in the Estimation of STromal and Immune cells in MAlignant Tumours using Expression data (ESTIMATE) method.
estimate_immune,estimate|immune,CYBB,1536,NA,estimate|,10.1038/ncomms3612,Immune-related genes used in the Estimation of STromal and Immune cells in MAlignant Tumours using Expression data (ESTIMATE) method.
estimate_immune,estimate|immune,PTPRC,5788,NA,estimate|,10.1038/ncomms3612,Immune-related genes used in the Estimation of STromal and Immune cells in MAlignant Tumours using Expression data (ESTIMATE) method.
estimate_immune,estimate|immune,IL7R,3575,NA,estimate|,10.1038/ncomms3612,Immune-related genes used in the Estimation of STromal and Immune cells in MAlignant Tumours using Expression data (ESTIMATE) method.
estimate_immune,estimate|immune,LAPTM5,7805,NA,estimate|,10.1038/ncomms3612,Immune-related genes used in the Estimation of STromal and Immune cells in MAlignant Tumours using Expression data (ESTIMATE) method.
estimate_immune,estimate|immune,CD53,963,NA,estimate|,10.1038/ncomms3612,Immune-related genes used in the Estimation of STromal and Immune cells in MAlignant Tumours using Expression data (ESTIMATE) method.
estimate_immune,estimate|immune,EVI2B,2124,NA,estimate|,10.1038/ncomms3612,Immune-related genes used in the Estimation of STromal and Immune cells in MAlignant Tumours using Expression data (ESTIMATE) method.
estimate_immune,estimate|immune,SLA,6503,NA,estimate|,10.1038/ncomms3612,Immune-related genes used in the Estimation of STromal and Immune cells in MAlignant Tumours using Expression data (ESTIMATE) method.
estimate_immune,estimate|immune,ITGB2,3689,NA,estimate|,10.1038/ncomms3612,Immune-related genes used in the Estimation of STromal and Immune cells in MAlignant Tumours using Expression data (ESTIMATE) method.
estimate_immune,estimate|immune,GIMAP4,55303,NA,estimate|,10.1038/ncomms3612,Immune-related genes used in the Estimation of STromal and Immune cells in MAlignant Tumours using Expression data (ESTIMATE) method.
estimate_immune,estimate|immune,MYO1F,4542,NA,estimate|,10.1038/ncomms3612,Immune-related genes used in the Estimation of STromal and Immune cells in MAlignant Tumours using Expression data (ESTIMATE) method.
estimate_immune,estimate|immune,HCLS1,3059,NA,estimate|,10.1038/ncomms3612,Immune-related genes used in the Estimation of STromal and Immune cells in MAlignant Tumours using Expression data (ESTIMATE) method.
estimate_immune,estimate|immune,MNDA,4332,NA,estimate|,10.1038/ncomms3612,Immune-related genes used in the Estimation of STromal and Immune cells in MAlignant Tumours using Expression data (ESTIMATE) method.
estimate_immune,estimate|immune,IL2RG,3561,NA,estimate|,10.1038/ncomms3612,Immune-related genes used in the Estimation of STromal and Immune cells in MAlignant Tumours using Expression data (ESTIMATE) method.
estimate_immune,estimate|immune,CD48,962,NA,estimate|,10.1038/ncomms3612,Immune-related genes used in the Estimation of STromal and Immune cells in MAlignant Tumours using Expression data (ESTIMATE) method.
estimate_immune,estimate|immune,AOAH,313,NA,estimate|,10.1038/ncomms3612,Immune-related genes used in the Estimation of STromal and Immune cells in MAlignant Tumours using Expression data (ESTIMATE) method.
estimate_immune,estimate|immune,CCL5,6352,NA,estimate|,10.1038/ncomms3612,Immune-related genes used in the Estimation of STromal and Immune cells in MAlignant Tumours using Expression data (ESTIMATE) method.
estimate_immune,estimate|immune,LTB,4050,NA,estimate|,10.1038/ncomms3612,Immune-related genes used in the Estimation of STromal and Immune cells in MAlignant Tumours using Expression data (ESTIMATE) method.
estimate_immune,estimate|immune,GMFG,9535,NA,estimate|,10.1038/ncomms3612,Immune-related genes used in the Estimation of STromal and Immune cells in MAlignant Tumours using Expression data (ESTIMATE) method.
estimate_immune,estimate|immune,GIMAP6,474344,NA,estimate|,10.1038/ncomms3612,Immune-related genes used in the Estimation of STromal and Immune cells in MAlignant Tumours using Expression data (ESTIMATE) method.
estimate_immune,estimate|immune,GZMK,3003,NA,estimate|,10.1038/ncomms3612,Immune-related genes used in the Estimation of STromal and Immune cells in MAlignant Tumours using Expression data (ESTIMATE) method.
estimate_immune,estimate|immune,LST1,7940,NA,estimate|,10.1038/ncomms3612,Immune-related genes used in the Estimation of STromal and Immune cells in MAlignant Tumours using Expression data (ESTIMATE) method.
estimate_immune,estimate|immune,GPR65,8477,NA,estimate|,10.1038/ncomms3612,Immune-related genes used in the Estimation of STromal and Immune cells in MAlignant Tumours using Expression data (ESTIMATE) method.
estimate_immune,estimate|immune,LILRB2,10288,NA,estimate|,10.1038/ncomms3612,Immune-related genes used in the Estimation of STromal and Immune cells in MAlignant Tumours using Expression data (ESTIMATE) method.
estimate_immune,estimate|immune,WIPF1,7456,NA,estimate|,10.1038/ncomms3612,Immune-related genes used in the Estimation of STromal and Immune cells in MAlignant Tumours using Expression data (ESTIMATE) method.
estimate_immune,estimate|immune,CD37,951,NA,estimate|,10.1038/ncomms3612,Immune-related genes used in the Estimation of STromal and Immune cells in MAlignant Tumours using Expression data (ESTIMATE) method.
estimate_immune,estimate|immune,BIN2,51411,NA,estimate|,10.1038/ncomms3612,Immune-related genes used in the Estimation of STromal and Immune cells in MAlignant Tumours using Expression data (ESTIMATE) method.
estimate_immune,estimate|immune,FCER1G,2207,NA,estimate|,10.1038/ncomms3612,Immune-related genes used in the Estimation of STromal and Immune cells in MAlignant Tumours using Expression data (ESTIMATE) method.
estimate_immune,estimate|immune,IKZF1,10320,NA,estimate|,10.1038/ncomms3612,Immune-related genes used in the Estimation of STromal and Immune cells in MAlignant Tumours using Expression data (ESTIMATE) method.
estimate_immune,estimate|immune,TYROBP,7305,NA,estimate|,10.1038/ncomms3612,Immune-related genes used in the Estimation of STromal and Immune cells in MAlignant Tumours using Expression data (ESTIMATE) method.
estimate_immune,estimate|immune,FGL2,10875,NA,estimate|,10.1038/ncomms3612,Immune-related genes used in the Estimation of STromal and Immune cells in MAlignant Tumours using Expression data (ESTIMATE) method.
estimate_immune,estimate|immune,FLI1,2313,NA,estimate|,10.1038/ncomms3612,Immune-related genes used in the Estimation of STromal and Immune cells in MAlignant Tumours using Expression data (ESTIMATE) method.
estimate_immune,estimate|immune,IRF8,3394,NA,estimate|,10.1038/ncomms3612,Immune-related genes used in the Estimation of STromal and Immune cells in MAlignant Tumours using Expression data (ESTIMATE) method.
estimate_immune,estimate|immune,ARHGAP15,55843,NA,estimate|,10.1038/ncomms3612,Immune-related genes used in the Estimation of STromal and Immune cells in MAlignant Tumours using Expression data (ESTIMATE) method.
estimate_immune,estimate|immune,SH2B3,10019,NA,estimate|,10.1038/ncomms3612,Immune-related genes used in the Estimation of STromal and Immune cells in MAlignant Tumours using Expression data (ESTIMATE) method.
estimate_immune,estimate|immune,TNFRSF1B,7133,NA,estimate|,10.1038/ncomms3612,Immune-related genes used in the Estimation of STromal and Immune cells in MAlignant Tumours using Expression data (ESTIMATE) method.
estimate_immune,estimate|immune,DOCK2,1794,NA,estimate|,10.1038/ncomms3612,Immune-related genes used in the Estimation of STromal and Immune cells in MAlignant Tumours using Expression data (ESTIMATE) method.
estimate_immune,estimate|immune,CD2,914,NA,estimate|,10.1038/ncomms3612,Immune-related genes used in the Estimation of STromal and Immune cells in MAlignant Tumours using Expression data (ESTIMATE) method.
estimate_immune,estimate|immune,ARHGEF6,9459,NA,estimate|,10.1038/ncomms3612,Immune-related genes used in the Estimation of STromal and Immune cells in MAlignant Tumours using Expression data (ESTIMATE) method.
estimate_immune,estimate|immune,CORO1A,11151,NA,estimate|,10.1038/ncomms3612,Immune-related genes used in the Estimation of STromal and Immune cells in MAlignant Tumours using Expression data (ESTIMATE) method.
estimate_immune,estimate|immune,LY96,23643,NA,estimate|,10.1038/ncomms3612,Immune-related genes used in the Estimation of STromal and Immune cells in MAlignant Tumours using Expression data (ESTIMATE) method.
estimate_immune,estimate|immune,LYZ,4069,NA,estimate|,10.1038/ncomms3612,Immune-related genes used in the Estimation of STromal and Immune cells in MAlignant Tumours using Expression data (ESTIMATE) method.
estimate_immune,estimate|immune,ITGAL,3683,NA,estimate|,10.1038/ncomms3612,Immune-related genes used in the Estimation of STromal and Immune cells in MAlignant Tumours using Expression data (ESTIMATE) method.
estimate_immune,estimate|immune,TNFAIP3,7128,NA,estimate|,10.1038/ncomms3612,Immune-related genes used in the Estimation of STromal and Immune cells in MAlignant Tumours using Expression data (ESTIMATE) method.
estimate_immune,estimate|immune,RNASE6,6039,NA,estimate|,10.1038/ncomms3612,Immune-related genes used in the Estimation of STromal and Immune cells in MAlignant Tumours using Expression data (ESTIMATE) method.
estimate_immune,estimate|immune,TGFB1,7040,NA,estimate|,10.1038/ncomms3612,Immune-related genes used in the Estimation of STromal and Immune cells in MAlignant Tumours using Expression data (ESTIMATE) method.
estimate_immune,estimate|immune,PSTPIP1,9051,NA,estimate|,10.1038/ncomms3612,Immune-related genes used in the Estimation of STromal and Immune cells in MAlignant Tumours using Expression data (ESTIMATE) method.
estimate_immune,estimate|immune,CST7,8530,NA,estimate|,10.1038/ncomms3612,Immune-related genes used in the Estimation of STromal and Immune cells in MAlignant Tumours using Expression data (ESTIMATE) method.
estimate_immune,estimate|immune,RGS1,5996,NA,estimate|,10.1038/ncomms3612,Immune-related genes used in the Estimation of STromal and Immune cells in MAlignant Tumours using Expression data (ESTIMATE) method.
estimate_immune,estimate|immune,FGR,2268,NA,estimate|,10.1038/ncomms3612,Immune-related genes used in the Estimation of STromal and Immune cells in MAlignant Tumours using Expression data (ESTIMATE) method.
estimate_immune,estimate|immune,SELL,6402,NA,estimate|,10.1038/ncomms3612,Immune-related genes used in the Estimation of STromal and Immune cells in MAlignant Tumours using Expression data (ESTIMATE) method.
estimate_immune,estimate|immune,MICAL1,64780,NA,estimate|,10.1038/ncomms3612,Immune-related genes used in the Estimation of STromal and Immune cells in MAlignant Tumours using Expression data (ESTIMATE) method.
estimate_immune,estimate|immune,TRAF3IP3,80342,NA,estimate|,10.1038/ncomms3612,Immune-related genes used in the Estimation of STromal and Immune cells in MAlignant Tumours using Expression data (ESTIMATE) method.
estimate_immune,estimate|immune,ITGA4,3676,NA,estimate|,10.1038/ncomms3612,Immune-related genes used in the Estimation of STromal and Immune cells in MAlignant Tumours using Expression data (ESTIMATE) method.
estimate_immune,estimate|immune,MAFB,9935,NA,estimate|,10.1038/ncomms3612,Immune-related genes used in the Estimation of STromal and Immune cells in MAlignant Tumours using Expression data (ESTIMATE) method.
estimate_immune,estimate|immune,ARHGDIB,397,NA,estimate|,10.1038/ncomms3612,Immune-related genes used in the Estimation of STromal and Immune cells in MAlignant Tumours using Expression data (ESTIMATE) method.
estimate_immune,estimate|immune,IL4R,3566,NA,estimate|,10.1038/ncomms3612,Immune-related genes used in the Estimation of STromal and Immune cells in MAlignant Tumours using Expression data (ESTIMATE) method.
estimate_immune,estimate|immune,RHOH,399,NA,estimate|,10.1038/ncomms3612,Immune-related genes used in the Estimation of STromal and Immune cells in MAlignant Tumours using Expression data (ESTIMATE) method.
estimate_immune,estimate|immune,HLA-DPA1,3113,NA,estimate|,10.1038/ncomms3612,Immune-related genes used in the Estimation of STromal and Immune cells in MAlignant Tumours using Expression data (ESTIMATE) method.
estimate_immune,estimate|immune,NKG7,4818,NA,estimate|,10.1038/ncomms3612,Immune-related genes used in the Estimation of STromal and Immune cells in MAlignant Tumours using Expression data (ESTIMATE) method.
estimate_immune,estimate|immune,NCF4,4689,NA,estimate|,10.1038/ncomms3612,Immune-related genes used in the Estimation of STromal and Immune cells in MAlignant Tumours using Expression data (ESTIMATE) method.
estimate_immune,estimate|immune,LPXN,9404,NA,estimate|,10.1038/ncomms3612,Immune-related genes used in the Estimation of STromal and Immune cells in MAlignant Tumours using Expression data (ESTIMATE) method.
estimate_immune,estimate|immune,ITK,3702,NA,estimate|,10.1038/ncomms3612,Immune-related genes used in the Estimation of STromal and Immune cells in MAlignant Tumours using Expression data (ESTIMATE) method.
estimate_immune,estimate|immune,SELPLG,6404,NA,estimate|,10.1038/ncomms3612,Immune-related genes used in the Estimation of STromal and Immune cells in MAlignant Tumours using Expression data (ESTIMATE) method.
estimate_immune,estimate|immune,HLA-DPB1,3115,NA,estimate|,10.1038/ncomms3612,Immune-related genes used in the Estimation of STromal and Immune cells in MAlignant Tumours using Expression data (ESTIMATE) method.
estimate_immune,estimate|immune,CD3D,915,NA,estimate|,10.1038/ncomms3612,Immune-related genes used in the Estimation of STromal and Immune cells in MAlignant Tumours using Expression data (ESTIMATE) method.
estimate_immune,estimate|immune,CD300A,11314,NA,estimate|,10.1038/ncomms3612,Immune-related genes used in the Estimation of STromal and Immune cells in MAlignant Tumours using Expression data (ESTIMATE) method.
estimate_immune,estimate|immune,IL2RB,3560,NA,estimate|,10.1038/ncomms3612,Immune-related genes used in the Estimation of STromal and Immune cells in MAlignant Tumours using Expression data (ESTIMATE) method.
estimate_immune,estimate|immune,ADCY7,113,NA,estimate|,10.1038/ncomms3612,Immune-related genes used in the Estimation of STromal and Immune cells in MAlignant Tumours using Expression data (ESTIMATE) method.
estimate_immune,estimate|immune,PTGER4,5734,NA,estimate|,10.1038/ncomms3612,Immune-related genes used in the Estimation of STromal and Immune cells in MAlignant Tumours using Expression data (ESTIMATE) method.
estimate_immune,estimate|immune,SRGN,5552,NA,estimate|,10.1038/ncomms3612,Immune-related genes used in the Estimation of STromal and Immune cells in MAlignant Tumours using Expression data (ESTIMATE) method.
estimate_immune,estimate|immune,CD247,919,NA,estimate|,10.1038/ncomms3612,Immune-related genes used in the Estimation of STromal and Immune cells in MAlignant Tumours using Expression data (ESTIMATE) method.
estimate_immune,estimate|immune,CCR7,1236,NA,estimate|,10.1038/ncomms3612,Immune-related genes used in the Estimation of STromal and Immune cells in MAlignant Tumours using Expression data (ESTIMATE) method.
estimate_immune,estimate|immune,MSN,4478,NA,estimate|,10.1038/ncomms3612,Immune-related genes used in the Estimation of STromal and Immune cells in MAlignant Tumours using Expression data (ESTIMATE) method.
estimate_immune,estimate|immune,ALOX5AP,241,NA,estimate|,10.1038/ncomms3612,Immune-related genes used in the Estimation of STromal and Immune cells in MAlignant Tumours using Expression data (ESTIMATE) method.
estimate_immune,estimate|immune,PTGER2,5732,NA,estimate|,10.1038/ncomms3612,Immune-related genes used in the Estimation of STromal and Immune cells in MAlignant Tumours using Expression data (ESTIMATE) method.
estimate_immune,estimate|immune,RAC2,5880,NA,estimate|,10.1038/ncomms3612,Immune-related genes used in the Estimation of STromal and Immune cells in MAlignant Tumours using Expression data (ESTIMATE) method.
estimate_immune,estimate|immune,GBP2,2634,NA,estimate|,10.1038/ncomms3612,Immune-related genes used in the Estimation of STromal and Immune cells in MAlignant Tumours using Expression data (ESTIMATE) method.
estimate_immune,estimate|immune,VAV1,7409,NA,estimate|,10.1038/ncomms3612,Immune-related genes used in the Estimation of STromal and Immune cells in MAlignant Tumours using Expression data (ESTIMATE) method.
estimate_immune,estimate|immune,CLEC2B,9976,NA,estimate|,10.1038/ncomms3612,Immune-related genes used in the Estimation of STromal and Immune cells in MAlignant Tumours using Expression data (ESTIMATE) method.
estimate_immune,estimate|immune,P2RY14,9934,NA,estimate|,10.1038/ncomms3612,Immune-related genes used in the Estimation of STromal and Immune cells in MAlignant Tumours using Expression data (ESTIMATE) method.
estimate_immune,estimate|immune,NFKBIA,4792,NA,estimate|,10.1038/ncomms3612,Immune-related genes used in the Estimation of STromal and Immune cells in MAlignant Tumours using Expression data (ESTIMATE) method.
estimate_immune,estimate|immune,S100A9,6280,NA,estimate|,10.1038/ncomms3612,Immune-related genes used in the Estimation of STromal and Immune cells in MAlignant Tumours using Expression data (ESTIMATE) method.
estimate_immune,estimate|immune,IFI30,10437,NA,estimate|,10.1038/ncomms3612,Immune-related genes used in the Estimation of STromal and Immune cells in MAlignant Tumours using Expression data (ESTIMATE) method.
estimate_immune,estimate|immune,MFSD1,64747,NA,estimate|,10.1038/ncomms3612,Immune-related genes used in the Estimation of STromal and Immune cells in MAlignant Tumours using Expression data (ESTIMATE) method.
estimate_immune,estimate|immune,RASSF2,9770,NA,estimate|,10.1038/ncomms3612,Immune-related genes used in the Estimation of STromal and Immune cells in MAlignant Tumours using Expression data (ESTIMATE) method.
estimate_immune,estimate|immune,TPP1,1200,NA,estimate|,10.1038/ncomms3612,Immune-related genes used in the Estimation of STromal and Immune cells in MAlignant Tumours using Expression data (ESTIMATE) method.
estimate_immune,estimate|immune,RHOG,391,NA,estimate|,10.1038/ncomms3612,Immune-related genes used in the Estimation of STromal and Immune cells in MAlignant Tumours using Expression data (ESTIMATE) method.
estimate_immune,estimate|immune,CLEC4A,50856,NA,estimate|,10.1038/ncomms3612,Immune-related genes used in the Estimation of STromal and Immune cells in MAlignant Tumours using Expression data (ESTIMATE) method.
estimate_immune,estimate|immune,GZMB,3002,NA,estimate|,10.1038/ncomms3612,Immune-related genes used in the Estimation of STromal and Immune cells in MAlignant Tumours using Expression data (ESTIMATE) method.
estimate_immune,estimate|immune,PVRIG,79037,NA,estimate|,10.1038/ncomms3612,Immune-related genes used in the Estimation of STromal and Immune cells in MAlignant Tumours using Expression data (ESTIMATE) method.
estimate_immune,estimate|immune,S100A8,6279,NA,estimate|,10.1038/ncomms3612,Immune-related genes used in the Estimation of STromal and Immune cells in MAlignant Tumours using Expression data (ESTIMATE) method.
estimate_immune,estimate|immune,CASP1,834,NA,estimate|,10.1038/ncomms3612,Immune-related genes used in the Estimation of STromal and Immune cells in MAlignant Tumours using Expression data (ESTIMATE) method.
estimate_immune,estimate|immune,BCL2A1,597,NA,estimate|,10.1038/ncomms3612,Immune-related genes used in the Estimation of STromal and Immune cells in MAlignant Tumours using Expression data (ESTIMATE) method.
estimate_immune,estimate|immune,HLA-E,3133,NA,estimate|,10.1038/ncomms3612,Immune-related genes used in the Estimation of STromal and Immune cells in MAlignant Tumours using Expression data (ESTIMATE) method.
estimate_immune,estimate|immune,KLRB1,3820,NA,estimate|,10.1038/ncomms3612,Immune-related genes used in the Estimation of STromal and Immune cells in MAlignant Tumours using Expression data (ESTIMATE) method.
estimate_immune,estimate|immune,GNLY,10578,NA,estimate|,10.1038/ncomms3612,Immune-related genes used in the Estimation of STromal and Immune cells in MAlignant Tumours using Expression data (ESTIMATE) method.
estimate_immune,estimate|immune,RAB27A,5873,NA,estimate|,10.1038/ncomms3612,Immune-related genes used in the Estimation of STromal and Immune cells in MAlignant Tumours using Expression data (ESTIMATE) method.
estimate_immune,estimate|immune,IL18RAP,8807,NA,estimate|,10.1038/ncomms3612,Immune-related genes used in the Estimation of STromal and Immune cells in MAlignant Tumours using Expression data (ESTIMATE) method.
estimate_immune,estimate|immune,TPST2,8459,NA,estimate|,10.1038/ncomms3612,Immune-related genes used in the Estimation of STromal and Immune cells in MAlignant Tumours using Expression data (ESTIMATE) method.
estimate_immune,estimate|immune,EMP3,2014,NA,estimate|,10.1038/ncomms3612,Immune-related genes used in the Estimation of STromal and Immune cells in MAlignant Tumours using Expression data (ESTIMATE) method.
estimate_immune,estimate|immune,GMIP,51291,NA,estimate|,10.1038/ncomms3612,Immune-related genes used in the Estimation of STromal and Immune cells in MAlignant Tumours using Expression data (ESTIMATE) method.
estimate_immune,estimate|immune,LCK,3932,NA,estimate|,10.1038/ncomms3612,Immune-related genes used in the Estimation of STromal and Immune cells in MAlignant Tumours using Expression data (ESTIMATE) method.
estimate_immune,estimate|immune,IL32,9235,NA,estimate|,10.1038/ncomms3612,Immune-related genes used in the Estimation of STromal and Immune cells in MAlignant Tumours using Expression data (ESTIMATE) method.
estimate_immune,estimate|immune,PTPRCAP,5790,NA,estimate|,10.1038/ncomms3612,Immune-related genes used in the Estimation of STromal and Immune cells in MAlignant Tumours using Expression data (ESTIMATE) method.
estimate_immune,estimate|immune,LGALS9,3965,NA,estimate|,10.1038/ncomms3612,Immune-related genes used in the Estimation of STromal and Immune cells in MAlignant Tumours using Expression data (ESTIMATE) method.
estimate_immune,estimate|immune,CCDC69,26112,NA,estimate|,10.1038/ncomms3612,Immune-related genes used in the Estimation of STromal and Immune cells in MAlignant Tumours using Expression data (ESTIMATE) method.
estimate_immune,estimate|immune,SAMHD1,25939,NA,estimate|,10.1038/ncomms3612,Immune-related genes used in the Estimation of STromal and Immune cells in MAlignant Tumours using Expression data (ESTIMATE) method.
estimate_immune,estimate|immune,TAP1,6890,NA,estimate|,10.1038/ncomms3612,Immune-related genes used in the Estimation of STromal and Immune cells in MAlignant Tumours using Expression data (ESTIMATE) method.
estimate_immune,estimate|immune,GBP1,2633,NA,estimate|,10.1038/ncomms3612,Immune-related genes used in the Estimation of STromal and Immune cells in MAlignant Tumours using Expression data (ESTIMATE) method.
estimate_immune,estimate|immune,CTSS,1520,NA,estimate|,10.1038/ncomms3612,Immune-related genes used in the Estimation of STromal and Immune cells in MAlignant Tumours using Expression data (ESTIMATE) method.
estimate_immune,estimate|immune,GZMH,2999,NA,estimate|,10.1038/ncomms3612,Immune-related genes used in the Estimation of STromal and Immune cells in MAlignant Tumours using Expression data (ESTIMATE) method.
estimate_immune,estimate|immune,ADAM8,101,NA,estimate|,10.1038/ncomms3612,Immune-related genes used in the Estimation of STromal and Immune cells in MAlignant Tumours using Expression data (ESTIMATE) method.
estimate_immune,estimate|immune,GLRX,2745,NA,estimate|,10.1038/ncomms3612,Immune-related genes used in the Estimation of STromal and Immune cells in MAlignant Tumours using Expression data (ESTIMATE) method.
estimate_immune,estimate|immune,PRF1,5551,NA,estimate|,10.1038/ncomms3612,Immune-related genes used in the Estimation of STromal and Immune cells in MAlignant Tumours using Expression data (ESTIMATE) method.
estimate_immune,estimate|immune,CD69,969,NA,estimate|,10.1038/ncomms3612,Immune-related genes used in the Estimation of STromal and Immune cells in MAlignant Tumours using Expression data (ESTIMATE) method.
estimate_immune,estimate|immune,HLA-B,3106,NA,estimate|,10.1038/ncomms3612,Immune-related genes used in the Estimation of STromal and Immune cells in MAlignant Tumours using Expression data (ESTIMATE) method.
estimate_immune,estimate|immune,HLA-DMA,3108,NA,estimate|,10.1038/ncomms3612,Immune-related genes used in the Estimation of STromal and Immune cells in MAlignant Tumours using Expression data (ESTIMATE) method.
estimate_immune,estimate|immune,CD74,972,NA,estimate|,10.1038/ncomms3612,Immune-related genes used in the Estimation of STromal and Immune cells in MAlignant Tumours using Expression data (ESTIMATE) method.
estimate_immune,estimate|immune,KLRK1,22914,NA,estimate|,10.1038/ncomms3612,Immune-related genes used in the Estimation of STromal and Immune cells in MAlignant Tumours using Expression data (ESTIMATE) method.
estimate_immune,estimate|immune,PTPRE,5791,NA,estimate|,10.1038/ncomms3612,Immune-related genes used in the Estimation of STromal and Immune cells in MAlignant Tumours using Expression data (ESTIMATE) method.
estimate_immune,estimate|immune,HLA-DRA,3122,NA,estimate|,10.1038/ncomms3612,Immune-related genes used in the Estimation of STromal and Immune cells in MAlignant Tumours using Expression data (ESTIMATE) method.
estimate_immune,estimate|immune,VNN2,8875,NA,estimate|,10.1038/ncomms3612,Immune-related genes used in the Estimation of STromal and Immune cells in MAlignant Tumours using Expression data (ESTIMATE) method.
estimate_immune,estimate|immune,TCIRG1,10312,NA,estimate|,10.1038/ncomms3612,Immune-related genes used in the Estimation of STromal and Immune cells in MAlignant Tumours using Expression data (ESTIMATE) method.
estimate_immune,estimate|immune,RABGAP1L,9910,NA,estimate|,10.1038/ncomms3612,Immune-related genes used in the Estimation of STromal and Immune cells in MAlignant Tumours using Expression data (ESTIMATE) method.
estimate_immune,estimate|immune,CSTA,1475,NA,estimate|,10.1038/ncomms3612,Immune-related genes used in the Estimation of STromal and Immune cells in MAlignant Tumours using Expression data (ESTIMATE) method.
estimate_immune,estimate|immune,ZAP70,7535,NA,estimate|,10.1038/ncomms3612,Immune-related genes used in the Estimation of STromal and Immune cells in MAlignant Tumours using Expression data (ESTIMATE) method.
estimate_immune,estimate|immune,HLA-F,3134,NA,estimate|,10.1038/ncomms3612,Immune-related genes used in the Estimation of STromal and Immune cells in MAlignant Tumours using Expression data (ESTIMATE) method.
estimate_immune,estimate|immune,HLA-G,3135,NA,estimate|,10.1038/ncomms3612,Immune-related genes used in the Estimation of STromal and Immune cells in MAlignant Tumours using Expression data (ESTIMATE) method.
estimate_immune,estimate|immune,CD52,1043,NA,estimate|,10.1038/ncomms3612,Immune-related genes used in the Estimation of STromal and Immune cells in MAlignant Tumours using Expression data (ESTIMATE) method.
estimate_immune,estimate|immune,CD302,9936,NA,estimate|,10.1038/ncomms3612,Immune-related genes used in the Estimation of STromal and Immune cells in MAlignant Tumours using Expression data (ESTIMATE) method.
estimate_immune,estimate|immune,CD27,939,NA,estimate|,10.1038/ncomms3612,Immune-related genes used in the Estimation of STromal and Immune cells in MAlignant Tumours using Expression data (ESTIMATE) method.
ips_mhc,b2m|ips_mhc|immune|immunophenoscore,B2M,567,1,immunophenoscore|,10.1016/j.celrep.2016.12.019,One of the four categories composing the Immunophenoscore: MHC class I/II and non-classical biomarkers.
ips_mhc,tap1|ips_mhc|immune|immunophenoscore,TAP1,6890,1,immunophenoscore|,10.1016/j.celrep.2016.12.019,One of the four categories composing the Immunophenoscore: MHC class I/II and non-classical biomarkers.
ips_mhc,tap2|ips_mhc|immune|immunophenoscore,TAP2,6891,1,immunophenoscore|,10.1016/j.celrep.2016.12.019,One of the four categories composing the Immunophenoscore: MHC class I/II and non-classical biomarkers.
ips_mhc,hla-a|ips_mhc|immune|immunophenoscore,HLA-A,3105,1,immunophenoscore|,10.1016/j.celrep.2016.12.019,One of the four categories composing the Immunophenoscore: MHC class I/II and non-classical biomarkers.
ips_mhc,hla-b|ips_mhc|immune|immunophenoscore,HLA-B,3106,1,immunophenoscore|,10.1016/j.celrep.2016.12.019,One of the four categories composing the Immunophenoscore: MHC class I/II and non-classical biomarkers.
ips_mhc,hla-c|ips_mhc|immune|immunophenoscore,HLA-C,3107,1,immunophenoscore|,10.1016/j.celrep.2016.12.019,One of the four categories composing the Immunophenoscore: MHC class I/II and non-classical biomarkers.
ips_mhc,hla-dpa1|ips_mhc|immune|immunophenoscore,HLA-DPA1,3113,1,immunophenoscore|,10.1016/j.celrep.2016.12.019,One of the four categories composing the Immunophenoscore: MHC class I/II and non-classical biomarkers.
ips_mhc,hla-dpb1|ips_mhc|immune|immunophenoscore,HLA-DPB1,3115,1,immunophenoscore|,10.1016/j.celrep.2016.12.019,One of the four categories composing the Immunophenoscore: MHC class I/II and non-classical biomarkers.
ips_mhc,hla-e|ips_mhc|immune|immunophenoscore,HLA-E,3133,1,immunophenoscore|,10.1016/j.celrep.2016.12.019,One of the four categories composing the Immunophenoscore: MHC class I/II and non-classical biomarkers.
ips_mhc,hla-f|ips_mhc|immune|immunophenoscore,HLA-F,3134,1,immunophenoscore|,10.1016/j.celrep.2016.12.019,One of the four categories composing the Immunophenoscore: MHC class I/II and non-classical biomarkers.
ips_cp,pd1|ips_cp|immune|immunophenoscore,PDCD1,5133,-1,immunophenoscore|,10.1016/j.celrep.2016.12.019,One of the four categories composing the Immunophenoscore: co-inhibitory and co-stimulatory biomarkers.
ips_cp,ctla4|ips_cp|immune|immunophenoscore,CTLA4,1493,-1,immunophenoscore|,10.1016/j.celrep.2016.12.019,One of the four categories composing the Immunophenoscore: co-inhibitory and co-stimulatory biomarkers.
ips_cp,lag3|ips_cp|immune|immunophenoscore,LAG3,3902,-1,immunophenoscore|,10.1016/j.celrep.2016.12.019,One of the four categories composing the Immunophenoscore: co-inhibitory and co-stimulatory biomarkers.
ips_cp,tigit|ips_cp|immune|immunophenoscore,TIGIT,201633,-1,immunophenoscore|,10.1016/j.celrep.2016.12.019,One of the four categories composing the Immunophenoscore: co-inhibitory and co-stimulatory biomarkers.
ips_cp,tim3|ips_cp|immune|immunophenoscore,HAVCR2,84868,-1,immunophenoscore|,10.1016/j.celrep.2016.12.019,One of the four categories composing the Immunophenoscore: co-inhibitory and co-stimulatory biomarkers.
ips_cp,pdl1|ips_cp|immune|checkpoint|immunophenoscore,CD274,29126,-1,immunophenoscore|,10.1016/j.celrep.2016.12.019,One of the four categories composing the Immunophenoscore: co-inhibitory and co-stimulatory biomarkers.
ips_cp,pdl2|ips_cp|immune|checkpoint|immunophenoscore,PDCD1LG2,80380,-1,immunophenoscore|,10.1016/j.celrep.2016.12.019,One of the four categories composing the Immunophenoscore: co-inhibitory and co-stimulatory biomarkers.
ips_cp,cd27|ips_cp|immune|immunophenoscore,CD27,939,1,immunophenoscore|,10.1016/j.celrep.2016.12.019,One of the four categories composing the Immunophenoscore: co-inhibitory and co-stimulatory biomarkers.
ips_cp,icos|ips_cp|immune|immunophenoscore,ICOS,29851,1,immunophenoscore|,10.1016/j.celrep.2016.12.019,One of the four categories composing the Immunophenoscore: co-inhibitory and co-stimulatory biomarkers.
ips_cp,ido1|ips_cp|immune|immunophenoscore,IDO1,3620,-1,immunophenoscore|,10.1016/j.celrep.2016.12.019,One of the four categories composing the Immunophenoscore: co-inhibitory and co-stimulatory biomarkers.
ips_ec,act cd4|ips_ec|immune|immunophenoscore,AIM2,9447,1,immunophenoscore|,10.1016/j.celrep.2016.12.019,One of the four categories composing the Immunophenoscore: infiltration of activated CD8+/CD4+ T cells and Tem CD8+/CD4+ cells.
ips_ec,act cd4|ips_ec|immune|immunophenoscore,BIRC3,330,1,immunophenoscore|,10.1016/j.celrep.2016.12.019,One of the four categories composing the Immunophenoscore: infiltration of activated CD8+/CD4+ T cells and Tem CD8+/CD4+ cells.
ips_ec,act cd4|ips_ec|immune|immunophenoscore,BRIP1,83990,1,immunophenoscore|,10.1016/j.celrep.2016.12.019,One of the four categories composing the Immunophenoscore: infiltration of activated CD8+/CD4+ T cells and Tem CD8+/CD4+ cells.
ips_ec,act cd4|ips_ec|immune|immunophenoscore,CCL20,6364,1,immunophenoscore|,10.1016/j.celrep.2016.12.019,One of the four categories composing the Immunophenoscore: infiltration of activated CD8+/CD4+ T cells and Tem CD8+/CD4+ cells.
ips_ec,act cd4|ips_ec|immune|immunophenoscore,CCL4,6351,1,immunophenoscore|,10.1016/j.celrep.2016.12.019,One of the four categories composing the Immunophenoscore: infiltration of activated CD8+/CD4+ T cells and Tem CD8+/CD4+ cells.
ips_ec,act cd4|ips_ec|immune|immunophenoscore,CCL5,6352,1,immunophenoscore|,10.1016/j.celrep.2016.12.019,One of the four categories composing the Immunophenoscore: infiltration of activated CD8+/CD4+ T cells and Tem CD8+/CD4+ cells.
ips_ec,act cd4|ips_ec|immune|immunophenoscore,CCNB1,891,1,immunophenoscore|,10.1016/j.celrep.2016.12.019,One of the four categories composing the Immunophenoscore: infiltration of activated CD8+/CD4+ T cells and Tem CD8+/CD4+ cells.
ips_ec,act cd4|ips_ec|immune|immunophenoscore,CCR7,1236,1,immunophenoscore|,10.1016/j.celrep.2016.12.019,One of the four categories composing the Immunophenoscore: infiltration of activated CD8+/CD4+ T cells and Tem CD8+/CD4+ cells.
ips_ec,act cd4|ips_ec|immune|immunophenoscore,DUSP2,1844,1,immunophenoscore|,10.1016/j.celrep.2016.12.019,One of the four categories composing the Immunophenoscore: infiltration of activated CD8+/CD4+ T cells and Tem CD8+/CD4+ cells.
ips_ec,act cd4|ips_ec|immune|immunophenoscore,ESCO2,157570,1,immunophenoscore|,10.1016/j.celrep.2016.12.019,One of the four categories composing the Immunophenoscore: infiltration of activated CD8+/CD4+ T cells and Tem CD8+/CD4+ cells.
ips_ec,act cd4|ips_ec|immune|immunophenoscore,ETS1,2113,1,immunophenoscore|,10.1016/j.celrep.2016.12.019,One of the four categories composing the Immunophenoscore: infiltration of activated CD8+/CD4+ T cells and Tem CD8+/CD4+ cells.
ips_ec,act cd4|ips_ec|immune|immunophenoscore,EXO1,9156,1,immunophenoscore|,10.1016/j.celrep.2016.12.019,One of the four categories composing the Immunophenoscore: infiltration of activated CD8+/CD4+ T cells and Tem CD8+/CD4+ cells.
ips_ec,act cd4|ips_ec|immune|immunophenoscore,EXOC6,54536,1,immunophenoscore|,10.1016/j.celrep.2016.12.019,One of the four categories composing the Immunophenoscore: infiltration of activated CD8+/CD4+ T cells and Tem CD8+/CD4+ cells.
ips_ec,act cd4|ips_ec|immune|immunophenoscore,IARS1,3376,1,immunophenoscore|,10.1016/j.celrep.2016.12.019,One of the four categories composing the Immunophenoscore: infiltration of activated CD8+/CD4+ T cells and Tem CD8+/CD4+ cells.
ips_ec,act cd4|ips_ec|immune|immunophenoscore,KIF11,3832,1,immunophenoscore|,10.1016/j.celrep.2016.12.019,One of the four categories composing the Immunophenoscore: infiltration of activated CD8+/CD4+ T cells and Tem CD8+/CD4+ cells.
ips_ec,act cd4|ips_ec|immune|immunophenoscore,KNTC1,9735,1,immunophenoscore|,10.1016/j.celrep.2016.12.019,One of the four categories composing the Immunophenoscore: infiltration of activated CD8+/CD4+ T cells and Tem CD8+/CD4+ cells.
ips_ec,act cd4|ips_ec|immune|immunophenoscore,NUF2,83540,1,immunophenoscore|,10.1016/j.celrep.2016.12.019,One of the four categories composing the Immunophenoscore: infiltration of activated CD8+/CD4+ T cells and Tem CD8+/CD4+ cells.
ips_ec,act cd4|ips_ec|immune|immunophenoscore,PRC1,9055,1,immunophenoscore|,10.1016/j.celrep.2016.12.019,One of the four categories composing the Immunophenoscore: infiltration of activated CD8+/CD4+ T cells and Tem CD8+/CD4+ cells.
ips_ec,act cd4|ips_ec|immune|immunophenoscore,PSAT1,29968,1,immunophenoscore|,10.1016/j.celrep.2016.12.019,One of the four categories composing the Immunophenoscore: infiltration of activated CD8+/CD4+ T cells and Tem CD8+/CD4+ cells.
ips_ec,act cd4|ips_ec|immune|immunophenoscore,RGS1,5996,1,immunophenoscore|,10.1016/j.celrep.2016.12.019,One of the four categories composing the Immunophenoscore: infiltration of activated CD8+/CD4+ T cells and Tem CD8+/CD4+ cells.
ips_ec,act cd4|ips_ec|immune|immunophenoscore,RTKN2,219790,1,immunophenoscore|,10.1016/j.celrep.2016.12.019,One of the four categories composing the Immunophenoscore: infiltration of activated CD8+/CD4+ T cells and Tem CD8+/CD4+ cells.
ips_ec,act cd4|ips_ec|immune|immunophenoscore,SAMSN1,64092,1,immunophenoscore|,10.1016/j.celrep.2016.12.019,One of the four categories composing the Immunophenoscore: infiltration of activated CD8+/CD4+ T cells and Tem CD8+/CD4+ cells.
ips_ec,act cd4|ips_ec|immune|immunophenoscore,SELL,6402,1,immunophenoscore|,10.1016/j.celrep.2016.12.019,One of the four categories composing the Immunophenoscore: infiltration of activated CD8+/CD4+ T cells and Tem CD8+/CD4+ cells.
ips_ec,act cd4|ips_ec|immune|immunophenoscore,TRAT1,50852,1,immunophenoscore|,10.1016/j.celrep.2016.12.019,One of the four categories composing the Immunophenoscore: infiltration of activated CD8+/CD4+ T cells and Tem CD8+/CD4+ cells.
ips_ec,act cd8|ips_ec|immune|immunophenoscore,ADRM1,11047,1,immunophenoscore|,10.1016/j.celrep.2016.12.019,One of the four categories composing the Immunophenoscore: infiltration of activated CD8+/CD4+ T cells and Tem CD8+/CD4+ cells.
ips_ec,act cd8|ips_ec|immune|immunophenoscore,AHSA1,10598,1,immunophenoscore|,10.1016/j.celrep.2016.12.019,One of the four categories composing the Immunophenoscore: infiltration of activated CD8+/CD4+ T cells and Tem CD8+/CD4+ cells.
ips_ec,act cd8|ips_ec|immune|immunophenoscore,C1GALT1C1,29071,1,immunophenoscore|,10.1016/j.celrep.2016.12.019,One of the four categories composing the Immunophenoscore: infiltration of activated CD8+/CD4+ T cells and Tem CD8+/CD4+ cells.
ips_ec,act cd8|ips_ec|immune|immunophenoscore,CCT6B,10693,1,immunophenoscore|,10.1016/j.celrep.2016.12.019,One of the four categories composing the Immunophenoscore: infiltration of activated CD8+/CD4+ T cells and Tem CD8+/CD4+ cells.
ips_ec,act cd8|ips_ec|immune|immunophenoscore,CD37,951,1,immunophenoscore|,10.1016/j.celrep.2016.12.019,One of the four categories composing the Immunophenoscore: infiltration of activated CD8+/CD4+ T cells and Tem CD8+/CD4+ cells.
ips_ec,act cd8|ips_ec|immune|immunophenoscore,CD3D,915,1,immunophenoscore|,10.1016/j.celrep.2016.12.019,One of the four categories composing the Immunophenoscore: infiltration of activated CD8+/CD4+ T cells and Tem CD8+/CD4+ cells.
ips_ec,act cd8|ips_ec|immune|immunophenoscore,CD3E,916,1,immunophenoscore|,10.1016/j.celrep.2016.12.019,One of the four categories composing the Immunophenoscore: infiltration of activated CD8+/CD4+ T cells and Tem CD8+/CD4+ cells.
ips_ec,act cd8|ips_ec|immune|immunophenoscore,CD3G,917,1,immunophenoscore|,10.1016/j.celrep.2016.12.019,One of the four categories composing the Immunophenoscore: infiltration of activated CD8+/CD4+ T cells and Tem CD8+/CD4+ cells.
ips_ec,act cd8|ips_ec|immune|immunophenoscore,CD69,969,1,immunophenoscore|,10.1016/j.celrep.2016.12.019,One of the four categories composing the Immunophenoscore: infiltration of activated CD8+/CD4+ T cells and Tem CD8+/CD4+ cells.
ips_ec,act cd8|ips_ec|immune|immunophenoscore,CD8A,925,1,immunophenoscore|,10.1016/j.celrep.2016.12.019,One of the four categories composing the Immunophenoscore: infiltration of activated CD8+/CD4+ T cells and Tem CD8+/CD4+ cells.
ips_ec,act cd8|ips_ec|immune|immunophenoscore,CETN3,1070,1,immunophenoscore|,10.1016/j.celrep.2016.12.019,One of the four categories composing the Immunophenoscore: infiltration of activated CD8+/CD4+ T cells and Tem CD8+/CD4+ cells.
ips_ec,act cd8|ips_ec|immune|immunophenoscore,CSE1L,1434,1,immunophenoscore|,10.1016/j.celrep.2016.12.019,One of the four categories composing the Immunophenoscore: infiltration of activated CD8+/CD4+ T cells and Tem CD8+/CD4+ cells.
ips_ec,act cd8|ips_ec|immune|immunophenoscore,GEMIN6,79833,1,immunophenoscore|,10.1016/j.celrep.2016.12.019,One of the four categories composing the Immunophenoscore: infiltration of activated CD8+/CD4+ T cells and Tem CD8+/CD4+ cells.
ips_ec,act cd8|ips_ec|immune|immunophenoscore,GNLY,10578,1,immunophenoscore|,10.1016/j.celrep.2016.12.019,One of the four categories composing the Immunophenoscore: infiltration of activated CD8+/CD4+ T cells and Tem CD8+/CD4+ cells.
ips_ec,act cd8|ips_ec|immune|immunophenoscore,GPT2,84706,1,immunophenoscore|,10.1016/j.celrep.2016.12.019,One of the four categories composing the Immunophenoscore: infiltration of activated CD8+/CD4+ T cells and Tem CD8+/CD4+ cells.
ips_ec,act cd8|ips_ec|immune|immunophenoscore,GZMA,3001,1,immunophenoscore|,10.1016/j.celrep.2016.12.019,One of the four categories composing the Immunophenoscore: infiltration of activated CD8+/CD4+ T cells and Tem CD8+/CD4+ cells.
ips_ec,act cd8|ips_ec|immune|immunophenoscore,GZMH,2999,1,immunophenoscore|,10.1016/j.celrep.2016.12.019,One of the four categories composing the Immunophenoscore: infiltration of activated CD8+/CD4+ T cells and Tem CD8+/CD4+ cells.
ips_ec,act cd8|ips_ec|immune|immunophenoscore,GZMK,3003,1,immunophenoscore|,10.1016/j.celrep.2016.12.019,One of the four categories composing the Immunophenoscore: infiltration of activated CD8+/CD4+ T cells and Tem CD8+/CD4+ cells.
ips_ec,act cd8|ips_ec|immune|immunophenoscore,IL2RB,3560,1,immunophenoscore|,10.1016/j.celrep.2016.12.019,One of the four categories composing the Immunophenoscore: infiltration of activated CD8+/CD4+ T cells and Tem CD8+/CD4+ cells.
ips_ec,act cd8|ips_ec|immune|immunophenoscore,LCK,3932,1,immunophenoscore|,10.1016/j.celrep.2016.12.019,One of the four categories composing the Immunophenoscore: infiltration of activated CD8+/CD4+ T cells and Tem CD8+/CD4+ cells.
ips_ec,act cd8|ips_ec|immune|immunophenoscore,MPZL1,9019,1,immunophenoscore|,10.1016/j.celrep.2016.12.019,One of the four categories composing the Immunophenoscore: infiltration of activated CD8+/CD4+ T cells and Tem CD8+/CD4+ cells.
ips_ec,act cd8|ips_ec|immune|immunophenoscore,NKG7,4818,1,immunophenoscore|,10.1016/j.celrep.2016.12.019,One of the four categories composing the Immunophenoscore: infiltration of activated CD8+/CD4+ T cells and Tem CD8+/CD4+ cells.
ips_ec,act cd8|ips_ec|immune|immunophenoscore,PIK3IP1,113791,1,immunophenoscore|,10.1016/j.celrep.2016.12.019,One of the four categories composing the Immunophenoscore: infiltration of activated CD8+/CD4+ T cells and Tem CD8+/CD4+ cells.
ips_ec,act cd8|ips_ec|immune|immunophenoscore,PTRH2,51651,1,immunophenoscore|,10.1016/j.celrep.2016.12.019,One of the four categories composing the Immunophenoscore: infiltration of activated CD8+/CD4+ T cells and Tem CD8+/CD4+ cells.
ips_ec,act cd8|ips_ec|immune|immunophenoscore,TIMM13,26517,1,immunophenoscore|,10.1016/j.celrep.2016.12.019,One of the four categories composing the Immunophenoscore: infiltration of activated CD8+/CD4+ T cells and Tem CD8+/CD4+ cells.
ips_ec,act cd8|ips_ec|immune|immunophenoscore,ZAP70,7535,1,immunophenoscore|,10.1016/j.celrep.2016.12.019,One of the four categories composing the Immunophenoscore: infiltration of activated CD8+/CD4+ T cells and Tem CD8+/CD4+ cells.
ips_ec,tem cd4|ips_ec|immune|immunophenoscore,ATM,472,1,immunophenoscore|,10.1016/j.celrep.2016.12.019,One of the four categories composing the Immunophenoscore: infiltration of activated CD8+/CD4+ T cells and Tem CD8+/CD4+ cells.
ips_ec,tem cd4|ips_ec|immune|immunophenoscore,CASP3,836,1,immunophenoscore|,10.1016/j.celrep.2016.12.019,One of the four categories composing the Immunophenoscore: infiltration of activated CD8+/CD4+ T cells and Tem CD8+/CD4+ cells.
ips_ec,tem cd4|ips_ec|immune|immunophenoscore,CASQ1,844,1,immunophenoscore|,10.1016/j.celrep.2016.12.019,One of the four categories composing the Immunophenoscore: infiltration of activated CD8+/CD4+ T cells and Tem CD8+/CD4+ cells.
ips_ec,tem cd4|ips_ec|immune|immunophenoscore,CD300E,342510,1,immunophenoscore|,10.1016/j.celrep.2016.12.019,One of the four categories composing the Immunophenoscore: infiltration of activated CD8+/CD4+ T cells and Tem CD8+/CD4+ cells.
ips_ec,tem cd4|ips_ec|immune|immunophenoscore,DARS1,1615,1,immunophenoscore|,10.1016/j.celrep.2016.12.019,One of the four categories composing the Immunophenoscore: infiltration of activated CD8+/CD4+ T cells and Tem CD8+/CD4+ cells.
ips_ec,tem cd4|ips_ec|immune|immunophenoscore,DOCK9,23348,1,immunophenoscore|,10.1016/j.celrep.2016.12.019,One of the four categories composing the Immunophenoscore: infiltration of activated CD8+/CD4+ T cells and Tem CD8+/CD4+ cells.
ips_ec,tem cd4|ips_ec|immune|immunophenoscore,EXOSC9,5393,1,immunophenoscore|,10.1016/j.celrep.2016.12.019,One of the four categories composing the Immunophenoscore: infiltration of activated CD8+/CD4+ T cells and Tem CD8+/CD4+ cells.
ips_ec,tem cd4|ips_ec|immune|immunophenoscore,EZH2,2146,1,immunophenoscore|,10.1016/j.celrep.2016.12.019,One of the four categories composing the Immunophenoscore: infiltration of activated CD8+/CD4+ T cells and Tem CD8+/CD4+ cells.
ips_ec,tem cd4|ips_ec|immune|immunophenoscore,GDE1,51573,1,immunophenoscore|,10.1016/j.celrep.2016.12.019,One of the four categories composing the Immunophenoscore: infiltration of activated CD8+/CD4+ T cells and Tem CD8+/CD4+ cells.
ips_ec,tem cd4|ips_ec|immune|immunophenoscore,IL34,146433,1,immunophenoscore|,10.1016/j.celrep.2016.12.019,One of the four categories composing the Immunophenoscore: infiltration of activated CD8+/CD4+ T cells and Tem CD8+/CD4+ cells.
ips_ec,tem cd4|ips_ec|immune|immunophenoscore,NCOA4,8031,1,immunophenoscore|,10.1016/j.celrep.2016.12.019,One of the four categories composing the Immunophenoscore: infiltration of activated CD8+/CD4+ T cells and Tem CD8+/CD4+ cells.
ips_ec,tem cd4|ips_ec|immune|immunophenoscore,NEFL,4747,1,immunophenoscore|,10.1016/j.celrep.2016.12.019,One of the four categories composing the Immunophenoscore: infiltration of activated CD8+/CD4+ T cells and Tem CD8+/CD4+ cells.
ips_ec,tem cd4|ips_ec|immune|immunophenoscore,PDGFRL,5157,1,immunophenoscore|,10.1016/j.celrep.2016.12.019,One of the four categories composing the Immunophenoscore: infiltration of activated CD8+/CD4+ T cells and Tem CD8+/CD4+ cells.
ips_ec,tem cd4|ips_ec|immune|immunophenoscore,PTGS1,5742,1,immunophenoscore|,10.1016/j.celrep.2016.12.019,One of the four categories composing the Immunophenoscore: infiltration of activated CD8+/CD4+ T cells and Tem CD8+/CD4+ cells.
ips_ec,tem cd4|ips_ec|immune|immunophenoscore,REPS1,85021,1,immunophenoscore|,10.1016/j.celrep.2016.12.019,One of the four categories composing the Immunophenoscore: infiltration of activated CD8+/CD4+ T cells and Tem CD8+/CD4+ cells.
ips_ec,tem cd4|ips_ec|immune|immunophenoscore,SCG2,7857,1,immunophenoscore|,10.1016/j.celrep.2016.12.019,One of the four categories composing the Immunophenoscore: infiltration of activated CD8+/CD4+ T cells and Tem CD8+/CD4+ cells.
ips_ec,tem cd4|ips_ec|immune|immunophenoscore,CAVIN2,8436,1,immunophenoscore|,10.1016/j.celrep.2016.12.019,One of the four categories composing the Immunophenoscore: infiltration of activated CD8+/CD4+ T cells and Tem CD8+/CD4+ cells.
ips_ec,tem cd4|ips_ec|immune|immunophenoscore,SIGLEC14,100049587,1,immunophenoscore|,10.1016/j.celrep.2016.12.019,One of the four categories composing the Immunophenoscore: infiltration of activated CD8+/CD4+ T cells and Tem CD8+/CD4+ cells.
ips_ec,tem cd4|ips_ec|immune|immunophenoscore,SIGLEC6,946,1,immunophenoscore|,10.1016/j.celrep.2016.12.019,One of the four categories composing the Immunophenoscore: infiltration of activated CD8+/CD4+ T cells and Tem CD8+/CD4+ cells.
ips_ec,tem cd4|ips_ec|immune|immunophenoscore,TAL1,6886,1,immunophenoscore|,10.1016/j.celrep.2016.12.019,One of the four categories composing the Immunophenoscore: infiltration of activated CD8+/CD4+ T cells and Tem CD8+/CD4+ cells.
ips_ec,tem cd4|ips_ec|immune|immunophenoscore,TFEC,22797,1,immunophenoscore|,10.1016/j.celrep.2016.12.019,One of the four categories composing the Immunophenoscore: infiltration of activated CD8+/CD4+ T cells and Tem CD8+/CD4+ cells.
ips_ec,tem cd4|ips_ec|immune|immunophenoscore,TIPIN,54962,1,immunophenoscore|,10.1016/j.celrep.2016.12.019,One of the four categories composing the Immunophenoscore: infiltration of activated CD8+/CD4+ T cells and Tem CD8+/CD4+ cells.
ips_ec,tem cd4|ips_ec|immune|immunophenoscore,TPK1,27010,1,immunophenoscore|,10.1016/j.celrep.2016.12.019,One of the four categories composing the Immunophenoscore: infiltration of activated CD8+/CD4+ T cells and Tem CD8+/CD4+ cells.
ips_ec,tem cd4|ips_ec|immune|immunophenoscore,UQCRB,7381,1,immunophenoscore|,10.1016/j.celrep.2016.12.019,One of the four categories composing the Immunophenoscore: infiltration of activated CD8+/CD4+ T cells and Tem CD8+/CD4+ cells.
ips_ec,tem cd4|ips_ec|immune|immunophenoscore,USP9Y,8287,1,immunophenoscore|,10.1016/j.celrep.2016.12.019,One of the four categories composing the Immunophenoscore: infiltration of activated CD8+/CD4+ T cells and Tem CD8+/CD4+ cells.
ips_ec,tem cd4|ips_ec|immune|immunophenoscore,WIPF1,7456,1,immunophenoscore|,10.1016/j.celrep.2016.12.019,One of the four categories composing the Immunophenoscore: infiltration of activated CD8+/CD4+ T cells and Tem CD8+/CD4+ cells.
ips_ec,tem cd4|ips_ec|immune|immunophenoscore,ZCRB1,85437,1,immunophenoscore|,10.1016/j.celrep.2016.12.019,One of the four categories composing the Immunophenoscore: infiltration of activated CD8+/CD4+ T cells and Tem CD8+/CD4+ cells.
ips_ec,tem cd8|ips_ec|immune|immunophenoscore,ACAP1,9744,1,immunophenoscore|,10.1016/j.celrep.2016.12.019,One of the four categories composing the Immunophenoscore: infiltration of activated CD8+/CD4+ T cells and Tem CD8+/CD4+ cells.
ips_ec,tem cd8|ips_ec|immune|immunophenoscore,APOL3,80833,1,immunophenoscore|,10.1016/j.celrep.2016.12.019,One of the four categories composing the Immunophenoscore: infiltration of activated CD8+/CD4+ T cells and Tem CD8+/CD4+ cells.
ips_ec,tem cd8|ips_ec|immune|immunophenoscore,ARHGAP10,79658,1,immunophenoscore|,10.1016/j.celrep.2016.12.019,One of the four categories composing the Immunophenoscore: infiltration of activated CD8+/CD4+ T cells and Tem CD8+/CD4+ cells.
ips_ec,tem cd8|ips_ec|immune|immunophenoscore,ATP10D,57205,1,immunophenoscore|,10.1016/j.celrep.2016.12.019,One of the four categories composing the Immunophenoscore: infiltration of activated CD8+/CD4+ T cells and Tem CD8+/CD4+ cells.
ips_ec,tem cd8|ips_ec|immune|immunophenoscore,C3AR1,719,1,immunophenoscore|,10.1016/j.celrep.2016.12.019,One of the four categories composing the Immunophenoscore: infiltration of activated CD8+/CD4+ T cells and Tem CD8+/CD4+ cells.
ips_ec,tem cd8|ips_ec|immune|immunophenoscore,CCR5,1234,1,immunophenoscore|,10.1016/j.celrep.2016.12.019,One of the four categories composing the Immunophenoscore: infiltration of activated CD8+/CD4+ T cells and Tem CD8+/CD4+ cells.
ips_ec,tem cd8|ips_ec|immune|immunophenoscore,CD160,11126,1,immunophenoscore|,10.1016/j.celrep.2016.12.019,One of the four categories composing the Immunophenoscore: infiltration of activated CD8+/CD4+ T cells and Tem CD8+/CD4+ cells.
ips_ec,tem cd8|ips_ec|immune|immunophenoscore,CD55,1604,1,immunophenoscore|,10.1016/j.celrep.2016.12.019,One of the four categories composing the Immunophenoscore: infiltration of activated CD8+/CD4+ T cells and Tem CD8+/CD4+ cells.
ips_ec,tem cd8|ips_ec|immune|immunophenoscore,CFLAR,8837,1,immunophenoscore|,10.1016/j.celrep.2016.12.019,One of the four categories composing the Immunophenoscore: infiltration of activated CD8+/CD4+ T cells and Tem CD8+/CD4+ cells.
ips_ec,tem cd8|ips_ec|immune|immunophenoscore,CMKLR1,1240,1,immunophenoscore|,10.1016/j.celrep.2016.12.019,One of the four categories composing the Immunophenoscore: infiltration of activated CD8+/CD4+ T cells and Tem CD8+/CD4+ cells.
ips_ec,tem cd8|ips_ec|immune|immunophenoscore,DAPP1,27071,1,immunophenoscore|,10.1016/j.celrep.2016.12.019,One of the four categories composing the Immunophenoscore: infiltration of activated CD8+/CD4+ T cells and Tem CD8+/CD4+ cells.
ips_ec,tem cd8|ips_ec|immune|immunophenoscore,FCRL6,343413,1,immunophenoscore|,10.1016/j.celrep.2016.12.019,One of the four categories composing the Immunophenoscore: infiltration of activated CD8+/CD4+ T cells and Tem CD8+/CD4+ cells.
ips_ec,tem cd8|ips_ec|immune|immunophenoscore,FLT3LG,2323,1,immunophenoscore|,10.1016/j.celrep.2016.12.019,One of the four categories composing the Immunophenoscore: infiltration of activated CD8+/CD4+ T cells and Tem CD8+/CD4+ cells.
ips_ec,tem cd8|ips_ec|immune|immunophenoscore,GZMM,3004,1,immunophenoscore|,10.1016/j.celrep.2016.12.019,One of the four categories composing the Immunophenoscore: infiltration of activated CD8+/CD4+ T cells and Tem CD8+/CD4+ cells.
ips_ec,tem cd8|ips_ec|immune|immunophenoscore,HAPLN3,145864,1,immunophenoscore|,10.1016/j.celrep.2016.12.019,One of the four categories composing the Immunophenoscore: infiltration of activated CD8+/CD4+ T cells and Tem CD8+/CD4+ cells.
ips_ec,tem cd8|ips_ec|immune|immunophenoscore,HLA-DMB,3109,1,immunophenoscore|,10.1016/j.celrep.2016.12.019,One of the four categories composing the Immunophenoscore: infiltration of activated CD8+/CD4+ T cells and Tem CD8+/CD4+ cells.
ips_ec,tem cd8|ips_ec|immune|immunophenoscore,HLA-DPA1,3113,1,immunophenoscore|,10.1016/j.celrep.2016.12.019,One of the four categories composing the Immunophenoscore: infiltration of activated CD8+/CD4+ T cells and Tem CD8+/CD4+ cells.
ips_ec,tem cd8|ips_ec|immune|immunophenoscore,HLA-DPB1,3115,1,immunophenoscore|,10.1016/j.celrep.2016.12.019,One of the four categories composing the Immunophenoscore: infiltration of activated CD8+/CD4+ T cells and Tem CD8+/CD4+ cells.
ips_ec,tem cd8|ips_ec|immune|immunophenoscore,IFI16,3428,1,immunophenoscore|,10.1016/j.celrep.2016.12.019,One of the four categories composing the Immunophenoscore: infiltration of activated CD8+/CD4+ T cells and Tem CD8+/CD4+ cells.
ips_ec,tem cd8|ips_ec|immune|immunophenoscore,LIME1,54923,1,immunophenoscore|,10.1016/j.celrep.2016.12.019,One of the four categories composing the Immunophenoscore: infiltration of activated CD8+/CD4+ T cells and Tem CD8+/CD4+ cells.
ips_ec,tem cd8|ips_ec|immune|immunophenoscore,LTK,4058,1,immunophenoscore|,10.1016/j.celrep.2016.12.019,One of the four categories composing the Immunophenoscore: infiltration of activated CD8+/CD4+ T cells and Tem CD8+/CD4+ cells.
ips_ec,tem cd8|ips_ec|immune|immunophenoscore,NFKBIA,4792,1,immunophenoscore|,10.1016/j.celrep.2016.12.019,One of the four categories composing the Immunophenoscore: infiltration of activated CD8+/CD4+ T cells and Tem CD8+/CD4+ cells.
ips_ec,tem cd8|ips_ec|immune|immunophenoscore,SETD7,80854,1,immunophenoscore|,10.1016/j.celrep.2016.12.019,One of the four categories composing the Immunophenoscore: infiltration of activated CD8+/CD4+ T cells and Tem CD8+/CD4+ cells.
ips_ec,tem cd8|ips_ec|immune|immunophenoscore,SIK1,150094,1,immunophenoscore|,10.1016/j.celrep.2016.12.019,One of the four categories composing the Immunophenoscore: infiltration of activated CD8+/CD4+ T cells and Tem CD8+/CD4+ cells.
ips_ec,tem cd8|ips_ec|immune|immunophenoscore,TRIB2,28951,1,immunophenoscore|,10.1016/j.celrep.2016.12.019,One of the four categories composing the Immunophenoscore: infiltration of activated CD8+/CD4+ T cells and Tem CD8+/CD4+ cells.
ips_sc,mdsc|ips_sc|immune|immunophenoscore,CCR2,729230,-1,immunophenoscore|,10.1016/j.celrep.2016.12.019,One of the four categories composing the Immunophenoscore: infiltration of immunosuppressive cells (Tregs and MDSCs).
ips_sc,mdsc|ips_sc|immune|immunophenoscore,CD14,929,-1,immunophenoscore|,10.1016/j.celrep.2016.12.019,One of the four categories composing the Immunophenoscore: infiltration of immunosuppressive cells (Tregs and MDSCs).
ips_sc,mdsc|ips_sc|immune|immunophenoscore,CD2,914,-1,immunophenoscore|,10.1016/j.celrep.2016.12.019,One of the four categories composing the Immunophenoscore: infiltration of immunosuppressive cells (Tregs and MDSCs).
ips_sc,mdsc|ips_sc|immune|immunophenoscore,CD86,942,-1,immunophenoscore|,10.1016/j.celrep.2016.12.019,One of the four categories composing the Immunophenoscore: infiltration of immunosuppressive cells (Tregs and MDSCs).
ips_sc,mdsc|ips_sc|immune|immunophenoscore,CXCR4,7852,-1,immunophenoscore|,10.1016/j.celrep.2016.12.019,One of the four categories composing the Immunophenoscore: infiltration of immunosuppressive cells (Tregs and MDSCs).
ips_sc,mdsc|ips_sc|immune|immunophenoscore,FCGR2A,2212,-1,immunophenoscore|,10.1016/j.celrep.2016.12.019,One of the four categories composing the Immunophenoscore: infiltration of immunosuppressive cells (Tregs and MDSCs).
ips_sc,mdsc|ips_sc|immune|immunophenoscore,FCGR2B,2213,-1,immunophenoscore|,10.1016/j.celrep.2016.12.019,One of the four categories composing the Immunophenoscore: infiltration of immunosuppressive cells (Tregs and MDSCs).
ips_sc,mdsc|ips_sc|immune|immunophenoscore,FCGR3A,2214,-1,immunophenoscore|,10.1016/j.celrep.2016.12.019,One of the four categories composing the Immunophenoscore: infiltration of immunosuppressive cells (Tregs and MDSCs).
ips_sc,mdsc|ips_sc|immune|immunophenoscore,FERMT3,83706,-1,immunophenoscore|,10.1016/j.celrep.2016.12.019,One of the four categories composing the Immunophenoscore: infiltration of immunosuppressive cells (Tregs and MDSCs).
ips_sc,mdsc|ips_sc|immune|immunophenoscore,GPSM3,63940,-1,immunophenoscore|,10.1016/j.celrep.2016.12.019,One of the four categories composing the Immunophenoscore: infiltration of immunosuppressive cells (Tregs and MDSCs).
ips_sc,mdsc|ips_sc|immune|immunophenoscore,IL18BP,10068,-1,immunophenoscore|,10.1016/j.celrep.2016.12.019,One of the four categories composing the Immunophenoscore: infiltration of immunosuppressive cells (Tregs and MDSCs).
ips_sc,mdsc|ips_sc|immune|immunophenoscore,IL4R,3566,-1,immunophenoscore|,10.1016/j.celrep.2016.12.019,One of the four categories composing the Immunophenoscore: infiltration of immunosuppressive cells (Tregs and MDSCs).
ips_sc,mdsc|ips_sc|immune|immunophenoscore,ITGAL,3683,-1,immunophenoscore|,10.1016/j.celrep.2016.12.019,One of the four categories composing the Immunophenoscore: infiltration of immunosuppressive cells (Tregs and MDSCs).
ips_sc,mdsc|ips_sc|immune|immunophenoscore,ITGAM,3684,-1,immunophenoscore|,10.1016/j.celrep.2016.12.019,One of the four categories composing the Immunophenoscore: infiltration of immunosuppressive cells (Tregs and MDSCs).
ips_sc,mdsc|ips_sc|immune|immunophenoscore,PARVG,64098,-1,immunophenoscore|,10.1016/j.celrep.2016.12.019,One of the four categories composing the Immunophenoscore: infiltration of immunosuppressive cells (Tregs and MDSCs).
ips_sc,mdsc|ips_sc|immune|immunophenoscore,PSAP,5660,-1,immunophenoscore|,10.1016/j.celrep.2016.12.019,One of the four categories composing the Immunophenoscore: infiltration of immunosuppressive cells (Tregs and MDSCs).
ips_sc,mdsc|ips_sc|immune|immunophenoscore,PTGER2,5732,-1,immunophenoscore|,10.1016/j.celrep.2016.12.019,One of the four categories composing the Immunophenoscore: infiltration of immunosuppressive cells (Tregs and MDSCs).
ips_sc,mdsc|ips_sc|immune|immunophenoscore,PTGES2,80142,-1,immunophenoscore|,10.1016/j.celrep.2016.12.019,One of the four categories composing the Immunophenoscore: infiltration of immunosuppressive cells (Tregs and MDSCs).
ips_sc,mdsc|ips_sc|immune|immunophenoscore,S100A8,6279,-1,immunophenoscore|,10.1016/j.celrep.2016.12.019,One of the four categories composing the Immunophenoscore: infiltration of immunosuppressive cells (Tregs and MDSCs).
ips_sc,mdsc|ips_sc|immune|immunophenoscore,S100A9,6280,-1,immunophenoscore|,10.1016/j.celrep.2016.12.019,One of the four categories composing the Immunophenoscore: infiltration of immunosuppressive cells (Tregs and MDSCs).
ips_sc,treg|ips_sc|immune|immunophenoscore,CCL3L1,6349,-1,immunophenoscore|,10.1016/j.celrep.2016.12.019,One of the four categories composing the Immunophenoscore: infiltration of immunosuppressive cells (Tregs and MDSCs).
ips_sc,treg|ips_sc|immune|immunophenoscore,CD72,971,-1,immunophenoscore|,10.1016/j.celrep.2016.12.019,One of the four categories composing the Immunophenoscore: infiltration of immunosuppressive cells (Tregs and MDSCs).
ips_sc,treg|ips_sc|immune|immunophenoscore,CLEC5A,23601,-1,immunophenoscore|,10.1016/j.celrep.2016.12.019,One of the four categories composing the Immunophenoscore: infiltration of immunosuppressive cells (Tregs and MDSCs).
ips_sc,treg|ips_sc|immune|immunophenoscore,FOXP3,50943,-1,immunophenoscore|,10.1016/j.celrep.2016.12.019,One of the four categories composing the Immunophenoscore: infiltration of immunosuppressive cells (Tregs and MDSCs).
ips_sc,treg|ips_sc|immune|immunophenoscore,ITGA4,3676,-1,immunophenoscore|,10.1016/j.celrep.2016.12.019,One of the four categories composing the Immunophenoscore: infiltration of immunosuppressive cells (Tregs and MDSCs).
ips_sc,treg|ips_sc|immune|immunophenoscore,L1CAM,3897,-1,immunophenoscore|,10.1016/j.celrep.2016.12.019,One of the four categories composing the Immunophenoscore: infiltration of immunosuppressive cells (Tregs and MDSCs).
ips_sc,treg|ips_sc|immune|immunophenoscore,LIPA,3988,-1,immunophenoscore|,10.1016/j.celrep.2016.12.019,One of the four categories composing the Immunophenoscore: infiltration of immunosuppressive cells (Tregs and MDSCs).
ips_sc,treg|ips_sc|immune|immunophenoscore,LRP1,4035,-1,immunophenoscore|,10.1016/j.celrep.2016.12.019,One of the four categories composing the Immunophenoscore: infiltration of immunosuppressive cells (Tregs and MDSCs).
ips_sc,treg|ips_sc|immune|immunophenoscore,LRRC42,115353,-1,immunophenoscore|,10.1016/j.celrep.2016.12.019,One of the four categories composing the Immunophenoscore: infiltration of immunosuppressive cells (Tregs and MDSCs).
ips_sc,treg|ips_sc|immune|immunophenoscore,MARCO,8685,-1,immunophenoscore|,10.1016/j.celrep.2016.12.019,One of the four categories composing the Immunophenoscore: infiltration of immunosuppressive cells (Tregs and MDSCs).
ips_sc,treg|ips_sc|immune|immunophenoscore,MMP12,4321,-1,immunophenoscore|,10.1016/j.celrep.2016.12.019,One of the four categories composing the Immunophenoscore: infiltration of immunosuppressive cells (Tregs and MDSCs).
ips_sc,treg|ips_sc|immune|immunophenoscore,MNDA,4332,-1,immunophenoscore|,10.1016/j.celrep.2016.12.019,One of the four categories composing the Immunophenoscore: infiltration of immunosuppressive cells (Tregs and MDSCs).
ips_sc,treg|ips_sc|immune|immunophenoscore,MRC1,4360,-1,immunophenoscore|,10.1016/j.celrep.2016.12.019,One of the four categories composing the Immunophenoscore: infiltration of immunosuppressive cells (Tregs and MDSCs).
ips_sc,treg|ips_sc|immune|immunophenoscore,MS4A6A,64231,-1,immunophenoscore|,10.1016/j.celrep.2016.12.019,One of the four categories composing the Immunophenoscore: infiltration of immunosuppressive cells (Tregs and MDSCs).
ips_sc,treg|ips_sc|immune|immunophenoscore,PELO,53918,-1,immunophenoscore|,10.1016/j.celrep.2016.12.019,One of the four categories composing the Immunophenoscore: infiltration of immunosuppressive cells (Tregs and MDSCs).
ips_sc,treg|ips_sc|immune|immunophenoscore,PLEK,5341,-1,immunophenoscore|,10.1016/j.celrep.2016.12.019,One of the four categories composing the Immunophenoscore: infiltration of immunosuppressive cells (Tregs and MDSCs).
ips_sc,treg|ips_sc|immune|immunophenoscore,PRSS23,11098,-1,immunophenoscore|,10.1016/j.celrep.2016.12.019,One of the four categories composing the Immunophenoscore: infiltration of immunosuppressive cells (Tregs and MDSCs).
ips_sc,treg|ips_sc|immune|immunophenoscore,PTGIR,5739,-1,immunophenoscore|,10.1016/j.celrep.2016.12.019,One of the four categories composing the Immunophenoscore: infiltration of immunosuppressive cells (Tregs and MDSCs).
ips_sc,treg|ips_sc|immune|immunophenoscore,ST8SIA4,7903,-1,immunophenoscore|,10.1016/j.celrep.2016.12.019,One of the four categories composing the Immunophenoscore: infiltration of immunosuppressive cells (Tregs and MDSCs).
ips_sc,treg|ips_sc|immune|immunophenoscore,STAB1,23166,-1,immunophenoscore|,10.1016/j.celrep.2016.12.019,One of the four categories composing the Immunophenoscore: infiltration of immunosuppressive cells (Tregs and MDSCs).
eustace2013_hypoxia,eustace2013_hypoxia|larynx|hnscc|head and neck squamous cell carcinoma,ALDOA,226,NA,median|median,10.1158/1078-0432.CCR-13-0542,Hypoxia-related genes aimed at predicting benefit from hypoxia-modifying treatment in laryngeal cancer.
eustace2013_hypoxia,eustace2013_hypoxia|larynx|hnscc|head and neck squamous cell carcinoma,ANGPTL4,51129,NA,median|median,10.1158/1078-0432.CCR-13-0542,Hypoxia-related genes aimed at predicting benefit from hypoxia-modifying treatment in laryngeal cancer.
eustace2013_hypoxia,eustace2013_hypoxia|larynx|hnscc|head and neck squamous cell carcinoma,ANLN,54443,NA,median|median,10.1158/1078-0432.CCR-13-0542,Hypoxia-related genes aimed at predicting benefit from hypoxia-modifying treatment in laryngeal cancer.
eustace2013_hypoxia,eustace2013_hypoxia|larynx|hnscc|head and neck squamous cell carcinoma,BNC1,646,NA,median|median,10.1158/1078-0432.CCR-13-0542,Hypoxia-related genes aimed at predicting benefit from hypoxia-modifying treatment in laryngeal cancer.
eustace2013_hypoxia,eustace2013_hypoxia|larynx|hnscc|head and neck squamous cell carcinoma,MRGBP,55257,NA,median|median,10.1158/1078-0432.CCR-13-0542,Hypoxia-related genes aimed at predicting benefit from hypoxia-modifying treatment in laryngeal cancer.
eustace2013_hypoxia,eustace2013_hypoxia|larynx|hnscc|head and neck squamous cell carcinoma,CA9,768,NA,median|median,10.1158/1078-0432.CCR-13-0542,Hypoxia-related genes aimed at predicting benefit from hypoxia-modifying treatment in laryngeal cancer.
eustace2013_hypoxia,eustace2013_hypoxia|larynx|hnscc|head and neck squamous cell carcinoma,CDKN3,1033,NA,median|median,10.1158/1078-0432.CCR-13-0542,Hypoxia-related genes aimed at predicting benefit from hypoxia-modifying treatment in laryngeal cancer.
eustace2013_hypoxia,eustace2013_hypoxia|larynx|hnscc|head and neck squamous cell carcinoma,COL4A6,1288,NA,median|median,10.1158/1078-0432.CCR-13-0542,Hypoxia-related genes aimed at predicting benefit from hypoxia-modifying treatment in laryngeal cancer.
eustace2013_hypoxia,eustace2013_hypoxia|larynx|hnscc|head and neck squamous cell carcinoma,DCBLD1,285761,NA,median|median,10.1158/1078-0432.CCR-13-0542,Hypoxia-related genes aimed at predicting benefit from hypoxia-modifying treatment in laryngeal cancer.
eustace2013_hypoxia,eustace2013_hypoxia|larynx|hnscc|head and neck squamous cell carcinoma,ENO1,2023,NA,median|median,10.1158/1078-0432.CCR-13-0542,Hypoxia-related genes aimed at predicting benefit from hypoxia-modifying treatment in laryngeal cancer.
eustace2013_hypoxia,eustace2013_hypoxia|larynx|hnscc|head and neck squamous cell carcinoma,FAM83B,222584,NA,median|median,10.1158/1078-0432.CCR-13-0542,Hypoxia-related genes aimed at predicting benefit from hypoxia-modifying treatment in laryngeal cancer.
eustace2013_hypoxia,eustace2013_hypoxia|larynx|hnscc|head and neck squamous cell carcinoma,FOSL1,8061,NA,median|median,10.1158/1078-0432.CCR-13-0542,Hypoxia-related genes aimed at predicting benefit from hypoxia-modifying treatment in laryngeal cancer.
eustace2013_hypoxia,eustace2013_hypoxia|larynx|hnscc|head and neck squamous cell carcinoma,GNAI1,2770,NA,median|median,10.1158/1078-0432.CCR-13-0542,Hypoxia-related genes aimed at predicting benefit from hypoxia-modifying treatment in laryngeal cancer.
eustace2013_hypoxia,eustace2013_hypoxia|larynx|hnscc|head and neck squamous cell carcinoma,HILPDA,29923,NA,median|median,10.1158/1078-0432.CCR-13-0542,Hypoxia-related genes aimed at predicting benefit from hypoxia-modifying treatment in laryngeal cancer.
eustace2013_hypoxia,eustace2013_hypoxia|larynx|hnscc|head and neck squamous cell carcinoma,KCTD11,147040,NA,median|median,10.1158/1078-0432.CCR-13-0542,Hypoxia-related genes aimed at predicting benefit from hypoxia-modifying treatment in laryngeal cancer.
eustace2013_hypoxia,eustace2013_hypoxia|larynx|hnscc|head and neck squamous cell carcinoma,KRT17,3872,NA,median|median,10.1158/1078-0432.CCR-13-0542,Hypoxia-related genes aimed at predicting benefit from hypoxia-modifying treatment in laryngeal cancer.
eustace2013_hypoxia,eustace2013_hypoxia|larynx|hnscc|head and neck squamous cell carcinoma,LDHA,3939,NA,median|median,10.1158/1078-0432.CCR-13-0542,Hypoxia-related genes aimed at predicting benefit from hypoxia-modifying treatment in laryngeal cancer.
eustace2013_hypoxia,eustace2013_hypoxia|larynx|hnscc|head and neck squamous cell carcinoma,MRPS17,51373,NA,median|median,10.1158/1078-0432.CCR-13-0542,Hypoxia-related genes aimed at predicting benefit from hypoxia-modifying treatment in laryngeal cancer.
eustace2013_hypoxia,eustace2013_hypoxia|larynx|hnscc|head and neck squamous cell carcinoma,P4HA1,5033,NA,median|median,10.1158/1078-0432.CCR-13-0542,Hypoxia-related genes aimed at predicting benefit from hypoxia-modifying treatment in laryngeal cancer.
eustace2013_hypoxia,eustace2013_hypoxia|larynx|hnscc|head and neck squamous cell carcinoma,PGAM1,5223,NA,median|median,10.1158/1078-0432.CCR-13-0542,Hypoxia-related genes aimed at predicting benefit from hypoxia-modifying treatment in laryngeal cancer.
eustace2013_hypoxia,eustace2013_hypoxia|larynx|hnscc|head and neck squamous cell carcinoma,PGK1,5230,NA,median|median,10.1158/1078-0432.CCR-13-0542,Hypoxia-related genes aimed at predicting benefit from hypoxia-modifying treatment in laryngeal cancer.
eustace2013_hypoxia,eustace2013_hypoxia|larynx|hnscc|head and neck squamous cell carcinoma,SDC1,6382,NA,median|median,10.1158/1078-0432.CCR-13-0542,Hypoxia-related genes aimed at predicting benefit from hypoxia-modifying treatment in laryngeal cancer.
eustace2013_hypoxia,eustace2013_hypoxia|larynx|hnscc|head and neck squamous cell carcinoma,SLC16A1,6566,NA,median|median,10.1158/1078-0432.CCR-13-0542,Hypoxia-related genes aimed at predicting benefit from hypoxia-modifying treatment in laryngeal cancer.
eustace2013_hypoxia,eustace2013_hypoxia|larynx|hnscc|head and neck squamous cell carcinoma,SLC2A1,6513,NA,median|median,10.1158/1078-0432.CCR-13-0542,Hypoxia-related genes aimed at predicting benefit from hypoxia-modifying treatment in laryngeal cancer.
eustace2013_hypoxia,eustace2013_hypoxia|larynx|hnscc|head and neck squamous cell carcinoma,TPI1,7167,NA,median|median,10.1158/1078-0432.CCR-13-0542,Hypoxia-related genes aimed at predicting benefit from hypoxia-modifying treatment in laryngeal cancer.
eustace2013_hypoxia,eustace2013_hypoxia|larynx|hnscc|head and neck squamous cell carcinoma,VEGFA,7422,NA,median|median,10.1158/1078-0432.CCR-13-0542,Hypoxia-related genes aimed at predicting benefit from hypoxia-modifying treatment in laryngeal cancer.
eschrich2009_rsi,eschrich2009_rsi|rt|radiosensitivity|radioresistance,AR,367,-0.0098009,weighted_sum_rank|0.4619592,10.1016/j.ijrobp.2009.06.014,Genes aimed at predicting radiosensitivity. A higher index correspond to a more radioresistant patient.
eschrich2009_rsi,eschrich2009_rsi|rt|radiosensitivity|radioresistance,JUN,3725,0.012828299999999999,weighted_sum_rank|0.4619592,10.1016/j.ijrobp.2009.06.014,Genes aimed at predicting radiosensitivity. A higher index correspond to a more radioresistant patient.
eschrich2009_rsi,eschrich2009_rsi|rt|radiosensitivity|radioresistance,STAT1,6772,0.025455200000000285,weighted_sum_rank|0.4619592,10.1016/j.ijrobp.2009.06.014,Genes aimed at predicting radiosensitivity. A higher index correspond to a more radioresistant patient.
eschrich2009_rsi,eschrich2009_rsi|rt|radiosensitivity|radioresistance,PRKCB,5579,-0.0017589,weighted_sum_rank|0.4619592,10.1016/j.ijrobp.2009.06.014,Genes aimed at predicting radiosensitivity. A higher index correspond to a more radioresistant patient.
eschrich2009_rsi,eschrich2009_rsi|rt|radiosensitivity|radioresistance,RELA,5970,-0.0038171,weighted_sum_rank|0.4619592,10.1016/j.ijrobp.2009.06.014,Genes aimed at predicting radiosensitivity. A higher index correspond to a more radioresistant patient.
eschrich2009_rsi,eschrich2009_rsi|rt|radiosensitivity|radioresistance,ABL1,25,0.10702130000000012,weighted_sum_rank|0.4619592,10.1016/j.ijrobp.2009.06.014,Genes aimed at predicting radiosensitivity. A higher index correspond to a more radioresistant patient.
eschrich2009_rsi,eschrich2009_rsi|rt|radiosensitivity|radioresistance,SUMO1,7341,-2.509000000000001e-4,weighted_sum_rank|0.4619592,10.1016/j.ijrobp.2009.06.014,Genes aimed at predicting radiosensitivity. A higher index correspond to a more radioresistant patient.
eschrich2009_rsi,eschrich2009_rsi|rt|radiosensitivity|radioresistance,PAK2,5062,-0.009243099999999999,weighted_sum_rank|0.4619592,10.1016/j.ijrobp.2009.06.014,Genes aimed at predicting radiosensitivity. A higher index correspond to a more radioresistant patient.
eschrich2009_rsi,eschrich2009_rsi|rt|radiosensitivity|radioresistance,HDAC1,3065,-0.0204469,weighted_sum_rank|0.4619592,10.1016/j.ijrobp.2009.06.014,Genes aimed at predicting radiosensitivity. A higher index correspond to a more radioresistant patient.
eschrich2009_rsi,eschrich2009_rsi|rt|radiosensitivity|radioresistance,IRF1,3659,-0.0441683,weighted_sum_rank|0.4619592,10.1016/j.ijrobp.2009.06.014,Genes aimed at predicting radiosensitivity. A higher index correspond to a more radioresistant patient.
dececco2014_int172,dececco2014_int172|hnscc|head and neck squamous cell carcinoma,B4GAT1,11041,0.017655000000000275,weighted_sum|1.496181,10.1093/annonc/mdu173,Signature aimed at stratifying HNSCC patients in high/low risk of relapse.
dececco2014_int172,dececco2014_int172|hnscc|head and neck squamous cell carcinoma,SH3RF3,344558,0.022551,weighted_sum|1.496181,10.1093/annonc/mdu173,Signature aimed at stratifying HNSCC patients in high/low risk of relapse.
dececco2014_int172,dececco2014_int172|hnscc|head and neck squamous cell carcinoma,TNN,63923,0.009606,weighted_sum|1.496181,10.1093/annonc/mdu173,Signature aimed at stratifying HNSCC patients in high/low risk of relapse.
dececco2014_int172,dececco2014_int172|hnscc|head and neck squamous cell carcinoma,TMEM259,91304,-0.009304,weighted_sum|1.496181,10.1093/annonc/mdu173,Signature aimed at stratifying HNSCC patients in high/low risk of relapse.
dececco2014_int172,dececco2014_int172|hnscc|head and neck squamous cell carcinoma,PCGF2,7703,0.012428999999999968,weighted_sum|1.496181,10.1093/annonc/mdu173,Signature aimed at stratifying HNSCC patients in high/low risk of relapse.
dececco2014_int172,dececco2014_int172|hnscc|head and neck squamous cell carcinoma,PSD4,23550,-0.018807,weighted_sum|1.496181,10.1093/annonc/mdu173,Signature aimed at stratifying HNSCC patients in high/low risk of relapse.
dececco2014_int172,dececco2014_int172|hnscc|head and neck squamous cell carcinoma,EHMT1,79813,-0.00653,weighted_sum|1.496181,10.1093/annonc/mdu173,Signature aimed at stratifying HNSCC patients in high/low risk of relapse.
dececco2014_int172,dececco2014_int172|hnscc|head and neck squamous cell carcinoma,TMC8,147138,-0.023674,weighted_sum|1.496181,10.1093/annonc/mdu173,Signature aimed at stratifying HNSCC patients in high/low risk of relapse.
dececco2014_int172,dececco2014_int172|hnscc|head and neck squamous cell carcinoma,ARMCX4,100131755,0.006275999999999932,weighted_sum|1.496181,10.1093/annonc/mdu173,Signature aimed at stratifying HNSCC patients in high/low risk of relapse.
dececco2014_int172,dececco2014_int172|hnscc|head and neck squamous cell carcinoma,AP3D1,8943,-0.007286,weighted_sum|1.496181,10.1093/annonc/mdu173,Signature aimed at stratifying HNSCC patients in high/low risk of relapse.
dececco2014_int172,dececco2014_int172|hnscc|head and neck squamous cell carcinoma,TCEAL4,79921,0.023509,weighted_sum|1.496181,10.1093/annonc/mdu173,Signature aimed at stratifying HNSCC patients in high/low risk of relapse.
dececco2014_int172,dececco2014_int172|hnscc|head and neck squamous cell carcinoma,SMARCA1,6594,0.036424999999999985,weighted_sum|1.496181,10.1093/annonc/mdu173,Signature aimed at stratifying HNSCC patients in high/low risk of relapse.
dececco2014_int172,dececco2014_int172|hnscc|head and neck squamous cell carcinoma,PRF1,5551,-0.051283999999999996,weighted_sum|1.496181,10.1093/annonc/mdu173,Signature aimed at stratifying HNSCC patients in high/low risk of relapse.
dececco2014_int172,dececco2014_int172|hnscc|head and neck squamous cell carcinoma,SPOCK1,6695,0.04375300000000011,weighted_sum|1.496181,10.1093/annonc/mdu173,Signature aimed at stratifying HNSCC patients in high/low risk of relapse.
dececco2014_int172,dececco2014_int172|hnscc|head and neck squamous cell carcinoma,TBC1D20,128637,0.008756,weighted_sum|1.496181,10.1093/annonc/mdu173,Signature aimed at stratifying HNSCC patients in high/low risk of relapse.
dececco2014_int172,dececco2014_int172|hnscc|head and neck squamous cell carcinoma,FASTKD2,22868,0.003904,weighted_sum|1.496181,10.1093/annonc/mdu173,Signature aimed at stratifying HNSCC patients in high/low risk of relapse.
dececco2014_int172,dececco2014_int172|hnscc|head and neck squamous cell carcinoma,GRK2,156,-0.0061070000000000004,weighted_sum|1.496181,10.1093/annonc/mdu173,Signature aimed at stratifying HNSCC patients in high/low risk of relapse.
dececco2014_int172,dececco2014_int172|hnscc|head and neck squamous cell carcinoma,DYRK4,8798,0.007798,weighted_sum|1.496181,10.1093/annonc/mdu173,Signature aimed at stratifying HNSCC patients in high/low risk of relapse.
dececco2014_int172,dececco2014_int172|hnscc|head and neck squamous cell carcinoma,IFI16,3428,-0.017580000000000005,weighted_sum|1.496181,10.1093/annonc/mdu173,Signature aimed at stratifying HNSCC patients in high/low risk of relapse.
dececco2014_int172,dececco2014_int172|hnscc|head and neck squamous cell carcinoma,ALS2,57679,0.010227,weighted_sum|1.496181,10.1093/annonc/mdu173,Signature aimed at stratifying HNSCC patients in high/low risk of relapse.
dececco2014_int172,dececco2014_int172|hnscc|head and neck squamous cell carcinoma,SNX21,90203,0.016537,weighted_sum|1.496181,10.1093/annonc/mdu173,Signature aimed at stratifying HNSCC patients in high/low risk of relapse.
dececco2014_int172,dececco2014_int172|hnscc|head and neck squamous cell carcinoma,CCDC43,124808,0.010525,weighted_sum|1.496181,10.1093/annonc/mdu173,Signature aimed at stratifying HNSCC patients in high/low risk of relapse.
dececco2014_int172,dececco2014_int172|hnscc|head and neck squamous cell carcinoma,COPS8,10920,0.009389999999999999,weighted_sum|1.496181,10.1093/annonc/mdu173,Signature aimed at stratifying HNSCC patients in high/low risk of relapse.
dececco2014_int172,dececco2014_int172|hnscc|head and neck squamous cell carcinoma,SLFN5,162394,-0.024117,weighted_sum|1.496181,10.1093/annonc/mdu173,Signature aimed at stratifying HNSCC patients in high/low risk of relapse.
dececco2014_int172,dececco2014_int172|hnscc|head and neck squamous cell carcinoma,GNG8,94235,-0.009004,weighted_sum|1.496181,10.1093/annonc/mdu173,Signature aimed at stratifying HNSCC patients in high/low risk of relapse.
dececco2014_int172,dececco2014_int172|hnscc|head and neck squamous cell carcinoma,BEX3,27018,0.027041,weighted_sum|1.496181,10.1093/annonc/mdu173,Signature aimed at stratifying HNSCC patients in high/low risk of relapse.
dececco2014_int172,dececco2014_int172|hnscc|head and neck squamous cell carcinoma,RHOF,54509,-0.017641999999999998,weighted_sum|1.496181,10.1093/annonc/mdu173,Signature aimed at stratifying HNSCC patients in high/low risk of relapse.
dececco2014_int172,dececco2014_int172|hnscc|head and neck squamous cell carcinoma,CKAP4,10970,0.015997,weighted_sum|1.496181,10.1093/annonc/mdu173,Signature aimed at stratifying HNSCC patients in high/low risk of relapse.
dececco2014_int172,dececco2014_int172|hnscc|head and neck squamous cell carcinoma,MUC16,94025,-0.034665,weighted_sum|1.496181,10.1093/annonc/mdu173,Signature aimed at stratifying HNSCC patients in high/low risk of relapse.
dececco2014_int172,dececco2014_int172|hnscc|head and neck squamous cell carcinoma,CD6,923,-0.013365,weighted_sum|1.496181,10.1093/annonc/mdu173,Signature aimed at stratifying HNSCC patients in high/low risk of relapse.
dececco2014_int172,dececco2014_int172|hnscc|head and neck squamous cell carcinoma,SPRY1,10252,0.0021249999999999997,weighted_sum|1.496181,10.1093/annonc/mdu173,Signature aimed at stratifying HNSCC patients in high/low risk of relapse.
dececco2014_int172,dececco2014_int172|hnscc|head and neck squamous cell carcinoma,FAM20C,56975,0.013713,weighted_sum|1.496181,10.1093/annonc/mdu173,Signature aimed at stratifying HNSCC patients in high/low risk of relapse.
dececco2014_int172,dececco2014_int172|hnscc|head and neck squamous cell carcinoma,RASSF5,83593,-0.04617,weighted_sum|1.496181,10.1093/annonc/mdu173,Signature aimed at stratifying HNSCC patients in high/low risk of relapse.
dececco2014_int172,dececco2014_int172|hnscc|head and neck squamous cell carcinoma,ARHGEF40,55701,0.01403,weighted_sum|1.496181,10.1093/annonc/mdu173,Signature aimed at stratifying HNSCC patients in high/low risk of relapse.
dececco2014_int172,dececco2014_int172|hnscc|head and neck squamous cell carcinoma,BCL2L1,598,-0.007682000000000001,weighted_sum|1.496181,10.1093/annonc/mdu173,Signature aimed at stratifying HNSCC patients in high/low risk of relapse.
dececco2014_int172,dececco2014_int172|hnscc|head and neck squamous cell carcinoma,ARMCX1,51309,0.027689,weighted_sum|1.496181,10.1093/annonc/mdu173,Signature aimed at stratifying HNSCC patients in high/low risk of relapse.
dececco2014_int172,dececco2014_int172|hnscc|head and neck squamous cell carcinoma,COX6B2,125965,-0.004828000000000002,weighted_sum|1.496181,10.1093/annonc/mdu173,Signature aimed at stratifying HNSCC patients in high/low risk of relapse.
dececco2014_int172,dececco2014_int172|hnscc|head and neck squamous cell carcinoma,POGLUT2,79070,0.029998,weighted_sum|1.496181,10.1093/annonc/mdu173,Signature aimed at stratifying HNSCC patients in high/low risk of relapse.
dececco2014_int172,dececco2014_int172|hnscc|head and neck squamous cell carcinoma,PDHX,8050,0.005632,weighted_sum|1.496181,10.1093/annonc/mdu173,Signature aimed at stratifying HNSCC patients in high/low risk of relapse.
dececco2014_int172,dececco2014_int172|hnscc|head and neck squamous cell carcinoma,KCNE5,23630,0.005521,weighted_sum|1.496181,10.1093/annonc/mdu173,Signature aimed at stratifying HNSCC patients in high/low risk of relapse.
dececco2014_int172,dececco2014_int172|hnscc|head and neck squamous cell carcinoma,JAM3,83700,0.023035999999999997,weighted_sum|1.496181,10.1093/annonc/mdu173,Signature aimed at stratifying HNSCC patients in high/low risk of relapse.
dececco2014_int172,dececco2014_int172|hnscc|head and neck squamous cell carcinoma,PGBD1,84547,0.013510000000000006,weighted_sum|1.496181,10.1093/annonc/mdu173,Signature aimed at stratifying HNSCC patients in high/low risk of relapse.
dececco2014_int172,dececco2014_int172|hnscc|head and neck squamous cell carcinoma,ABI2,10152,0.014926,weighted_sum|1.496181,10.1093/annonc/mdu173,Signature aimed at stratifying HNSCC patients in high/low risk of relapse.
dececco2014_int172,dececco2014_int172|hnscc|head and neck squamous cell carcinoma,BBS9,27241,0.005528,weighted_sum|1.496181,10.1093/annonc/mdu173,Signature aimed at stratifying HNSCC patients in high/low risk of relapse.
dececco2014_int172,dececco2014_int172|hnscc|head and neck squamous cell carcinoma,TPST1,8460,0.023955000000000275,weighted_sum|1.496181,10.1093/annonc/mdu173,Signature aimed at stratifying HNSCC patients in high/low risk of relapse.
dececco2014_int172,dececco2014_int172|hnscc|head and neck squamous cell carcinoma,EFNB3,1949,0.012871,weighted_sum|1.496181,10.1093/annonc/mdu173,Signature aimed at stratifying HNSCC patients in high/low risk of relapse.
dececco2014_int172,dececco2014_int172|hnscc|head and neck squamous cell carcinoma,CD84,8832,-0.019412,weighted_sum|1.496181,10.1093/annonc/mdu173,Signature aimed at stratifying HNSCC patients in high/low risk of relapse.
dececco2014_int172,dececco2014_int172|hnscc|head and neck squamous cell carcinoma,EXTL2,2135,0.029405999999999998,weighted_sum|1.496181,10.1093/annonc/mdu173,Signature aimed at stratifying HNSCC patients in high/low risk of relapse.
dececco2014_int172,dececco2014_int172|hnscc|head and neck squamous cell carcinoma,PXDN,7837,0.036026999999999997,weighted_sum|1.496181,10.1093/annonc/mdu173,Signature aimed at stratifying HNSCC patients in high/low risk of relapse.
dececco2014_int172,dececco2014_int172|hnscc|head and neck squamous cell carcinoma,FLOT2,2319,-0.016381000000000055,weighted_sum|1.496181,10.1093/annonc/mdu173,Signature aimed at stratifying HNSCC patients in high/low risk of relapse.
dececco2014_int172,dececco2014_int172|hnscc|head and neck squamous cell carcinoma,MRFAP1,93621,0.005748000000000001,weighted_sum|1.496181,10.1093/annonc/mdu173,Signature aimed at stratifying HNSCC patients in high/low risk of relapse.
dececco2014_int172,dececco2014_int172|hnscc|head and neck squamous cell carcinoma,NPR1,4881,-0.004405,weighted_sum|1.496181,10.1093/annonc/mdu173,Signature aimed at stratifying HNSCC patients in high/low risk of relapse.
dececco2014_int172,dececco2014_int172|hnscc|head and neck squamous cell carcinoma,LOC153684,153684,-0.019593,weighted_sum|1.496181,10.1093/annonc/mdu173,Signature aimed at stratifying HNSCC patients in high/low risk of relapse.
dececco2014_int172,dececco2014_int172|hnscc|head and neck squamous cell carcinoma,ST6GALNAC4,27090,-0.010894000000000004,weighted_sum|1.496181,10.1093/annonc/mdu173,Signature aimed at stratifying HNSCC patients in high/low risk of relapse.
dececco2014_int172,dececco2014_int172|hnscc|head and neck squamous cell carcinoma,SYNJ1,8867,-0.008726,weighted_sum|1.496181,10.1093/annonc/mdu173,Signature aimed at stratifying HNSCC patients in high/low risk of relapse.
dececco2014_int172,dececco2014_int172|hnscc|head and neck squamous cell carcinoma,UBAC2,337867,0.002531000000000001,weighted_sum|1.496181,10.1093/annonc/mdu173,Signature aimed at stratifying HNSCC patients in high/low risk of relapse.
dececco2014_int172,dececco2014_int172|hnscc|head and neck squamous cell carcinoma,CD200R1,131450,-0.016162,weighted_sum|1.496181,10.1093/annonc/mdu173,Signature aimed at stratifying HNSCC patients in high/low risk of relapse.
dececco2014_int172,dececco2014_int172|hnscc|head and neck squamous cell carcinoma,PRKD1,5587,0.01288,weighted_sum|1.496181,10.1093/annonc/mdu173,Signature aimed at stratifying HNSCC patients in high/low risk of relapse.
dececco2014_int172,dececco2014_int172|hnscc|head and neck squamous cell carcinoma,PLEKHM3,389072,0.006707,weighted_sum|1.496181,10.1093/annonc/mdu173,Signature aimed at stratifying HNSCC patients in high/low risk of relapse.
dececco2014_int172,dececco2014_int172|hnscc|head and neck squamous cell carcinoma,RETREG2,79137,0.004805,weighted_sum|1.496181,10.1093/annonc/mdu173,Signature aimed at stratifying HNSCC patients in high/low risk of relapse.
dececco2014_int172,dececco2014_int172|hnscc|head and neck squamous cell carcinoma,UBXN6,80700,-0.0072099999999999985,weighted_sum|1.496181,10.1093/annonc/mdu173,Signature aimed at stratifying HNSCC patients in high/low risk of relapse.
dececco2014_int172,dececco2014_int172|hnscc|head and neck squamous cell carcinoma,LAMB1,3912,0.029661,weighted_sum|1.496181,10.1093/annonc/mdu173,Signature aimed at stratifying HNSCC patients in high/low risk of relapse.
dececco2014_int172,dececco2014_int172|hnscc|head and neck squamous cell carcinoma,CD101,9398,-0.010202000000000004,weighted_sum|1.496181,10.1093/annonc/mdu173,Signature aimed at stratifying HNSCC patients in high/low risk of relapse.
dececco2014_int172,dececco2014_int172|hnscc|head and neck squamous cell carcinoma,FLT3LG,2323,-0.017937,weighted_sum|1.496181,10.1093/annonc/mdu173,Signature aimed at stratifying HNSCC patients in high/low risk of relapse.
dececco2014_int172,dececco2014_int172|hnscc|head and neck squamous cell carcinoma,FSTL1,11167,0.011120999999999968,weighted_sum|1.496181,10.1093/annonc/mdu173,Signature aimed at stratifying HNSCC patients in high/low risk of relapse.
dececco2014_int172,dececco2014_int172|hnscc|head and neck squamous cell carcinoma,SORBS1,10580,0.00581,weighted_sum|1.496181,10.1093/annonc/mdu173,Signature aimed at stratifying HNSCC patients in high/low risk of relapse.
dececco2014_int172,dececco2014_int172|hnscc|head and neck squamous cell carcinoma,ACSL3,2181,0.011406999999999999,weighted_sum|1.496181,10.1093/annonc/mdu173,Signature aimed at stratifying HNSCC patients in high/low risk of relapse.
dececco2014_int172,dececco2014_int172|hnscc|head and neck squamous cell carcinoma,NCL,4691,0.010364,weighted_sum|1.496181,10.1093/annonc/mdu173,Signature aimed at stratifying HNSCC patients in high/low risk of relapse.
dececco2014_int172,dececco2014_int172|hnscc|head and neck squamous cell carcinoma,TNFAIP8,25816,-0.027854,weighted_sum|1.496181,10.1093/annonc/mdu173,Signature aimed at stratifying HNSCC patients in high/low risk of relapse.
dececco2014_int172,dececco2014_int172|hnscc|head and neck squamous cell carcinoma,SV2A,9900,0.023218999999999997,weighted_sum|1.496181,10.1093/annonc/mdu173,Signature aimed at stratifying HNSCC patients in high/low risk of relapse.
dececco2014_int172,dececco2014_int172|hnscc|head and neck squamous cell carcinoma,SYNGR3,9143,-0.016111,weighted_sum|1.496181,10.1093/annonc/mdu173,Signature aimed at stratifying HNSCC patients in high/low risk of relapse.
dececco2014_int172,dececco2014_int172|hnscc|head and neck squamous cell carcinoma,LMAN2L,81562,0.02163,weighted_sum|1.496181,10.1093/annonc/mdu173,Signature aimed at stratifying HNSCC patients in high/low risk of relapse.
dececco2014_int172,dececco2014_int172|hnscc|head and neck squamous cell carcinoma,CENPBD1,92806,0.010914,weighted_sum|1.496181,10.1093/annonc/mdu173,Signature aimed at stratifying HNSCC patients in high/low risk of relapse.
dececco2014_int172,dececco2014_int172|hnscc|head and neck squamous cell carcinoma,AKNA,80709,-0.017803,weighted_sum|1.496181,10.1093/annonc/mdu173,Signature aimed at stratifying HNSCC patients in high/low risk of relapse.
dececco2014_int172,dececco2014_int172|hnscc|head and neck squamous cell carcinoma,ST7-AS1,93653,0.008169,weighted_sum|1.496181,10.1093/annonc/mdu173,Signature aimed at stratifying HNSCC patients in high/low risk of relapse.
dececco2014_int172,dececco2014_int172|hnscc|head and neck squamous cell carcinoma,HS3ST4,9951,-0.0065840000000000004,weighted_sum|1.496181,10.1093/annonc/mdu173,Signature aimed at stratifying HNSCC patients in high/low risk of relapse.
dececco2014_int172,dececco2014_int172|hnscc|head and neck squamous cell carcinoma,SLC15A1,6564,0.009517,weighted_sum|1.496181,10.1093/annonc/mdu173,Signature aimed at stratifying HNSCC patients in high/low risk of relapse.
dececco2014_int172,dececco2014_int172|hnscc|head and neck squamous cell carcinoma,NPIPB5,100132247,-0.006423000000000003,weighted_sum|1.496181,10.1093/annonc/mdu173,Signature aimed at stratifying HNSCC patients in high/low risk of relapse.
dececco2014_int172,dececco2014_int172|hnscc|head and neck squamous cell carcinoma,CARMIL2,146206,-0.006912,weighted_sum|1.496181,10.1093/annonc/mdu173,Signature aimed at stratifying HNSCC patients in high/low risk of relapse.
dececco2014_int172,dececco2014_int172|hnscc|head and neck squamous cell carcinoma,SNX20,124460,-0.008935,weighted_sum|1.496181,10.1093/annonc/mdu173,Signature aimed at stratifying HNSCC patients in high/low risk of relapse.
dececco2014_int172,dececco2014_int172|hnscc|head and neck squamous cell carcinoma,RCN1,5954,0.012679000000000006,weighted_sum|1.496181,10.1093/annonc/mdu173,Signature aimed at stratifying HNSCC patients in high/low risk of relapse.
dececco2014_int172,dececco2014_int172|hnscc|head and neck squamous cell carcinoma,XKR6,286046,-0.008865,weighted_sum|1.496181,10.1093/annonc/mdu173,Signature aimed at stratifying HNSCC patients in high/low risk of relapse.
dececco2014_int172,dececco2014_int172|hnscc|head and neck squamous cell carcinoma,CHSY3,337876,0.017267,weighted_sum|1.496181,10.1093/annonc/mdu173,Signature aimed at stratifying HNSCC patients in high/low risk of relapse.
dececco2014_int172,dececco2014_int172|hnscc|head and neck squamous cell carcinoma,FGD2,221472,-0.014948,weighted_sum|1.496181,10.1093/annonc/mdu173,Signature aimed at stratifying HNSCC patients in high/low risk of relapse.
dececco2014_int172,dececco2014_int172|hnscc|head and neck squamous cell carcinoma,RSPH6A,81492,-0.002181,weighted_sum|1.496181,10.1093/annonc/mdu173,Signature aimed at stratifying HNSCC patients in high/low risk of relapse.
dececco2014_int172,dececco2014_int172|hnscc|head and neck squamous cell carcinoma,PHETA2,150368,0.010722999999999998,weighted_sum|1.496181,10.1093/annonc/mdu173,Signature aimed at stratifying HNSCC patients in high/low risk of relapse.
dececco2014_int172,dececco2014_int172|hnscc|head and neck squamous cell carcinoma,TLR6,10333,-0.013105,weighted_sum|1.496181,10.1093/annonc/mdu173,Signature aimed at stratifying HNSCC patients in high/low risk of relapse.
dececco2014_int172,dececco2014_int172|hnscc|head and neck squamous cell carcinoma,LILRA6,79168,-0.015175,weighted_sum|1.496181,10.1093/annonc/mdu173,Signature aimed at stratifying HNSCC patients in high/low risk of relapse.
dececco2014_int172,dececco2014_int172|hnscc|head and neck squamous cell carcinoma,PTK2B,2185,-0.018136,weighted_sum|1.496181,10.1093/annonc/mdu173,Signature aimed at stratifying HNSCC patients in high/low risk of relapse.
dececco2014_int172,dececco2014_int172|hnscc|head and neck squamous cell carcinoma,RNF24,11237,0.018102,weighted_sum|1.496181,10.1093/annonc/mdu173,Signature aimed at stratifying HNSCC patients in high/low risk of relapse.
dececco2014_int172,dececco2014_int172|hnscc|head and neck squamous cell carcinoma,METTL7B,196410,0.020835,weighted_sum|1.496181,10.1093/annonc/mdu173,Signature aimed at stratifying HNSCC patients in high/low risk of relapse.
dececco2014_int172,dececco2014_int172|hnscc|head and neck squamous cell carcinoma,STAU1,6780,0.010907,weighted_sum|1.496181,10.1093/annonc/mdu173,Signature aimed at stratifying HNSCC patients in high/low risk of relapse.
dececco2014_int172,dececco2014_int172|hnscc|head and neck squamous cell carcinoma,PALM2AKAP2,445815,0.023363000000000005,weighted_sum|1.496181,10.1093/annonc/mdu173,Signature aimed at stratifying HNSCC patients in high/low risk of relapse.
dececco2014_int172,dececco2014_int172|hnscc|head and neck squamous cell carcinoma,CAMLG,819,0.004396,weighted_sum|1.496181,10.1093/annonc/mdu173,Signature aimed at stratifying HNSCC patients in high/low risk of relapse.
dececco2014_int172,dececco2014_int172|hnscc|head and neck squamous cell carcinoma,LIMK1,3984,-0.002594,weighted_sum|1.496181,10.1093/annonc/mdu173,Signature aimed at stratifying HNSCC patients in high/low risk of relapse.
dececco2014_int172,dececco2014_int172|hnscc|head and neck squamous cell carcinoma,ZC3H12B,340554,61700000000000,weighted_sum|1.496181,10.1093/annonc/mdu173,Signature aimed at stratifying HNSCC patients in high/low risk of relapse.
dececco2014_int172,dececco2014_int172|hnscc|head and neck squamous cell carcinoma,TMCO1-AS1,100147773,-0.003919,weighted_sum|1.496181,10.1093/annonc/mdu173,Signature aimed at stratifying HNSCC patients in high/low risk of relapse.
dececco2014_int172,dececco2014_int172|hnscc|head and neck squamous cell carcinoma,PMM1,5372,0.009885,weighted_sum|1.496181,10.1093/annonc/mdu173,Signature aimed at stratifying HNSCC patients in high/low risk of relapse.
dececco2014_int172,dececco2014_int172|hnscc|head and neck squamous cell carcinoma,RASSF8,11228,0.01870800000000005,weighted_sum|1.496181,10.1093/annonc/mdu173,Signature aimed at stratifying HNSCC patients in high/low risk of relapse.
dececco2014_int172,dececco2014_int172|hnscc|head and neck squamous cell carcinoma,SNX29P2,440352,-0.00768,weighted_sum|1.496181,10.1093/annonc/mdu173,Signature aimed at stratifying HNSCC patients in high/low risk of relapse.
dececco2014_int172,dececco2014_int172|hnscc|head and neck squamous cell carcinoma,MYH10,4628,0.03366200000000001,weighted_sum|1.496181,10.1093/annonc/mdu173,Signature aimed at stratifying HNSCC patients in high/low risk of relapse.
dececco2014_int172,dececco2014_int172|hnscc|head and neck squamous cell carcinoma,SLC22A17,51310,0.010424999999999999,weighted_sum|1.496181,10.1093/annonc/mdu173,Signature aimed at stratifying HNSCC patients in high/low risk of relapse.
dececco2014_int172,dececco2014_int172|hnscc|head and neck squamous cell carcinoma,FIBCD1,84929,-4.3599999999999997e-4,weighted_sum|1.496181,10.1093/annonc/mdu173,Signature aimed at stratifying HNSCC patients in high/low risk of relapse.
dececco2014_int172,dececco2014_int172|hnscc|head and neck squamous cell carcinoma,LDLRAD3,143458,0.020145999999999997,weighted_sum|1.496181,10.1093/annonc/mdu173,Signature aimed at stratifying HNSCC patients in high/low risk of relapse.
dececco2014_int172,dececco2014_int172|hnscc|head and neck squamous cell carcinoma,TLR8,51311,-0.033437,weighted_sum|1.496181,10.1093/annonc/mdu173,Signature aimed at stratifying HNSCC patients in high/low risk of relapse.
dececco2014_int172,dececco2014_int172|hnscc|head and neck squamous cell carcinoma,BOD1,91272,0.013849000000000137,weighted_sum|1.496181,10.1093/annonc/mdu173,Signature aimed at stratifying HNSCC patients in high/low risk of relapse.
dececco2014_int172,dececco2014_int172|hnscc|head and neck squamous cell carcinoma,CXCR3,2833,-0.0239,weighted_sum|1.496181,10.1093/annonc/mdu173,Signature aimed at stratifying HNSCC patients in high/low risk of relapse.
dececco2014_int172,dececco2014_int172|hnscc|head and neck squamous cell carcinoma,GCH1,2643,-0.031173,weighted_sum|1.496181,10.1093/annonc/mdu173,Signature aimed at stratifying HNSCC patients in high/low risk of relapse.
dececco2014_int172,dececco2014_int172|hnscc|head and neck squamous cell carcinoma,NADK,65220,-0.0078090000000000034,weighted_sum|1.496181,10.1093/annonc/mdu173,Signature aimed at stratifying HNSCC patients in high/low risk of relapse.
dececco2014_int172,dececco2014_int172|hnscc|head and neck squamous cell carcinoma,CPNE9,151835,-0.005261,weighted_sum|1.496181,10.1093/annonc/mdu173,Signature aimed at stratifying HNSCC patients in high/low risk of relapse.
dececco2014_int172,dececco2014_int172|hnscc|head and neck squamous cell carcinoma,NUDT9,53343,0.00742,weighted_sum|1.496181,10.1093/annonc/mdu173,Signature aimed at stratifying HNSCC patients in high/low risk of relapse.
dececco2014_int172,dececco2014_int172|hnscc|head and neck squamous cell carcinoma,PDE6D,5147,-149000000000000,weighted_sum|1.496181,10.1093/annonc/mdu173,Signature aimed at stratifying HNSCC patients in high/low risk of relapse.
dececco2014_int172,dececco2014_int172|hnscc|head and neck squamous cell carcinoma,IQGAP1,8826,-0.012194,weighted_sum|1.496181,10.1093/annonc/mdu173,Signature aimed at stratifying HNSCC patients in high/low risk of relapse.
dececco2014_int172,dececco2014_int172|hnscc|head and neck squamous cell carcinoma,FAM53C,51307,0.005389000000000001,weighted_sum|1.496181,10.1093/annonc/mdu173,Signature aimed at stratifying HNSCC patients in high/low risk of relapse.
dececco2014_int172,dececco2014_int172|hnscc|head and neck squamous cell carcinoma,ITGB5,3693,0.018649,weighted_sum|1.496181,10.1093/annonc/mdu173,Signature aimed at stratifying HNSCC patients in high/low risk of relapse.
dececco2014_int172,dececco2014_int172|hnscc|head and neck squamous cell carcinoma,USP40,55230,0.007685,weighted_sum|1.496181,10.1093/annonc/mdu173,Signature aimed at stratifying HNSCC patients in high/low risk of relapse.
dececco2014_int172,dececco2014_int172|hnscc|head and neck squamous cell carcinoma,SCFD2,152579,0.007218,weighted_sum|1.496181,10.1093/annonc/mdu173,Signature aimed at stratifying HNSCC patients in high/low risk of relapse.
dececco2014_int172,dececco2014_int172|hnscc|head and neck squamous cell carcinoma,TCEAL9,51186,0.022397,weighted_sum|1.496181,10.1093/annonc/mdu173,Signature aimed at stratifying HNSCC patients in high/low risk of relapse.
dececco2014_int172,dececco2014_int172|hnscc|head and neck squamous cell carcinoma,SLC37A3,84255,0.011196999999999999,weighted_sum|1.496181,10.1093/annonc/mdu173,Signature aimed at stratifying HNSCC patients in high/low risk of relapse.
dececco2014_int172,dececco2014_int172|hnscc|head and neck squamous cell carcinoma,FOXP3,50943,-0.006495,weighted_sum|1.496181,10.1093/annonc/mdu173,Signature aimed at stratifying HNSCC patients in high/low risk of relapse.
dececco2014_int172,dececco2014_int172|hnscc|head and neck squamous cell carcinoma,RESF1,55196,-0.030628,weighted_sum|1.496181,10.1093/annonc/mdu173,Signature aimed at stratifying HNSCC patients in high/low risk of relapse.
dececco2014_int172,dececco2014_int172|hnscc|head and neck squamous cell carcinoma,GNA13,10672,-0.012223,weighted_sum|1.496181,10.1093/annonc/mdu173,Signature aimed at stratifying HNSCC patients in high/low risk of relapse.
dececco2014_int172,dececco2014_int172|hnscc|head and neck squamous cell carcinoma,ST8SIA2,8128,0.009534,weighted_sum|1.496181,10.1093/annonc/mdu173,Signature aimed at stratifying HNSCC patients in high/low risk of relapse.
dececco2014_int172,dececco2014_int172|hnscc|head and neck squamous cell carcinoma,LYZ,4069,-0.061480999999999994,weighted_sum|1.496181,10.1093/annonc/mdu173,Signature aimed at stratifying HNSCC patients in high/low risk of relapse.
dececco2014_int172,dececco2014_int172|hnscc|head and neck squamous cell carcinoma,CADM1,23705,0.007572,weighted_sum|1.496181,10.1093/annonc/mdu173,Signature aimed at stratifying HNSCC patients in high/low risk of relapse.
dececco2014_int172,dececco2014_int172|hnscc|head and neck squamous cell carcinoma,C11orf49,79096,0.0051810000000000024,weighted_sum|1.496181,10.1093/annonc/mdu173,Signature aimed at stratifying HNSCC patients in high/low risk of relapse.
dececco2014_int172,dececco2014_int172|hnscc|head and neck squamous cell carcinoma,NLRC5,84166,-0.051927,weighted_sum|1.496181,10.1093/annonc/mdu173,Signature aimed at stratifying HNSCC patients in high/low risk of relapse.
dececco2014_int172,dececco2014_int172|hnscc|head and neck squamous cell carcinoma,CARS2,79587,0.0028959999999999997,weighted_sum|1.496181,10.1093/annonc/mdu173,Signature aimed at stratifying HNSCC patients in high/low risk of relapse.
dececco2014_int172,dececco2014_int172|hnscc|head and neck squamous cell carcinoma,GZF1,64412,0.007357,weighted_sum|1.496181,10.1093/annonc/mdu173,Signature aimed at stratifying HNSCC patients in high/low risk of relapse.
dececco2014_int172,dececco2014_int172|hnscc|head and neck squamous cell carcinoma,FXYD2,486,-0.013467999999999999,weighted_sum|1.496181,10.1093/annonc/mdu173,Signature aimed at stratifying HNSCC patients in high/low risk of relapse.
dececco2014_int172,dececco2014_int172|hnscc|head and neck squamous cell carcinoma,HTRA3,94031,0.009066,weighted_sum|1.496181,10.1093/annonc/mdu173,Signature aimed at stratifying HNSCC patients in high/low risk of relapse.
dececco2014_int172,dececco2014_int172|hnscc|head and neck squamous cell carcinoma,NAP1L5,266812,0.006929,weighted_sum|1.496181,10.1093/annonc/mdu173,Signature aimed at stratifying HNSCC patients in high/low risk of relapse.
dececco2014_int172,dececco2014_int172|hnscc|head and neck squamous cell carcinoma,TIGD7,91151,0.010391,weighted_sum|1.496181,10.1093/annonc/mdu173,Signature aimed at stratifying HNSCC patients in high/low risk of relapse.
dececco2014_int172,dececco2014_int172|hnscc|head and neck squamous cell carcinoma,PHC1,1911,0.011817,weighted_sum|1.496181,10.1093/annonc/mdu173,Signature aimed at stratifying HNSCC patients in high/low risk of relapse.
dececco2014_int172,dececco2014_int172|hnscc|head and neck squamous cell carcinoma,LAMC1,3915,0.022008999999999997,weighted_sum|1.496181,10.1093/annonc/mdu173,Signature aimed at stratifying HNSCC patients in high/low risk of relapse.
dececco2014_int172,dececco2014_int172|hnscc|head and neck squamous cell carcinoma,AMPD3,272,-0.017009,weighted_sum|1.496181,10.1093/annonc/mdu173,Signature aimed at stratifying HNSCC patients in high/low risk of relapse.
dececco2014_int172,dececco2014_int172|hnscc|head and neck squamous cell carcinoma,VPS26C,10311,-0.008808,weighted_sum|1.496181,10.1093/annonc/mdu173,Signature aimed at stratifying HNSCC patients in high/low risk of relapse.
dececco2014_int172,dececco2014_int172|hnscc|head and neck squamous cell carcinoma,VASP,7408,-0.009779,weighted_sum|1.496181,10.1093/annonc/mdu173,Signature aimed at stratifying HNSCC patients in high/low risk of relapse.
dececco2014_int172,dececco2014_int172|hnscc|head and neck squamous cell carcinoma,STK25,10494,0.011242,weighted_sum|1.496181,10.1093/annonc/mdu173,Signature aimed at stratifying HNSCC patients in high/low risk of relapse.
dececco2014_int172,dececco2014_int172|hnscc|head and neck squamous cell carcinoma,DMTN,2039,-0.001113,weighted_sum|1.496181,10.1093/annonc/mdu173,Signature aimed at stratifying HNSCC patients in high/low risk of relapse.
dececco2014_int172,dececco2014_int172|hnscc|head and neck squamous cell carcinoma,ILKAP,80895,0.00396,weighted_sum|1.496181,10.1093/annonc/mdu173,Signature aimed at stratifying HNSCC patients in high/low risk of relapse.
dececco2014_int172,dececco2014_int172|hnscc|head and neck squamous cell carcinoma,SPATS2L,26010,0.0060230000000000014,weighted_sum|1.496181,10.1093/annonc/mdu173,Signature aimed at stratifying HNSCC patients in high/low risk of relapse.
dececco2014_int172,dececco2014_int172|hnscc|head and neck squamous cell carcinoma,SRPRA,6734,-0.011712999999999998,weighted_sum|1.496181,10.1093/annonc/mdu173,Signature aimed at stratifying HNSCC patients in high/low risk of relapse.
dececco2014_int172,dececco2014_int172|hnscc|head and neck squamous cell carcinoma,DOC2B,8447,-0.007289,weighted_sum|1.496181,10.1093/annonc/mdu173,Signature aimed at stratifying HNSCC patients in high/low risk of relapse.
dececco2014_int172,dececco2014_int172|hnscc|head and neck squamous cell carcinoma,ZDHHC9,51114,0.023215,weighted_sum|1.496181,10.1093/annonc/mdu173,Signature aimed at stratifying HNSCC patients in high/low risk of relapse.
dececco2014_int172,dececco2014_int172|hnscc|head and neck squamous cell carcinoma,VAT1,10493,0.007854000000000036,weighted_sum|1.496181,10.1093/annonc/mdu173,Signature aimed at stratifying HNSCC patients in high/low risk of relapse.
dececco2014_int172,dececco2014_int172|hnscc|head and neck squamous cell carcinoma,NLN,57486,0.011596,weighted_sum|1.496181,10.1093/annonc/mdu173,Signature aimed at stratifying HNSCC patients in high/low risk of relapse.
dececco2014_int172,dececco2014_int172|hnscc|head and neck squamous cell carcinoma,KIR2DS2,100132285,-0.009314999999999999,weighted_sum|1.496181,10.1093/annonc/mdu173,Signature aimed at stratifying HNSCC patients in high/low risk of relapse.
dececco2014_int172,dececco2014_int172|hnscc|head and neck squamous cell carcinoma,SPI1,6688,-0.02233,weighted_sum|1.496181,10.1093/annonc/mdu173,Signature aimed at stratifying HNSCC patients in high/low risk of relapse.
dececco2014_int172,dececco2014_int172|hnscc|head and neck squamous cell carcinoma,GVINP1,387751,-0.041146,weighted_sum|1.496181,10.1093/annonc/mdu173,Signature aimed at stratifying HNSCC patients in high/low risk of relapse.
dececco2014_int172,dececco2014_int172|hnscc|head and neck squamous cell carcinoma,CFDP1,10428,0.014681,weighted_sum|1.496181,10.1093/annonc/mdu173,Signature aimed at stratifying HNSCC patients in high/low risk of relapse.
dececco2014_int172,dececco2014_int172|hnscc|head and neck squamous cell carcinoma,KIR2DL4,3805,-0.011784,weighted_sum|1.496181,10.1093/annonc/mdu173,Signature aimed at stratifying HNSCC patients in high/low risk of relapse.
dececco2014_int172,dececco2014_int172|hnscc|head and neck squamous cell carcinoma,SNCG,6623,-0.005371,weighted_sum|1.496181,10.1093/annonc/mdu173,Signature aimed at stratifying HNSCC patients in high/low risk of relapse.
dececco2014_int172,dececco2014_int172|hnscc|head and neck squamous cell carcinoma,GBP4,115361,-0.04917300000000011,weighted_sum|1.496181,10.1093/annonc/mdu173,Signature aimed at stratifying HNSCC patients in high/low risk of relapse.
dececco2014_int172,dececco2014_int172|hnscc|head and neck squamous cell carcinoma,POFUT1,23509,0.008171,weighted_sum|1.496181,10.1093/annonc/mdu173,Signature aimed at stratifying HNSCC patients in high/low risk of relapse.
dececco2014_int172,dececco2014_int172|hnscc|head and neck squamous cell carcinoma,KITLG,4254,-0.013013,weighted_sum|1.496181,10.1093/annonc/mdu173,Signature aimed at stratifying HNSCC patients in high/low risk of relapse.
dececco2014_int172,dececco2014_int172|hnscc|head and neck squamous cell carcinoma,THUMPD2,80745,0.013543000000000006,weighted_sum|1.496181,10.1093/annonc/mdu173,Signature aimed at stratifying HNSCC patients in high/low risk of relapse.
dececco2014_int172,dececco2014_int172|hnscc|head and neck squamous cell carcinoma,KEL,3792,-0.00943,weighted_sum|1.496181,10.1093/annonc/mdu173,Signature aimed at stratifying HNSCC patients in high/low risk of relapse.
dececco2014_int172,dececco2014_int172|hnscc|head and neck squamous cell carcinoma,ARHGAP30,257106,-0.032182,weighted_sum|1.496181,10.1093/annonc/mdu173,Signature aimed at stratifying HNSCC patients in high/low risk of relapse.
dececco2014_int172,dececco2014_int172|hnscc|head and neck squamous cell carcinoma,TRAM1L1,133022,0.019982,weighted_sum|1.496181,10.1093/annonc/mdu173,Signature aimed at stratifying HNSCC patients in high/low risk of relapse.
dececco2014_int172,dececco2014_int172|hnscc|head and neck squamous cell carcinoma,PTX3,5806,0.047931,weighted_sum|1.496181,10.1093/annonc/mdu173,Signature aimed at stratifying HNSCC patients in high/low risk of relapse.
dececco2014_int172,dececco2014_int172|hnscc|head and neck squamous cell carcinoma,TMEM128,85013,0.005778,weighted_sum|1.496181,10.1093/annonc/mdu173,Signature aimed at stratifying HNSCC patients in high/low risk of relapse.
dececco2014_int172,dececco2014_int172|hnscc|head and neck squamous cell carcinoma,STBD1,8987,0.004126,weighted_sum|1.496181,10.1093/annonc/mdu173,Signature aimed at stratifying HNSCC patients in high/low risk of relapse.
dececco2014_int172,dececco2014_int172|hnscc|head and neck squamous cell carcinoma,CACTIN,58509,-0.002189,weighted_sum|1.496181,10.1093/annonc/mdu173,Signature aimed at stratifying HNSCC patients in high/low risk of relapse.
dececco2014_int172,dececco2014_int172|hnscc|head and neck squamous cell carcinoma,FLI1,2313,-0.030291,weighted_sum|1.496181,10.1093/annonc/mdu173,Signature aimed at stratifying HNSCC patients in high/low risk of relapse.
dececco2014_int172,dececco2014_int172|hnscc|head and neck squamous cell carcinoma,TREML2,79865,-0.006737,weighted_sum|1.496181,10.1093/annonc/mdu173,Signature aimed at stratifying HNSCC patients in high/low risk of relapse.
dececco2014_int172,dececco2014_int172|hnscc|head and neck squamous cell carcinoma,USP13,8975,0.028433,weighted_sum|1.496181,10.1093/annonc/mdu173,Signature aimed at stratifying HNSCC patients in high/low risk of relapse.
dececco2014_int172,dececco2014_int172|hnscc|head and neck squamous cell carcinoma,DAPK3,1613,-0.0066820000000000004,weighted_sum|1.496181,10.1093/annonc/mdu173,Signature aimed at stratifying HNSCC patients in high/low risk of relapse.
dececco2014_int172,dececco2014_int172|hnscc|head and neck squamous cell carcinoma,GPRASP2,114928,0.033283,weighted_sum|1.496181,10.1093/annonc/mdu173,Signature aimed at stratifying HNSCC patients in high/low risk of relapse.
dececco2014_int172,dececco2014_int172|hnscc|head and neck squamous cell carcinoma,KLRC2,3822,-0.060381,weighted_sum|1.496181,10.1093/annonc/mdu173,Signature aimed at stratifying HNSCC patients in high/low risk of relapse.
dececco2014_int172,dececco2014_int172|hnscc|head and neck squamous cell carcinoma,RAP2B,5912,-0.008396,weighted_sum|1.496181,10.1093/annonc/mdu173,Signature aimed at stratifying HNSCC patients in high/low risk of relapse.
dececco2014_int172,dececco2014_int172|hnscc|head and neck squamous cell carcinoma,LSP1P5,645166,0.03910300000000001,weighted_sum|1.496181,10.1093/annonc/mdu173,Signature aimed at stratifying HNSCC patients in high/low risk of relapse.
liu2020_immune,liu2020_immune|hnscc|head and neck squamous cell carcinoma,DKK1,22943,0.194662,weighted_sum|median,10.3389/fgene.2020.576566,Immune-related genes associated to overall survival in HNSCC patients.
liu2020_immune,liu2020_immune|hnscc|head and neck squamous cell carcinoma,HBEGF,1839,0.435235,weighted_sum|median,10.3389/fgene.2020.576566,Immune-related genes associated to overall survival in HNSCC patients.
liu2020_immune,liu2020_immune|hnscc|head and neck squamous cell carcinoma,RNASE7,84659,0.254406,weighted_sum|median,10.3389/fgene.2020.576566,Immune-related genes associated to overall survival in HNSCC patients.
liu2020_immune,liu2020_immune|hnscc|head and neck squamous cell carcinoma,TNFRSF12A,51330,0.411604,weighted_sum|median,10.3389/fgene.2020.576566,Immune-related genes associated to overall survival in HNSCC patients.
liu2020_immune,liu2020_immune|hnscc|head and neck squamous cell carcinoma,INHBA,3624,-0.41064,weighted_sum|median,10.3389/fgene.2020.576566,Immune-related genes associated to overall survival in HNSCC patients.
liu2020_immune,liu2020_immune|hnscc|head and neck squamous cell carcinoma,PIK3R3,8503,-0.6710499999999995,weighted_sum|median,10.3389/fgene.2020.576566,Immune-related genes associated to overall survival in HNSCC patients.
qiang2021_irgs,qiang2021_irgs|immune|hnscc|head and neck squamous cell carcinoma,PLAU,5328,51100000000000,weighted_sum|median,10.1016/j.csbj.2021.01.046,Prognostic signature of immune-related genes for HNSCC.
qiang2021_irgs,qiang2021_irgs|immune|hnscc|head and neck squamous cell carcinoma,IRF9,10379,-0.02022,weighted_sum|median,10.1016/j.csbj.2021.01.046,Prognostic signature of immune-related genes for HNSCC.
qiang2021_irgs,qiang2021_irgs|immune|hnscc|head and neck squamous cell carcinoma,CCL26,10344,0.002514,weighted_sum|median,10.1016/j.csbj.2021.01.046,Prognostic signature of immune-related genes for HNSCC.
qiang2021_irgs,qiang2021_irgs|immune|hnscc|head and neck squamous cell carcinoma,BLNK,29760,-0.00517,weighted_sum|median,10.1016/j.csbj.2021.01.046,Prognostic signature of immune-related genes for HNSCC.
qiang2021_irgs,qiang2021_irgs|immune|hnscc|head and neck squamous cell carcinoma,SEMA3G,56920,-0.14066,weighted_sum|median,10.1016/j.csbj.2021.01.046,Prognostic signature of immune-related genes for HNSCC.
qiang2021_irgs,qiang2021_irgs|immune|hnscc|head and neck squamous cell carcinoma,FPR2,2358,0.10506800000000002,weighted_sum|median,10.1016/j.csbj.2021.01.046,Prognostic signature of immune-related genes for HNSCC.
qiang2021_irgs,qiang2021_irgs|immune|hnscc|head and neck squamous cell carcinoma,GAST,2520,0.018375000000000377,weighted_sum|median,10.1016/j.csbj.2021.01.046,Prognostic signature of immune-related genes for HNSCC.
qiang2021_irgs,qiang2021_irgs|immune|hnscc|head and neck squamous cell carcinoma,IL34,146433,-0.0564,weighted_sum|median,10.1016/j.csbj.2021.01.046,Prognostic signature of immune-related genes for HNSCC.
qiang2021_irgs,qiang2021_irgs|immune|hnscc|head and neck squamous cell carcinoma,SLURP1,57152,-0.00147,weighted_sum|median,10.1016/j.csbj.2021.01.046,Prognostic signature of immune-related genes for HNSCC.
qiang2021_irgs,qiang2021_irgs|immune|hnscc|head and neck squamous cell carcinoma,STC1,6781,0.011072,weighted_sum|median,10.1016/j.csbj.2021.01.046,Prognostic signature of immune-related genes for HNSCC.
qiang2021_irgs,qiang2021_irgs|immune|hnscc|head and neck squamous cell carcinoma,STC2,8614,0.011024999999999998,weighted_sum|median,10.1016/j.csbj.2021.01.046,Prognostic signature of immune-related genes for HNSCC.
qiang2021_irgs,qiang2021_irgs|immune|hnscc|head and neck squamous cell carcinoma,TNFRSF12A,51330,0.003982,weighted_sum|median,10.1016/j.csbj.2021.01.046,Prognostic signature of immune-related genes for HNSCC.
qiang2021_irgs,qiang2021_irgs|immune|hnscc|head and neck squamous cell carcinoma,TNFRSF25,8718,-0.06533,weighted_sum|median,10.1016/j.csbj.2021.01.046,Prognostic signature of immune-related genes for HNSCC.
bai2019_immune,bai2019_immune|inflammation|ocscc|hnscc|oral cavity|head and neck squamous cell carcinoma,CD27,939,-0.444,weighted_sum|median,10.1155/2019/3865279,Immune/inflammatory-related genes for prognostic prediction of oral cavity squamous cell carcinoma.
bai2019_immune,bai2019_immune|inflammation|ocscc|hnscc|oral cavity|head and neck squamous cell carcinoma,CD79B,974,-0.4390000000000036,weighted_sum|median,10.1155/2019/3865279,Immune/inflammatory-related genes for prognostic prediction of oral cavity squamous cell carcinoma.
bai2019_immune,bai2019_immune|inflammation|ocscc|hnscc|oral cavity|head and neck squamous cell carcinoma,CMA1,1215,-0.51,weighted_sum|median,10.1155/2019/3865279,Immune/inflammatory-related genes for prognostic prediction of oral cavity squamous cell carcinoma.
bai2019_immune,bai2019_immune|inflammation|ocscc|hnscc|oral cavity|head and neck squamous cell carcinoma,CCR4,1233,-0.4730000000000003,weighted_sum|median,10.1155/2019/3865279,Immune/inflammatory-related genes for prognostic prediction of oral cavity squamous cell carcinoma.
bai2019_immune,bai2019_immune|inflammation|ocscc|hnscc|oral cavity|head and neck squamous cell carcinoma,CCR7,1236,-0.4370000000000036,weighted_sum|median,10.1155/2019/3865279,Immune/inflammatory-related genes for prognostic prediction of oral cavity squamous cell carcinoma.
bai2019_immune,bai2019_immune|inflammation|ocscc|hnscc|oral cavity|head and neck squamous cell carcinoma,CNR2,1269,-0.557,weighted_sum|median,10.1155/2019/3865279,Immune/inflammatory-related genes for prognostic prediction of oral cavity squamous cell carcinoma.
bai2019_immune,bai2019_immune|inflammation|ocscc|hnscc|oral cavity|head and neck squamous cell carcinoma,CTLA4,1493,-0.467,weighted_sum|median,10.1155/2019/3865279,Immune/inflammatory-related genes for prognostic prediction of oral cavity squamous cell carcinoma.
bai2019_immune,bai2019_immune|inflammation|ocscc|hnscc|oral cavity|head and neck squamous cell carcinoma,CTSG,1511,-0.6749999999999995,weighted_sum|median,10.1155/2019/3865279,Immune/inflammatory-related genes for prognostic prediction of oral cavity squamous cell carcinoma.
bai2019_immune,bai2019_immune|inflammation|ocscc|hnscc|oral cavity|head and neck squamous cell carcinoma,GZMM,3004,-0.518,weighted_sum|median,10.1155/2019/3865279,Immune/inflammatory-related genes for prognostic prediction of oral cavity squamous cell carcinoma.
bai2019_immune,bai2019_immune|inflammation|ocscc|hnscc|oral cavity|head and neck squamous cell carcinoma,IL16,3603,-0.519,weighted_sum|median,10.1155/2019/3865279,Immune/inflammatory-related genes for prognostic prediction of oral cavity squamous cell carcinoma.
bai2019_immune,bai2019_immune|inflammation|ocscc|hnscc|oral cavity|head and neck squamous cell carcinoma,MASP1,5648,-0.498,weighted_sum|median,10.1155/2019/3865279,Immune/inflammatory-related genes for prognostic prediction of oral cavity squamous cell carcinoma.
bai2019_immune,bai2019_immune|inflammation|ocscc|hnscc|oral cavity|head and neck squamous cell carcinoma,SAA1,6288,0.4750000000000003,weighted_sum|median,10.1155/2019/3865279,Immune/inflammatory-related genes for prognostic prediction of oral cavity squamous cell carcinoma.
bai2019_immune,bai2019_immune|inflammation|ocscc|hnscc|oral cavity|head and neck squamous cell carcinoma,CCL11,6356,-0.466,weighted_sum|median,10.1155/2019/3865279,Immune/inflammatory-related genes for prognostic prediction of oral cavity squamous cell carcinoma.
bai2019_immune,bai2019_immune|inflammation|ocscc|hnscc|oral cavity|head and neck squamous cell carcinoma,TNFAIP3,7128,0.442,weighted_sum|median,10.1155/2019/3865279,Immune/inflammatory-related genes for prognostic prediction of oral cavity squamous cell carcinoma.
bai2019_immune,bai2019_immune|inflammation|ocscc|hnscc|oral cavity|head and neck squamous cell carcinoma,BATF,10538,-0.451,weighted_sum|median,10.1155/2019/3865279,Immune/inflammatory-related genes for prognostic prediction of oral cavity squamous cell carcinoma.
bai2019_immune,bai2019_immune|inflammation|ocscc|hnscc|oral cavity|head and neck squamous cell carcinoma,IL19,29949,-0.4700000000000003,weighted_sum|median,10.1155/2019/3865279,Immune/inflammatory-related genes for prognostic prediction of oral cavity squamous cell carcinoma.
bai2019_immune,bai2019_immune|inflammation|ocscc|hnscc|oral cavity|head and neck squamous cell carcinoma,PGLYRP4,57115,-0.4390000000000036,weighted_sum|median,10.1155/2019/3865279,Immune/inflammatory-related genes for prognostic prediction of oral cavity squamous cell carcinoma.
bai2019_immune,bai2019_immune|inflammation|ocscc|hnscc|oral cavity|head and neck squamous cell carcinoma,TREML1,340205,-0.494,weighted_sum|median,10.1155/2019/3865279,Immune/inflammatory-related genes for prognostic prediction of oral cavity squamous cell carcinoma.
lohavanichbutr2013_hpvneg,lohavanichbutr2013_hpvneg|hpv negative|oscc|hnscc|head and neck squamous cell carcinoma,ZDHHC11,79844,443000000000000,weighted_sum|median,10.1158/1078-0432.CCR-12-2647,Signature prognostic of HPV-negative oral squamous cell carcinoma.
lohavanichbutr2013_hpvneg,lohavanichbutr2013_hpvneg|hpv negative|oscc|hnscc|head and neck squamous cell carcinoma,OSMR,9180,0.231391,weighted_sum|median,10.1158/1078-0432.CCR-12-2647,Signature prognostic of HPV-negative oral squamous cell carcinoma.
lohavanichbutr2013_hpvneg,lohavanichbutr2013_hpvneg|hpv negative|oscc|hnscc|head and neck squamous cell carcinoma,SERPINE1,5054,0.3833160000000003,weighted_sum|median,10.1158/1078-0432.CCR-12-2647,Signature prognostic of HPV-negative oral squamous cell carcinoma.
lohavanichbutr2013_hpvneg,lohavanichbutr2013_hpvneg|hpv negative|oscc|hnscc|head and neck squamous cell carcinoma,THBS1,7057,0.20503900000000044,weighted_sum|median,10.1158/1078-0432.CCR-12-2647,Signature prognostic of HPV-negative oral squamous cell carcinoma.
lohavanichbutr2013_hpvneg,lohavanichbutr2013_hpvneg|hpv negative|oscc|hnscc|head and neck squamous cell carcinoma,MYH11,4629,-0.206855,weighted_sum|median,10.1158/1078-0432.CCR-12-2647,Signature prognostic of HPV-negative oral squamous cell carcinoma.
lohavanichbutr2013_hpvneg,lohavanichbutr2013_hpvneg|hpv negative|oscc|hnscc|head and neck squamous cell carcinoma,CLEC3B,7123,-0.131867,weighted_sum|median,10.1158/1078-0432.CCR-12-2647,Signature prognostic of HPV-negative oral squamous cell carcinoma.
lohavanichbutr2013_hpvneg,lohavanichbutr2013_hpvneg|hpv negative|oscc|hnscc|head and neck squamous cell carcinoma,LAMC2,3918,-0.008777,weighted_sum|median,10.1158/1078-0432.CCR-12-2647,Signature prognostic of HPV-negative oral squamous cell carcinoma.
lohavanichbutr2013_hpvneg,lohavanichbutr2013_hpvneg|hpv negative|oscc|hnscc|head and neck squamous cell carcinoma,SLC16A1,6566,0.17138,weighted_sum|median,10.1158/1078-0432.CCR-12-2647,Signature prognostic of HPV-negative oral squamous cell carcinoma.
lohavanichbutr2013_hpvneg,lohavanichbutr2013_hpvneg|hpv negative|oscc|hnscc|head and neck squamous cell carcinoma,OASL,8638,0.21687700000000001,weighted_sum|median,10.1158/1078-0432.CCR-12-2647,Signature prognostic of HPV-negative oral squamous cell carcinoma.
lohavanichbutr2013_hpvneg,lohavanichbutr2013_hpvneg|hpv negative|oscc|hnscc|head and neck squamous cell carcinoma,NREP,9315,0.199328,weighted_sum|median,10.1158/1078-0432.CCR-12-2647,Signature prognostic of HPV-negative oral squamous cell carcinoma.
lohavanichbutr2013_hpvneg,lohavanichbutr2013_hpvneg|hpv negative|oscc|hnscc|head and neck squamous cell carcinoma,TPPP,11076,-0.12463400000000127,weighted_sum|median,10.1158/1078-0432.CCR-12-2647,Signature prognostic of HPV-negative oral squamous cell carcinoma.
lohavanichbutr2013_hpvneg,lohavanichbutr2013_hpvneg|hpv negative|oscc|hnscc|head and neck squamous cell carcinoma,LIPI,149998,0.8649640000000006,weighted_sum|median,10.1158/1078-0432.CCR-12-2647,Signature prognostic of HPV-negative oral squamous cell carcinoma.
lohavanichbutr2013_hpvneg,lohavanichbutr2013_hpvneg|hpv negative|oscc|hnscc|head and neck squamous cell carcinoma,PLEKHA7,144100,-0.43847700000000367,weighted_sum|median,10.1158/1078-0432.CCR-12-2647,Signature prognostic of HPV-negative oral squamous cell carcinoma.
hu2021_derbp,hu2021_derbp|rna-binding protein|hnscc|head and neck squamous cell carcinoma,NCBP2,22916,0.021500000000000005,weighted_sum|median,10.3389/fgene.2020.571403,Prognostic signature of genes related to RNA-binding proteins for HNSCC.
hu2021_derbp,hu2021_derbp|rna-binding protein|hnscc|head and neck squamous cell carcinoma,MKRN3,7681,0.3196,weighted_sum|median,10.3389/fgene.2020.571403,Prognostic signature of genes related to RNA-binding proteins for HNSCC.
hu2021_derbp,hu2021_derbp|rna-binding protein|hnscc|head and neck squamous cell carcinoma,MRPL47,57129,0.0086,weighted_sum|median,10.3389/fgene.2020.571403,Prognostic signature of genes related to RNA-binding proteins for HNSCC.
hu2021_derbp,hu2021_derbp|rna-binding protein|hnscc|head and neck squamous cell carcinoma,AZGP1,563,-0.0301,weighted_sum|median,10.3389/fgene.2020.571403,Prognostic signature of genes related to RNA-binding proteins for HNSCC.
hu2021_derbp,hu2021_derbp|rna-binding protein|hnscc|head and neck squamous cell carcinoma,IGF2BP2,10644,0.0013,weighted_sum|median,10.3389/fgene.2020.571403,Prognostic signature of genes related to RNA-binding proteins for HNSCC.
hu2021_derbp,hu2021_derbp|rna-binding protein|hnscc|head and neck squamous cell carcinoma,EZH2,2146,-0.08420000000000002,weighted_sum|median,10.3389/fgene.2020.571403,Prognostic signature of genes related to RNA-binding proteins for HNSCC.
liu2021_mgs,liu2021_mgs|myeloid cells|immune|hnscc|head and neck squamous cell carcinoma,CCL13,6357,0.038,weighted_sum|median,10.3389/fimmu.2021.659184,Prognostic signature of myeloid-related genes for HNSCC.
liu2021_mgs,liu2021_mgs|myeloid cells|immune|hnscc|head and neck squamous cell carcinoma,CCR7,1236,-0.10490000000000002,weighted_sum|median,10.3389/fimmu.2021.659184,Prognostic signature of myeloid-related genes for HNSCC.
liu2021_mgs,liu2021_mgs|myeloid cells|immune|hnscc|head and neck squamous cell carcinoma,CD276,80381,0.0073,weighted_sum|median,10.3389/fimmu.2021.659184,Prognostic signature of myeloid-related genes for HNSCC.
liu2021_mgs,liu2021_mgs|myeloid cells|immune|hnscc|head and neck squamous cell carcinoma,IL1B,3553,0.0034000000000000002,weighted_sum|median,10.3389/fimmu.2021.659184,Prognostic signature of myeloid-related genes for HNSCC.
liu2021_mgs,liu2021_mgs|myeloid cells|immune|hnscc|head and neck squamous cell carcinoma,LYVE1,10894,0.0673,weighted_sum|median,10.3389/fimmu.2021.659184,Prognostic signature of myeloid-related genes for HNSCC.
liu2021_mgs,liu2021_mgs|myeloid cells|immune|hnscc|head and neck squamous cell carcinoma,VEGFC,7424,0.002,weighted_sum|median,10.3389/fimmu.2021.659184,Prognostic signature of myeloid-related genes for HNSCC.
li2021_irgs,li2021_irgs|thyroid cancer dedifferentiation|immune exhaustion,PLAUR,5329,0.15251000000000217,weighted_sum|,10.1210/clinem/dgab132,Immune-related genes associated to dedifferentiation and immune exhaustion in thyroid cancer.
li2021_irgs,li2021_irgs|thyroid cancer dedifferentiation|immune exhaustion,PSMD2,5708,0.13893000000000041,weighted_sum|,10.1210/clinem/dgab132,Immune-related genes associated to dedifferentiation and immune exhaustion in thyroid cancer.
li2021_irgs,li2021_irgs|thyroid cancer dedifferentiation|immune exhaustion,BMP7,655,-0.1709000000000004,weighted_sum|,10.1210/clinem/dgab132,Immune-related genes associated to dedifferentiation and immune exhaustion in thyroid cancer.
li2021_irgs,li2021_irgs|thyroid cancer dedifferentiation|immune exhaustion,PRKCQ,5588,-0.34563999999999995,weighted_sum|,10.1210/clinem/dgab132,Immune-related genes associated to dedifferentiation and immune exhaustion in thyroid cancer.
tang2018_npc,tang2018_npc|nasopharyngeal carcinoma|distant metastasis|epstein-barr virus|ebv,YBX3,8531,0.1846,weighted_sum|,10.1016/S1470-2045(18)30080-9,A prognostic signature to predict patients with distant metastasis in locoregionally advanced nasopharyngeal carcinoma.
tang2018_npc,tang2018_npc|nasopharyngeal carcinoma|distant metastasis|epstein-barr virus|ebv,CBR3,874,-0.3003,weighted_sum|,10.1016/S1470-2045(18)30080-9,A prognostic signature to predict patients with distant metastasis in locoregionally advanced nasopharyngeal carcinoma.
tang2018_npc,tang2018_npc|nasopharyngeal carcinoma|distant metastasis|epstein-barr virus|ebv,CXCL10,3627,-0.1383,weighted_sum|,10.1016/S1470-2045(18)30080-9,A prognostic signature to predict patients with distant metastasis in locoregionally advanced nasopharyngeal carcinoma.
tang2018_npc,tang2018_npc|nasopharyngeal carcinoma|distant metastasis|epstein-barr virus|ebv,CLASP1,23332,-0.3661,weighted_sum|,10.1016/S1470-2045(18)30080-9,A prognostic signature to predict patients with distant metastasis in locoregionally advanced nasopharyngeal carcinoma.
tang2018_npc,tang2018_npc|nasopharyngeal carcinoma|distant metastasis|epstein-barr virus|ebv,DCTN1,1639,0.2381,weighted_sum|,10.1016/S1470-2045(18)30080-9,A prognostic signature to predict patients with distant metastasis in locoregionally advanced nasopharyngeal carcinoma.
tang2018_npc,tang2018_npc|nasopharyngeal carcinoma|distant metastasis|epstein-barr virus|ebv,FNDC3B,64778,-0.4004000000000003,weighted_sum|,10.1016/S1470-2045(18)30080-9,A prognostic signature to predict patients with distant metastasis in locoregionally advanced nasopharyngeal carcinoma.
tang2018_npc,tang2018_npc|nasopharyngeal carcinoma|distant metastasis|epstein-barr virus|ebv,WSB2,55884,0.6,weighted_sum|,10.1016/S1470-2045(18)30080-9,A prognostic signature to predict patients with distant metastasis in locoregionally advanced nasopharyngeal carcinoma.
tang2018_npc,tang2018_npc|nasopharyngeal carcinoma|distant metastasis|epstein-barr virus|ebv,LRIG1,26018,0.1093,weighted_sum|,10.1016/S1470-2045(18)30080-9,A prognostic signature to predict patients with distant metastasis in locoregionally advanced nasopharyngeal carcinoma.
tang2018_npc,tang2018_npc|nasopharyngeal carcinoma|distant metastasis|epstein-barr virus|ebv,GRM4,2914,-0.11620000000000012,weighted_sum|,10.1016/S1470-2045(18)30080-9,A prognostic signature to predict patients with distant metastasis in locoregionally advanced nasopharyngeal carcinoma.
tang2018_npc,tang2018_npc|nasopharyngeal carcinoma|distant metastasis|epstein-barr virus|ebv,ANXA1,301,0.1327,weighted_sum|,10.1016/S1470-2045(18)30080-9,A prognostic signature to predict patients with distant metastasis in locoregionally advanced nasopharyngeal carcinoma.
tang2018_npc,tang2018_npc|nasopharyngeal carcinoma|distant metastasis|epstein-barr virus|ebv,WNK1,65125,0.14850000000000024,weighted_sum|,10.1016/S1470-2045(18)30080-9,A prognostic signature to predict patients with distant metastasis in locoregionally advanced nasopharyngeal carcinoma.
tang2018_npc,tang2018_npc|nasopharyngeal carcinoma|distant metastasis|epstein-barr virus|ebv,HDLBP,3069,0.0714,weighted_sum|,10.1016/S1470-2045(18)30080-9,A prognostic signature to predict patients with distant metastasis in locoregionally advanced nasopharyngeal carcinoma.
tang2018_npc,tang2018_npc|nasopharyngeal carcinoma|distant metastasis|epstein-barr virus|ebv,POLR2M,81488,0.17740000000000192,weighted_sum|,10.1016/S1470-2045(18)30080-9,A prognostic signature to predict patients with distant metastasis in locoregionally advanced nasopharyngeal carcinoma.
lu2020_npc,lu2020_npc|nasopharyngeal carcinoma|prognostic factors|m6A|mettl3|immune infiltration,IGF2BP1,10642,0.161557,weighted_sum|,10.3389/fonc.2020.00875,A prognostic signature related to m6A genes in nasopharyngeal carcinoma.
lu2020_npc,lu2020_npc|nasopharyngeal carcinoma|prognostic factors|m6A|mettl3|immune infiltration,IGF2BP2,10644,0.013130000000000006,weighted_sum|,10.3389/fonc.2020.00875,A prognostic signature related to m6A genes in nasopharyngeal carcinoma.
lu2020_npc,lu2020_npc|nasopharyngeal carcinoma|prognostic factors|m6A|mettl3|immune infiltration,METTL3,56339,-0.0624,weighted_sum|,10.3389/fonc.2020.00875,A prognostic signature related to m6A genes in nasopharyngeal carcinoma.
zou2020_npc,zou2020_npc|nasopharyngeal carcinoma|immune,SLC6A8,6535,0.06869479000000112,weighted_sum|,10.1016/j.lfs.2020.118620,A prognostic signature of tumor-infiltrating immune cells in nasopharyngeal carcinoma.
zou2020_npc,zou2020_npc|nasopharyngeal carcinoma|immune,ACKR1,2532,-0.2971779300000003,weighted_sum|,10.1016/j.lfs.2020.118620,A prognostic signature of tumor-infiltrating immune cells in nasopharyngeal carcinoma.
zou2020_npc,zou2020_npc|nasopharyngeal carcinoma|immune,IL33,90865,-0.21982309000000044,weighted_sum|,10.1016/j.lfs.2020.118620,A prognostic signature of tumor-infiltrating immune cells in nasopharyngeal carcinoma.
zou2020_npc,zou2020_npc|nasopharyngeal carcinoma|immune,IGHG1,3500,-0.0308792299999997,weighted_sum|,10.1016/j.lfs.2020.118620,A prognostic signature of tumor-infiltrating immune cells in nasopharyngeal carcinoma.
si2022_npc,si2022_npc|nasopharyngeal carcinoma|prognostic factors|prediction|progression,LZTS2,84445,0.06929999999999988,weighted_sum|,10.1177/15330338221080972,A prognostic signature to predict patients with distant metastasis in nasopharyngeal carcinoma.
si2022_npc,si2022_npc|nasopharyngeal carcinoma|prognostic factors|prediction|progression,SCUBE3,222663,0.2521,weighted_sum|,10.1177/15330338221080972,A prognostic signature to predict patients with distant metastasis in nasopharyngeal carcinoma.
si2022_npc,si2022_npc|nasopharyngeal carcinoma|prognostic factors|prediction|progression,MAPK8IP2,23542,0.1988,weighted_sum|,10.1177/15330338221080972,A prognostic signature to predict patients with distant metastasis in nasopharyngeal carcinoma.
si2022_npc,si2022_npc|nasopharyngeal carcinoma|prognostic factors|prediction|progression,FOXO6,100132074,-0.5015,weighted_sum|,10.1177/15330338221080972,A prognostic signature to predict patients with distant metastasis in nasopharyngeal carcinoma.
fan2021_ferroptosis,ferroptosis|prognosis|hnscc|immune microenvironment|mutation|head and neck squamous cell carcinoma,ASNS,440,0.05380000000000011,weighted_sum|,10.3389/fgene.2021.732211,A model of ferroptosis-related genes which can be used to guide immunotherapy and chemotherapy in clinical applications and which can predict the prognosis of HNSCC patients.
fan2021_ferroptosis,ferroptosis|prognosis|hnscc|immune microenvironment|mutation|head and neck squamous cell carcinoma,ATG5,9474,0.3976,weighted_sum|,10.3389/fgene.2021.732211,A model of ferroptosis-related genes which can be used to guide immunotherapy and chemotherapy in clinical applications and which can predict the prognosis of HNSCC patients.
fan2021_ferroptosis,ferroptosis|prognosis|hnscc|immune microenvironment|mutation|head and neck squamous cell carcinoma,AURKA,6790,0.05130000000000001,weighted_sum|,10.3389/fgene.2021.732211,A model of ferroptosis-related genes which can be used to guide immunotherapy and chemotherapy in clinical applications and which can predict the prognosis of HNSCC patients.
fan2021_ferroptosis,ferroptosis|prognosis|hnscc|immune microenvironment|mutation|head and neck squamous cell carcinoma,BAP1,8314,-0.10810000000000022,weighted_sum|,10.3389/fgene.2021.732211,A model of ferroptosis-related genes which can be used to guide immunotherapy and chemotherapy in clinical applications and which can predict the prognosis of HNSCC patients.
fan2021_ferroptosis,ferroptosis|prognosis|hnscc|immune microenvironment|mutation|head and neck squamous cell carcinoma,FTH1,2495,0.020900000000000005,weighted_sum|,10.3389/fgene.2021.732211,A model of ferroptosis-related genes which can be used to guide immunotherapy and chemotherapy in clinical applications and which can predict the prognosis of HNSCC patients.
fan2021_ferroptosis,ferroptosis|prognosis|hnscc|immune microenvironment|mutation|head and neck squamous cell carcinoma,BNIP3,664,0.0425,weighted_sum|,10.3389/fgene.2021.732211,A model of ferroptosis-related genes which can be used to guide immunotherapy and chemotherapy in clinical applications and which can predict the prognosis of HNSCC patients.
fan2021_ferroptosis,ferroptosis|prognosis|hnscc|immune microenvironment|mutation|head and neck squamous cell carcinoma,CISD2,493856,0.17690000000000144,weighted_sum|,10.3389/fgene.2021.732211,A model of ferroptosis-related genes which can be used to guide immunotherapy and chemotherapy in clinical applications and which can predict the prognosis of HNSCC patients.
fan2021_ferroptosis,ferroptosis|prognosis|hnscc|immune microenvironment|mutation|head and neck squamous cell carcinoma,SOCS1,8651,-0.16290000000000004,weighted_sum|,10.3389/fgene.2021.732211,A model of ferroptosis-related genes which can be used to guide immunotherapy and chemotherapy in clinical applications and which can predict the prognosis of HNSCC patients.
fan2021_ferroptosis,ferroptosis|prognosis|hnscc|immune microenvironment|mutation|head and neck squamous cell carcinoma,DRD4,1815,-0.05450000000000011,weighted_sum|,10.3389/fgene.2021.732211,A model of ferroptosis-related genes which can be used to guide immunotherapy and chemotherapy in clinical applications and which can predict the prognosis of HNSCC patients.
fan2021_ferroptosis,ferroptosis|prognosis|hnscc|immune microenvironment|mutation|head and neck squamous cell carcinoma,FBXW7,55294,-0.06760000000000002,weighted_sum|,10.3389/fgene.2021.732211,A model of ferroptosis-related genes which can be used to guide immunotherapy and chemotherapy in clinical applications and which can predict the prognosis of HNSCC patients.
fan2021_ferroptosis,ferroptosis|prognosis|hnscc|immune microenvironment|mutation|head and neck squamous cell carcinoma,LINC00336,401253,-0.2734000000000003,weighted_sum|,10.3389/fgene.2021.732211,A model of ferroptosis-related genes which can be used to guide immunotherapy and chemotherapy in clinical applications and which can predict the prognosis of HNSCC patients.
fan2021_ferroptosis,ferroptosis|prognosis|hnscc|immune microenvironment|mutation|head and neck squamous cell carcinoma,MAP1LC3A,84557,-0.0917,weighted_sum|,10.3389/fgene.2021.732211,A model of ferroptosis-related genes which can be used to guide immunotherapy and chemotherapy in clinical applications and which can predict the prognosis of HNSCC patients.
fan2021_ferroptosis,ferroptosis|prognosis|hnscc|immune microenvironment|mutation|head and neck squamous cell carcinoma,MAP3K5,4217,-0.0849,weighted_sum|,10.3389/fgene.2021.732211,A model of ferroptosis-related genes which can be used to guide immunotherapy and chemotherapy in clinical applications and which can predict the prognosis of HNSCC patients.
fan2021_ferroptosis,ferroptosis|prognosis|hnscc|immune microenvironment|mutation|head and neck squamous cell carcinoma,PRDX6,9588,0.0458,weighted_sum|,10.3389/fgene.2021.732211,A model of ferroptosis-related genes which can be used to guide immunotherapy and chemotherapy in clinical applications and which can predict the prognosis of HNSCC patients.
fan2021_ferroptosis,ferroptosis|prognosis|hnscc|immune microenvironment|mutation|head and neck squamous cell carcinoma,ZFP69B,65243,-0.6544,weighted_sum|,10.3389/fgene.2021.732211,A model of ferroptosis-related genes which can be used to guide immunotherapy and chemotherapy in clinical applications and which can predict the prognosis of HNSCC patients.
fan2021_ferroptosis,ferroptosis|prognosis|hnscc|immune microenvironment|mutation|head and neck squamous cell carcinoma,SLC7A5,8140,0.05610000000000001,weighted_sum|,10.3389/fgene.2021.732211,A model of ferroptosis-related genes which can be used to guide immunotherapy and chemotherapy in clinical applications and which can predict the prognosis of HNSCC patients.
fan2021_ferroptosis,ferroptosis|prognosis|hnscc|immune microenvironment|mutation|head and neck squamous cell carcinoma,SLC2A3,6515,0.1317,weighted_sum|,10.3389/fgene.2021.732211,A model of ferroptosis-related genes which can be used to guide immunotherapy and chemotherapy in clinical applications and which can predict the prognosis of HNSCC patients.
han2021_ferroptosis,ferroptosis|prognosis|laryngeal cancer|larynx|hnscc|head and neck squamous cell carcinoma|the cancer genome atlas|tcga|geo|gene expression omnibus,FTH1,2495,0.001,weighted_sum|,10.1007/s00405-021-06789-3,A ferroptosis-related model aimed at predicting the prognosis of laryngeal cancer and for stratifying patients into low- and high-risk groups.
han2021_ferroptosis,ferroptosis|prognosis|laryngeal cancer|larynx|hnscc|head and neck squamous cell carcinoma|the cancer genome atlas|tcga|geo|gene expression omnibus,PHKG2,5261,-0.24300000000000024,weighted_sum|,10.1007/s00405-021-06789-3,A ferroptosis-related model aimed at predicting the prognosis of laryngeal cancer and for stratifying patients into low- and high-risk groups.
han2021_ferroptosis,ferroptosis|prognosis|laryngeal cancer|larynx|hnscc|head and neck squamous cell carcinoma|the cancer genome atlas|tcga|geo|gene expression omnibus,TFRC,7037,-0.058,weighted_sum|,10.1007/s00405-021-06789-3,A ferroptosis-related model aimed at predicting the prognosis of laryngeal cancer and for stratifying patients into low- and high-risk groups.
he2021_ferroptosis_a,ferroptosis|prognosis|hnscc|immune microenvironment|head and neck squamous cell carcinoma,KEAP1,9817,-0.1530000000000004,weighted_sum|,10.1016/j.intimp.2021.107789,A prognostic signature aimed at predicting prognosis and immune microenvironment in HNSCC.
he2021_ferroptosis_a,ferroptosis|prognosis|hnscc|immune microenvironment|head and neck squamous cell carcinoma,CDKN2A,1029,-0.1530000000000004,weighted_sum|,10.1016/j.intimp.2021.107789,A prognostic signature aimed at predicting prognosis and immune microenvironment in HNSCC.
he2021_ferroptosis_a,ferroptosis|prognosis|hnscc|immune microenvironment|head and neck squamous cell carcinoma,EIF2S1,1965,0.16,weighted_sum|,10.1016/j.intimp.2021.107789,A prognostic signature aimed at predicting prognosis and immune microenvironment in HNSCC.
he2021_ferroptosis_a,ferroptosis|prognosis|hnscc|immune microenvironment|head and neck squamous cell carcinoma,FTH1,2495,0.23600000000000004,weighted_sum|,10.1016/j.intimp.2021.107789,A prognostic signature aimed at predicting prognosis and immune microenvironment in HNSCC.
he2021_ferroptosis_a,ferroptosis|prognosis|hnscc|immune microenvironment|head and neck squamous cell carcinoma,MAP3K5,4217,-0.1770000000000002,weighted_sum|,10.1016/j.intimp.2021.107789,A prognostic signature aimed at predicting prognosis and immune microenvironment in HNSCC.
he2021_ferroptosis_a,ferroptosis|prognosis|hnscc|immune microenvironment|head and neck squamous cell carcinoma,SELENOS,55829,0.068,weighted_sum|,10.1016/j.intimp.2021.107789,A prognostic signature aimed at predicting prognosis and immune microenvironment in HNSCC.
he2021_ferroptosis_a,ferroptosis|prognosis|hnscc|immune microenvironment|head and neck squamous cell carcinoma,SLC2A3,6515,0.066,weighted_sum|,10.1016/j.intimp.2021.107789,A prognostic signature aimed at predicting prognosis and immune microenvironment in HNSCC.
he2021_ferroptosis_b,ferroptosis|prognosis|hnscc|immune microenvironment|head and neck squamous cell carcinoma,MAP1LC3A,84557,-0.191,weighted_sum|,10.3389/fcell.2021.739011,A ferroptosis-related gene signature aimed at predicting prognosis and immunotherapy response in HNSCC patients.
he2021_ferroptosis_b,ferroptosis|prognosis|hnscc|immune microenvironment|head and neck squamous cell carcinoma,SLC7A5,8140,0.189,weighted_sum|,10.3389/fcell.2021.739011,A ferroptosis-related gene signature aimed at predicting prognosis and immunotherapy response in HNSCC patients.
he2021_ferroptosis_b,ferroptosis|prognosis|hnscc|immune microenvironment|head and neck squamous cell carcinoma,OTUB1,55611,0.525,weighted_sum|,10.3389/fcell.2021.739011,A ferroptosis-related gene signature aimed at predicting prognosis and immunotherapy response in HNSCC patients.
he2021_ferroptosis_b,ferroptosis|prognosis|hnscc|immune microenvironment|head and neck squamous cell carcinoma,PRDX6,9588,0.399,weighted_sum|,10.3389/fcell.2021.739011,A ferroptosis-related gene signature aimed at predicting prognosis and immunotherapy response in HNSCC patients.
he2021_ferroptosis_b,ferroptosis|prognosis|hnscc|immune microenvironment|head and neck squamous cell carcinoma,MAP3K5,4217,-0.374,weighted_sum|,10.3389/fcell.2021.739011,A ferroptosis-related gene signature aimed at predicting prognosis and immunotherapy response in HNSCC patients.
he2021_ferroptosis_b,ferroptosis|prognosis|hnscc|immune microenvironment|head and neck squamous cell carcinoma,SOCS1,8651,-0.258,weighted_sum|,10.3389/fcell.2021.739011,A ferroptosis-related gene signature aimed at predicting prognosis and immunotherapy response in HNSCC patients.
he2021_ferroptosis_b,ferroptosis|prognosis|hnscc|immune microenvironment|head and neck squamous cell carcinoma,ATG5,9474,0.555,weighted_sum|,10.3389/fcell.2021.739011,A ferroptosis-related gene signature aimed at predicting prognosis and immunotherapy response in HNSCC patients.
he2021_ferroptosis_b,ferroptosis|prognosis|hnscc|immune microenvironment|head and neck squamous cell carcinoma,DDIT4,54541,0.227,weighted_sum|,10.3389/fcell.2021.739011,A ferroptosis-related gene signature aimed at predicting prognosis and immunotherapy response in HNSCC patients.
he2021_ferroptosis_b,ferroptosis|prognosis|hnscc|immune microenvironment|head and neck squamous cell carcinoma,ACSL3,2181,0.406,weighted_sum|,10.3389/fcell.2021.739011,A ferroptosis-related gene signature aimed at predicting prognosis and immunotherapy response in HNSCC patients.
he2021_ferroptosis_b,ferroptosis|prognosis|hnscc|immune microenvironment|head and neck squamous cell carcinoma,PRKAA2,5563,0.602,weighted_sum|,10.3389/fcell.2021.739011,A ferroptosis-related gene signature aimed at predicting prognosis and immunotherapy response in HNSCC patients.
huang2022_ferroptosis,ferroptosis|prognosis|hnscc|immune microenvironment|therapeutic targets|head and neck squamous cell carcinoma,ATG5,9474,0.492,weighted_sum|,10.1016/j.intimp.2021.108431,A validated seven ferroptosis-associated gene signature (FGS) with potential survival mechanisms along with therapeutic targets for HNSCC.
huang2022_ferroptosis,ferroptosis|prognosis|hnscc|immune microenvironment|therapeutic targets|head and neck squamous cell carcinoma,CDKN2A,1029,-0.064,weighted_sum|,10.1016/j.intimp.2021.108431,A validated seven ferroptosis-associated gene signature (FGS) with potential survival mechanisms along with therapeutic targets for HNSCC.
huang2022_ferroptosis,ferroptosis|prognosis|hnscc|immune microenvironment|therapeutic targets|head and neck squamous cell carcinoma,MAP3K5,4217,-0.224,weighted_sum|,10.1016/j.intimp.2021.108431,A validated seven ferroptosis-associated gene signature (FGS) with potential survival mechanisms along with therapeutic targets for HNSCC.
huang2022_ferroptosis,ferroptosis|prognosis|hnscc|immune microenvironment|therapeutic targets|head and neck squamous cell carcinoma,OTUB1,55611,0.4260000000000003,weighted_sum|,10.1016/j.intimp.2021.108431,A validated seven ferroptosis-associated gene signature (FGS) with potential survival mechanisms along with therapeutic targets for HNSCC.
huang2022_ferroptosis,ferroptosis|prognosis|hnscc|immune microenvironment|therapeutic targets|head and neck squamous cell carcinoma,SLC2A3,6515,0.127,weighted_sum|,10.1016/j.intimp.2021.108431,A validated seven ferroptosis-associated gene signature (FGS) with potential survival mechanisms along with therapeutic targets for HNSCC.
huang2022_ferroptosis,ferroptosis|prognosis|hnscc|immune microenvironment|therapeutic targets|head and neck squamous cell carcinoma,SOCS1,8651,-0.2390000000000002,weighted_sum|,10.1016/j.intimp.2021.108431,A validated seven ferroptosis-associated gene signature (FGS) with potential survival mechanisms along with therapeutic targets for HNSCC.
huang2022_ferroptosis,ferroptosis|prognosis|hnscc|immune microenvironment|therapeutic targets|head and neck squamous cell carcinoma,TRIB3,57761,0.181,weighted_sum|,10.1016/j.intimp.2021.108431,A validated seven ferroptosis-associated gene signature (FGS) with potential survival mechanisms along with therapeutic targets for HNSCC.
li2021_ferroptosis_a,ferroptosis|prognosis|ocscc|hnscc|oral cavity|head and neck squamous cell carcinoma,ATG5,9474,0.516,weighted_sum|,10.1186/s12885-021-08478-0,A 10-ferroptosis-releated gene signature that can be used to predict the prognosis of OSCC patients for future therapies based on potential FRG targets.
li2021_ferroptosis_a,ferroptosis|prognosis|ocscc|hnscc|oral cavity|head and neck squamous cell carcinoma,BID,637,0.0375,weighted_sum|,10.1186/s12885-021-08478-0,A 10-ferroptosis-releated gene signature that can be used to predict the prognosis of OSCC patients for future therapies based on potential FRG targets.
li2021_ferroptosis_a,ferroptosis|prognosis|ocscc|hnscc|oral cavity|head and neck squamous cell carcinoma,ACO1,48,0.25,weighted_sum|,10.1186/s12885-021-08478-0,A 10-ferroptosis-releated gene signature that can be used to predict the prognosis of OSCC patients for future therapies based on potential FRG targets.
li2021_ferroptosis_a,ferroptosis|prognosis|ocscc|hnscc|oral cavity|head and neck squamous cell carcinoma,GOT1,2805,0.0825,weighted_sum|,10.1186/s12885-021-08478-0,A 10-ferroptosis-releated gene signature that can be used to predict the prognosis of OSCC patients for future therapies based on potential FRG targets.
li2021_ferroptosis_a,ferroptosis|prognosis|ocscc|hnscc|oral cavity|head and neck squamous cell carcinoma,AKR1C3,8644,0.0504,weighted_sum|,10.1186/s12885-021-08478-0,A 10-ferroptosis-releated gene signature that can be used to predict the prognosis of OSCC patients for future therapies based on potential FRG targets.
li2021_ferroptosis_a,ferroptosis|prognosis|ocscc|hnscc|oral cavity|head and neck squamous cell carcinoma,GLS2,27165,0.04210000000000001,weighted_sum|,10.1186/s12885-021-08478-0,A 10-ferroptosis-releated gene signature that can be used to predict the prognosis of OSCC patients for future therapies based on potential FRG targets.
li2021_ferroptosis_a,ferroptosis|prognosis|ocscc|hnscc|oral cavity|head and neck squamous cell carcinoma,ALOX15,246,0.0118,weighted_sum|,10.1186/s12885-021-08478-0,A 10-ferroptosis-releated gene signature that can be used to predict the prognosis of OSCC patients for future therapies based on potential FRG targets.
li2021_ferroptosis_a,ferroptosis|prognosis|ocscc|hnscc|oral cavity|head and neck squamous cell carcinoma,SCO2,9997,-0.0805,weighted_sum|,10.1186/s12885-021-08478-0,A 10-ferroptosis-releated gene signature that can be used to predict the prognosis of OSCC patients for future therapies based on potential FRG targets.
li2021_ferroptosis_a,ferroptosis|prognosis|ocscc|hnscc|oral cavity|head and neck squamous cell carcinoma,MAP1LC3A,84557,-0.119,weighted_sum|,10.1186/s12885-021-08478-0,A 10-ferroptosis-releated gene signature that can be used to predict the prognosis of OSCC patients for future therapies based on potential FRG targets.
li2021_ferroptosis_a,ferroptosis|prognosis|ocscc|hnscc|oral cavity|head and neck squamous cell carcinoma,MAP3K5,4217,-0.188,weighted_sum|,10.1186/s12885-021-08478-0,A 10-ferroptosis-releated gene signature that can be used to predict the prognosis of OSCC patients for future therapies based on potential FRG targets.
li2021_ferroptosis_b,ferroptosis|prognosis|hnscc|the cancer genome atlas|tcga|head and neck squamous cell carcinoma,TRIB3,57761,0.1433406,weighted_sum|,10.21203/rs.3.rs-349666/v2,A prognostic model for HNSCC based on ferroptosis-related genes.
li2021_ferroptosis_b,ferroptosis|prognosis|hnscc|the cancer genome atlas|tcga|head and neck squamous cell carcinoma,SOCS1,8651,-0.17923010000000197,weighted_sum|,10.21203/rs.3.rs-349666/v2,A prognostic model for HNSCC based on ferroptosis-related genes.
li2021_ferroptosis_b,ferroptosis|prognosis|hnscc|the cancer genome atlas|tcga|head and neck squamous cell carcinoma,CAV1,857,0.09857540000000002,weighted_sum|,10.21203/rs.3.rs-349666/v2,A prognostic model for HNSCC based on ferroptosis-related genes.
li2021_ferroptosis_b,ferroptosis|prognosis|hnscc|the cancer genome atlas|tcga|head and neck squamous cell carcinoma,SLC7A5,8140,0.05514930000000001,weighted_sum|,10.21203/rs.3.rs-349666/v2,A prognostic model for HNSCC based on ferroptosis-related genes.
li2021_ferroptosis_b,ferroptosis|prognosis|hnscc|the cancer genome atlas|tcga|head and neck squamous cell carcinoma,PRKAA2,5563,0.17217949999999999,weighted_sum|,10.21203/rs.3.rs-349666/v2,A prognostic model for HNSCC based on ferroptosis-related genes.
li2021_ferroptosis_b,ferroptosis|prognosis|hnscc|the cancer genome atlas|tcga|head and neck squamous cell carcinoma,CDKN2A,1029,-0.07268620000000119,weighted_sum|,10.21203/rs.3.rs-349666/v2,A prognostic model for HNSCC based on ferroptosis-related genes.
li2021_ferroptosis_b,ferroptosis|prognosis|hnscc|the cancer genome atlas|tcga|head and neck squamous cell carcinoma,G6PD,2539,0.1629319000000002,weighted_sum|,10.21203/rs.3.rs-349666/v2,A prognostic model for HNSCC based on ferroptosis-related genes.
li2021_ferroptosis_b,ferroptosis|prognosis|hnscc|the cancer genome atlas|tcga|head and neck squamous cell carcinoma,ASNS,440,0.055349,weighted_sum|,10.21203/rs.3.rs-349666/v2,A prognostic model for HNSCC based on ferroptosis-related genes.
li2021_ferroptosis_b,ferroptosis|prognosis|hnscc|the cancer genome atlas|tcga|head and neck squamous cell carcinoma,AURKA,6790,0.07823870000000126,weighted_sum|,10.21203/rs.3.rs-349666/v2,A prognostic model for HNSCC based on ferroptosis-related genes.
li2021_ferroptosis_b,ferroptosis|prognosis|hnscc|the cancer genome atlas|tcga|head and neck squamous cell carcinoma,CISD2,493856,0.2989744000000049,weighted_sum|,10.21203/rs.3.rs-349666/v2,A prognostic model for HNSCC based on ferroptosis-related genes.
li2021_ferroptosis_b,ferroptosis|prognosis|hnscc|the cancer genome atlas|tcga|head and neck squamous cell carcinoma,DDIT4,54541,0.093985,weighted_sum|,10.21203/rs.3.rs-349666/v2,A prognostic model for HNSCC based on ferroptosis-related genes.
li2021_ferroptosis_b,ferroptosis|prognosis|hnscc|the cancer genome atlas|tcga|head and neck squamous cell carcinoma,EGFR,1956,-0.0013735999999999998,weighted_sum|,10.21203/rs.3.rs-349666/v2,A prognostic model for HNSCC based on ferroptosis-related genes.
li2021_ferroptosis_c,ferroptosis|prognosis|immune microenvironment|hnscc|the cancer genome atlas|tcga|head and neck squamous cell carcinoma,TRIB3,57761,321.78499999999923,weighted_sum|,10.3389/fgene.2021.698040,A prognostic model based on FRGs related to OS providing a new molecular target for the prediction of HNSCC prognosis.
li2021_ferroptosis_c,ferroptosis|prognosis|immune microenvironment|hnscc|the cancer genome atlas|tcga|head and neck squamous cell carcinoma,CAV1,857,15.950000000000006,weighted_sum|,10.3389/fgene.2021.698040,A prognostic model based on FRGs related to OS providing a new molecular target for the prediction of HNSCC prognosis.
li2021_ferroptosis_c,ferroptosis|prognosis|immune microenvironment|hnscc|the cancer genome atlas|tcga|head and neck squamous cell carcinoma,AURKA,6790,15.091,weighted_sum|,10.3389/fgene.2021.698040,A prognostic model based on FRGs related to OS providing a new molecular target for the prediction of HNSCC prognosis.
li2021_ferroptosis_c,ferroptosis|prognosis|immune microenvironment|hnscc|the cancer genome atlas|tcga|head and neck squamous cell carcinoma,AKR1C3,8644,11.036,weighted_sum|,10.3389/fgene.2021.698040,A prognostic model based on FRGs related to OS providing a new molecular target for the prediction of HNSCC prognosis.
li2021_ferroptosis_c,ferroptosis|prognosis|immune microenvironment|hnscc|the cancer genome atlas|tcga|head and neck squamous cell carcinoma,SLC7A11,23657,-0.73187,weighted_sum|,10.3389/fgene.2021.698040,A prognostic model based on FRGs related to OS providing a new molecular target for the prediction of HNSCC prognosis.
li2021_ferroptosis_d,ferroptosis|prognosis|hnscc|immune microenvironment|the cancer genome atlas|tcga|head and neck squamous cell carcinoma,TRIB3,57761,0.12880049999999998,weighted_sum|,10.2147/IJGM.S343233,A six ferroptosis-related gene model crossing clinical prognostic parameters that can predict HNSCC patient prognosis and provide a reliable prognostic evaluation.
li2021_ferroptosis_d,ferroptosis|prognosis|hnscc|immune microenvironment|the cancer genome atlas|tcga|head and neck squamous cell carcinoma,SOCS1,8651,-0.138958200000002,weighted_sum|,10.2147/IJGM.S343233,A six ferroptosis-related gene model crossing clinical prognostic parameters that can predict HNSCC patient prognosis and provide a reliable prognostic evaluation.
li2021_ferroptosis_d,ferroptosis|prognosis|hnscc|immune microenvironment|the cancer genome atlas|tcga|head and neck squamous cell carcinoma,FLT3,2322,-0.0966956000000012,weighted_sum|,10.2147/IJGM.S343233,A six ferroptosis-related gene model crossing clinical prognostic parameters that can predict HNSCC patient prognosis and provide a reliable prognostic evaluation.
li2021_ferroptosis_d,ferroptosis|prognosis|hnscc|immune microenvironment|the cancer genome atlas|tcga|head and neck squamous cell carcinoma,IL6,3569,0.0873983,weighted_sum|,10.2147/IJGM.S343233,A six ferroptosis-related gene model crossing clinical prognostic parameters that can predict HNSCC patient prognosis and provide a reliable prognostic evaluation.
li2021_ferroptosis_d,ferroptosis|prognosis|hnscc|immune microenvironment|the cancer genome atlas|tcga|head and neck squamous cell carcinoma,KEAP1,9817,-0.4095449000000003,weighted_sum|,10.2147/IJGM.S343233,A six ferroptosis-related gene model crossing clinical prognostic parameters that can predict HNSCC patient prognosis and provide a reliable prognostic evaluation.
li2021_ferroptosis_d,ferroptosis|prognosis|hnscc|immune microenvironment|the cancer genome atlas|tcga|head and neck squamous cell carcinoma,NQO1,1728,0.1254306,weighted_sum|,10.2147/IJGM.S343233,A six ferroptosis-related gene model crossing clinical prognostic parameters that can predict HNSCC patient prognosis and provide a reliable prognostic evaluation.
lu2021_ferroptosis,ferroptosis|prognosis|hnscc|drug sensitivity|immune microenvironment|head and neck squamous cell carcinoma,TRIB3,57761,0.01836895000000056,weighted_sum|,10.3389/fgene.2021.755486,A ferroptosis-related prognostic signature correlated with sensitivity of common chemotherapy drugs for HNSCC and associated with drug sensitivity to cancer cells.
lu2021_ferroptosis,ferroptosis|prognosis|hnscc|drug sensitivity|immune microenvironment|head and neck squamous cell carcinoma,FTH1,2495,0.0014132739293259999,weighted_sum|,10.3389/fgene.2021.755486,A ferroptosis-related prognostic signature correlated with sensitivity of common chemotherapy drugs for HNSCC and associated with drug sensitivity to cancer cells.
lu2021_ferroptosis,ferroptosis|prognosis|hnscc|drug sensitivity|immune microenvironment|head and neck squamous cell carcinoma,SLC2A3,6515,0.016461171208819,weighted_sum|,10.3389/fgene.2021.755486,A ferroptosis-related prognostic signature correlated with sensitivity of common chemotherapy drugs for HNSCC and associated with drug sensitivity to cancer cells.
lu2021_ferroptosis,ferroptosis|prognosis|hnscc|drug sensitivity|immune microenvironment|head and neck squamous cell carcinoma,BNIP3,664,0.025077907397385055,weighted_sum|,10.3389/fgene.2021.755486,A ferroptosis-related prognostic signature correlated with sensitivity of common chemotherapy drugs for HNSCC and associated with drug sensitivity to cancer cells.
shan2021_ferroptosis,ferroptosis|prognosis|drug resistance|pan-cancer,NOX1,27035,0.3025,weighted_sum|,10.3389/fcell.2021.794475,A ferroptosis-related signature model correlated with response to oxidative stress.
shan2021_ferroptosis,ferroptosis|prognosis|drug resistance|pan-cancer,CD44,960,0.11839999999999835,weighted_sum|,10.3389/fcell.2021.794475,A ferroptosis-related signature model correlated with response to oxidative stress.
shan2021_ferroptosis,ferroptosis|prognosis|drug resistance|pan-cancer,TP63,8626,0.08979999999999998,weighted_sum|,10.3389/fcell.2021.794475,A ferroptosis-related signature model correlated with response to oxidative stress.
shan2021_ferroptosis,ferroptosis|prognosis|drug resistance|pan-cancer,NOX3,50508,0.2861,weighted_sum|,10.3389/fcell.2021.794475,A ferroptosis-related signature model correlated with response to oxidative stress.
shan2021_ferroptosis,ferroptosis|prognosis|drug resistance|pan-cancer,EPAS1,2034,0.2285,weighted_sum|,10.3389/fcell.2021.794475,A ferroptosis-related signature model correlated with response to oxidative stress.
shan2021_ferroptosis,ferroptosis|prognosis|drug resistance|pan-cancer,MYB,4602,0.2573000000000003,weighted_sum|,10.3389/fcell.2021.794475,A ferroptosis-related signature model correlated with response to oxidative stress.
shan2021_ferroptosis,ferroptosis|prognosis|drug resistance|pan-cancer,CDO1,1036,0.1948,weighted_sum|,10.3389/fcell.2021.794475,A ferroptosis-related signature model correlated with response to oxidative stress.
shan2021_ferroptosis,ferroptosis|prognosis|drug resistance|pan-cancer,DUOX2,50506,0.07470000000000022,weighted_sum|,10.3389/fcell.2021.794475,A ferroptosis-related signature model correlated with response to oxidative stress.
shan2021_ferroptosis,ferroptosis|prognosis|drug resistance|pan-cancer,EGFR,1956,0.12210000000000022,weighted_sum|,10.3389/fcell.2021.794475,A ferroptosis-related signature model correlated with response to oxidative stress.
shan2021_ferroptosis,ferroptosis|prognosis|drug resistance|pan-cancer,SLC7A11,23657,0.4443000000000003,weighted_sum|,10.3389/fcell.2021.794475,A ferroptosis-related signature model correlated with response to oxidative stress.
shan2021_ferroptosis,ferroptosis|prognosis|drug resistance|pan-cancer,AKR1C2,1646,0.1399000000000004,weighted_sum|,10.3389/fcell.2021.794475,A ferroptosis-related signature model correlated with response to oxidative stress.
shan2021_ferroptosis,ferroptosis|prognosis|drug resistance|pan-cancer,PROM2,150696,0.05200000000000001,weighted_sum|,10.3389/fcell.2021.794475,A ferroptosis-related signature model correlated with response to oxidative stress.
shan2021_ferroptosis,ferroptosis|prognosis|drug resistance|pan-cancer,SQSTM1,8878,0.4473000000000003,weighted_sum|,10.3389/fcell.2021.794475,A ferroptosis-related signature model correlated with response to oxidative stress.
shan2021_ferroptosis,ferroptosis|prognosis|drug resistance|pan-cancer,CYBB,1536,0.15030000000000004,weighted_sum|,10.3389/fcell.2021.794475,A ferroptosis-related signature model correlated with response to oxidative stress.
shan2021_ferroptosis,ferroptosis|prognosis|drug resistance|pan-cancer,FTH1,2495,0.30219999999999997,weighted_sum|,10.3389/fcell.2021.794475,A ferroptosis-related signature model correlated with response to oxidative stress.
xu2021_ferroptosis,ferroptosis|prognosis|hnscc|immune microenvironment|head and neck squamous cell carcinoma,ATG5,9474,0.5019,weighted_sum|,10.1155/2021/5759927,An FRG prognostic signature model for HNSCC.
xu2021_ferroptosis,ferroptosis|prognosis|hnscc|immune microenvironment|head and neck squamous cell carcinoma,PRDX6,9588,0.2121,weighted_sum|,10.1155/2021/5759927,An FRG prognostic signature model for HNSCC.
xu2021_ferroptosis,ferroptosis|prognosis|hnscc|immune microenvironment|head and neck squamous cell carcinoma,OTUB1,55611,0.2577,weighted_sum|,10.1155/2021/5759927,An FRG prognostic signature model for HNSCC.
xu2021_ferroptosis,ferroptosis|prognosis|hnscc|immune microenvironment|head and neck squamous cell carcinoma,FTH1,2495,0.16840000000000024,weighted_sum|,10.1155/2021/5759927,An FRG prognostic signature model for HNSCC.
xu2021_ferroptosis,ferroptosis|prognosis|hnscc|immune microenvironment|head and neck squamous cell carcinoma,SOCS1,8651,-0.2619,weighted_sum|,10.1155/2021/5759927,An FRG prognostic signature model for HNSCC.
xu2021_ferroptosis,ferroptosis|prognosis|hnscc|immune microenvironment|head and neck squamous cell carcinoma,MAP3K5,4217,-0.21520000000000192,weighted_sum|,10.1155/2021/5759927,An FRG prognostic signature model for HNSCC.
zhu2021_ferroptosis,ferroptosis|prognosis|tscc|ca9|thymic squamous cell carcinoma,CA9,768,-0.9500000000000006,weighted_sum|,10.1002/2211-5463.13348,Potential diagnostic biomarkers associated with TSCC.
zhu2021_ferroptosis,ferroptosis|prognosis|tscc|ca9|thymic squamous cell carcinoma,TNFAIP3,7128,-0.8300000000000006,weighted_sum|,10.1002/2211-5463.13348,Potential diagnostic biomarkers associated with TSCC.
zhu2021_ferroptosis,ferroptosis|prognosis|tscc|ca9|thymic squamous cell carcinoma,NRAS,4893,-0.75,weighted_sum|,10.1002/2211-5463.13348,Potential diagnostic biomarkers associated with TSCC.
zhao2021_hypoxia,zhao2021_hypoxia|hypoxia|oscc|hnscc|head and neck squamous cell carcinoma,ALDOA,226,0.2777,weighted_sum|,10.1186/s12903-021-01587-z,Hypoxia-related genes found to be significantly associated with the prognosis of of patients with oral squamous cell carcinoma.
zhao2021_hypoxia,zhao2021_hypoxia|hypoxia|oscc|hnscc|head and neck squamous cell carcinoma,P4HA1,5033,0.1355,weighted_sum|,10.1186/s12903-021-01587-z,Hypoxia-related genes found to be significantly associated with the prognosis of of patients with oral squamous cell carcinoma.
zhao2021_hypoxia,zhao2021_hypoxia|hypoxia|oscc|hnscc|head and neck squamous cell carcinoma,PGK1,5230,0.12370000000000109,weighted_sum|,10.1186/s12903-021-01587-z,Hypoxia-related genes found to be significantly associated with the prognosis of of patients with oral squamous cell carcinoma.
zhao2021_hypoxia,zhao2021_hypoxia|hypoxia|oscc|hnscc|head and neck squamous cell carcinoma,VEGFA,7422,0.047,weighted_sum|,10.1186/s12903-021-01587-z,Hypoxia-related genes found to be significantly associated with the prognosis of of patients with oral squamous cell carcinoma.
li2020_immune,li2020_immune|hnscc|head and neck squamous cell carcinoma,GAST,2520,0.01730000000000005,weighted_sum|,10.1038/s41598-020-63148-8,Immune-related genes for prognosis prediction in HNSCC patients.
li2020_immune,li2020_immune|hnscc|head and neck squamous cell carcinoma,GNRH1,2796,-0.4717,weighted_sum|,10.1038/s41598-020-63148-8,Immune-related genes for prognosis prediction in HNSCC patients.
li2020_immune,li2020_immune|hnscc|head and neck squamous cell carcinoma,PDGFA,5154,0.026300000000000268,weighted_sum|,10.1038/s41598-020-63148-8,Immune-related genes for prognosis prediction in HNSCC patients.
li2020_immune,li2020_immune|hnscc|head and neck squamous cell carcinoma,PLAU,5328,0.0013,weighted_sum|,10.1038/s41598-020-63148-8,Immune-related genes for prognosis prediction in HNSCC patients.
li2020_immune,li2020_immune|hnscc|head and neck squamous cell carcinoma,STC1,6781,0.013200000000000036,weighted_sum|,10.1038/s41598-020-63148-8,Immune-related genes for prognosis prediction in HNSCC patients.
li2020_immune,li2020_immune|hnscc|head and neck squamous cell carcinoma,ZAP70,7535,-0.1297,weighted_sum|,10.1038/s41598-020-63148-8,Immune-related genes for prognosis prediction in HNSCC patients.
li2020_immune,li2020_immune|hnscc|head and neck squamous cell carcinoma,CCL26,10344,0.0081,weighted_sum|,10.1038/s41598-020-63148-8,Immune-related genes for prognosis prediction in HNSCC patients.
li2020_immune,li2020_immune|hnscc|head and neck squamous cell carcinoma,DKK1,22943,0.0059,weighted_sum|,10.1038/s41598-020-63148-8,Immune-related genes for prognosis prediction in HNSCC patients.
li2020_immune,li2020_immune|hnscc|head and neck squamous cell carcinoma,SEMA3G,56920,-0.1523000000000002,weighted_sum|,10.1038/s41598-020-63148-8,Immune-related genes for prognosis prediction in HNSCC patients.
li2020_immune,li2020_immune|hnscc|head and neck squamous cell carcinoma,SFTPA2,729238,0.05900000000000001,weighted_sum|,10.1038/s41598-020-63148-8,Immune-related genes for prognosis prediction in HNSCC patients.
zhu2020_autophagy,zhu2020_autophagy|oscc|hnscc|head and neck squamous cell carcinoma,BAK1,578,0.25,weighted_sum|,10.1111/odi.13492,Prognostic autophagy-related genes in oral squamous cell carcinoma.
zhu2020_autophagy,zhu2020_autophagy|oscc|hnscc|head and neck squamous cell carcinoma,BID,637,0.4,weighted_sum|,10.1111/odi.13492,Prognostic autophagy-related genes in oral squamous cell carcinoma.
zhu2020_autophagy,zhu2020_autophagy|oscc|hnscc|head and neck squamous cell carcinoma,SPHK1,8877,-0.21000000000000021,weighted_sum|,10.1111/odi.13492,Prognostic autophagy-related genes in oral squamous cell carcinoma.
zhu2020_autophagy,zhu2020_autophagy|oscc|hnscc|head and neck squamous cell carcinoma,NKX2-3,159296,-0.58,weighted_sum|,10.1111/odi.13492,Prognostic autophagy-related genes in oral squamous cell carcinoma.
yang2020_autophagy,yang2020_autophagy|hnscc|head and neck squamous cell carcinoma,CDKN2A,1029,-0.0144,weighted_sum|,10.1155/2020/7397132,Autophagy-related genes with prognostic value in patients with head and neck squamous cell carcinoma
yang2020_autophagy,yang2020_autophagy|hnscc|head and neck squamous cell carcinoma,EGFR,1956,0.0017000000000000001,weighted_sum|,10.1155/2020/7397132,Autophagy-related genes with prognostic value in patients with head and neck squamous cell carcinoma
yang2020_autophagy,yang2020_autophagy|hnscc|head and neck squamous cell carcinoma,ITGA3,3675,0.0046,weighted_sum|,10.1155/2020/7397132,Autophagy-related genes with prognostic value in patients with head and neck squamous cell carcinoma
yang2020_autophagy,yang2020_autophagy|hnscc|head and neck squamous cell carcinoma,PRKN,5071,0.6109,weighted_sum|,10.1155/2020/7397132,Autophagy-related genes with prognostic value in patients with head and neck squamous cell carcinoma
yang2020_autophagy,yang2020_autophagy|hnscc|head and neck squamous cell carcinoma,FADD,8772,0.0075,weighted_sum|,10.1155/2020/7397132,Autophagy-related genes with prognostic value in patients with head and neck squamous cell carcinoma
yang2020_autophagy,yang2020_autophagy|hnscc|head and neck squamous cell carcinoma,HSPB8,26353,-0.0067,weighted_sum|,10.1155/2020/7397132,Autophagy-related genes with prognostic value in patients with head and neck squamous cell carcinoma
wang2020_hnscc,wang2020_hnscc|hnscc|head and neck squamous cell carcinoma,CTTN,2017,0.1112888,weighted_sum|,10.18632/aging.102655,Six-gene signature for predicting survival in patients with head and neck squamous cell carcinoma.
wang2020_hnscc,wang2020_hnscc|hnscc|head and neck squamous cell carcinoma,SERPINE1,5054,0.275704,weighted_sum|,10.18632/aging.102655,Six-gene signature for predicting survival in patients with head and neck squamous cell carcinoma.
wang2020_hnscc,wang2020_hnscc|hnscc|head and neck squamous cell carcinoma,UPK2,7379,0.188539,weighted_sum|,10.18632/aging.102655,Six-gene signature for predicting survival in patients with head and neck squamous cell carcinoma.
wang2020_hnscc,wang2020_hnscc|hnscc|head and neck squamous cell carcinoma,PEX11A,8800,0.36271319999999996,weighted_sum|,10.18632/aging.102655,Six-gene signature for predicting survival in patients with head and neck squamous cell carcinoma.
wang2020_hnscc,wang2020_hnscc|hnscc|head and neck squamous cell carcinoma,NLRP2,55655,0.3038125000000003,weighted_sum|,10.18632/aging.102655,Six-gene signature for predicting survival in patients with head and neck squamous cell carcinoma.
wang2020_hnscc,wang2020_hnscc|hnscc|head and neck squamous cell carcinoma,D2HGDH,728294,-0.3929517,weighted_sum|,10.18632/aging.102655,Six-gene signature for predicting survival in patients with head and neck squamous cell carcinoma.
li2021_immunosupp,li2021_immunosupp|immune|immunosuppression|oscc|oral squamous cell carcinoma|hnscc|head and neck squamous cell carcinoma,BGLAP,632,-31.398,weighted_sum|,10.3389/fcell.2021.687245,Immunosuppression genes with significant prognostic values in OSCC.
li2021_immunosupp,li2021_immunosupp|immune|immunosuppression|oscc|oral squamous cell carcinoma|hnscc|head and neck squamous cell carcinoma,CALCA,796,15.86300000000002,weighted_sum|,10.3389/fcell.2021.687245,Immunosuppression genes with significant prognostic values in OSCC.
li2021_immunosupp,li2021_immunosupp|immune|immunosuppression|oscc|oral squamous cell carcinoma|hnscc|head and neck squamous cell carcinoma,CTLA4,1493,-341.002,weighted_sum|,10.3389/fcell.2021.687245,Immunosuppression genes with significant prognostic values in OSCC.
li2021_immunosupp,li2021_immunosupp|immune|immunosuppression|oscc|oral squamous cell carcinoma|hnscc|head and neck squamous cell carcinoma,FGFR3,2261,0.4619740000000023,weighted_sum|,10.3389/fcell.2021.687245,Immunosuppression genes with significant prognostic values in OSCC.
li2021_immunosupp,li2021_immunosupp|immune|immunosuppression|oscc|oral squamous cell carcinoma|hnscc|head and neck squamous cell carcinoma,HPRT1,3251,28.805,weighted_sum|,10.3389/fcell.2021.687245,Immunosuppression genes with significant prognostic values in OSCC.
li2021_immunosupp,li2021_immunosupp|immune|immunosuppression|oscc|oral squamous cell carcinoma|hnscc|head and neck squamous cell carcinoma,CXCL8,3576,0.2884850000000003,weighted_sum|,10.3389/fcell.2021.687245,Immunosuppression genes with significant prognostic values in OSCC.
li2021_immunosupp,li2021_immunosupp|immune|immunosuppression|oscc|oral squamous cell carcinoma|hnscc|head and neck squamous cell carcinoma,INHBB,3625,334.8490000000023,weighted_sum|,10.3389/fcell.2021.687245,Immunosuppression genes with significant prognostic values in OSCC.
li2021_immunosupp,li2021_immunosupp|immune|immunosuppression|oscc|oral squamous cell carcinoma|hnscc|head and neck squamous cell carcinoma,TLR3,7098,1.298,weighted_sum|,10.3389/fcell.2021.687245,Immunosuppression genes with significant prognostic values in OSCC.
li2021_immunosupp,li2021_immunosupp|immune|immunosuppression|oscc|oral squamous cell carcinoma|hnscc|head and neck squamous cell carcinoma,SPHK1,8877,-154.105,weighted_sum|,10.3389/fcell.2021.687245,Immunosuppression genes with significant prognostic values in OSCC.
li2021_immunosupp,li2021_immunosupp|immune|immunosuppression|oscc|oral squamous cell carcinoma|hnscc|head and neck squamous cell carcinoma,IL22,50616,11.151,weighted_sum|,10.3389/fcell.2021.687245,Immunosuppression genes with significant prognostic values in OSCC.
li2021_immunosupp,li2021_immunosupp|immune|immunosuppression|oscc|oral squamous cell carcinoma|hnscc|head and neck squamous cell carcinoma,ORMDL3,94103,2.3899999999999997,weighted_sum|,10.3389/fcell.2021.687245,Immunosuppression genes with significant prognostic values in OSCC.
lu2020_macrophages,lu2020_macrophages|macrophages|immune|hnscc|head and neck squamous cell carcinoma,IL2RA,3559,-0.09706550000000012,weighted_sum|,10.3389/fonc.2020.569002,Ten-gene signature based on tumor-associated macrophages that predicts overall survival in HNSCC patients.
lu2020_macrophages,lu2020_macrophages|macrophages|immune|hnscc|head and neck squamous cell carcinoma,INHBA,3624,0.005283190000000063,weighted_sum|,10.3389/fonc.2020.569002,Ten-gene signature based on tumor-associated macrophages that predicts overall survival in HNSCC patients.
lu2020_macrophages,lu2020_macrophages|macrophages|immune|hnscc|head and neck squamous cell carcinoma,PDGFA,5154,0.016294219999999946,weighted_sum|,10.3389/fonc.2020.569002,Ten-gene signature based on tumor-associated macrophages that predicts overall survival in HNSCC patients.
lu2020_macrophages,lu2020_macrophages|macrophages|immune|hnscc|head and neck squamous cell carcinoma,PTX3,5806,0.010962749999999999,weighted_sum|,10.3389/fonc.2020.569002,Ten-gene signature based on tumor-associated macrophages that predicts overall survival in HNSCC patients.
lu2020_macrophages,lu2020_macrophages|macrophages|immune|hnscc|head and neck squamous cell carcinoma,CCL5,6352,-80.2,weighted_sum|,10.3389/fonc.2020.569002,Ten-gene signature based on tumor-associated macrophages that predicts overall survival in HNSCC patients.
lu2020_macrophages,lu2020_macrophages|macrophages|immune|hnscc|head and neck squamous cell carcinoma,TGFB1,7040,67300000000000,weighted_sum|,10.3389/fonc.2020.569002,Ten-gene signature based on tumor-associated macrophages that predicts overall survival in HNSCC patients.
lu2020_macrophages,lu2020_macrophages|macrophages|immune|hnscc|head and neck squamous cell carcinoma,GAS7,8522,-0.02048740000000005,weighted_sum|,10.3389/fonc.2020.569002,Ten-gene signature based on tumor-associated macrophages that predicts overall survival in HNSCC patients.
lu2020_macrophages,lu2020_macrophages|macrophages|immune|hnscc|head and neck squamous cell carcinoma,HS3ST1,9957,0.11410459,weighted_sum|,10.3389/fonc.2020.569002,Ten-gene signature based on tumor-associated macrophages that predicts overall survival in HNSCC patients.
lu2020_macrophages,lu2020_macrophages|macrophages|immune|hnscc|head and neck squamous cell carcinoma,SLC2A6,11182,0.01694515000000005,weighted_sum|,10.3389/fonc.2020.569002,Ten-gene signature based on tumor-associated macrophages that predicts overall survival in HNSCC patients.
lu2020_macrophages,lu2020_macrophages|macrophages|immune|hnscc|head and neck squamous cell carcinoma,RAI14,26064,0.00429914,weighted_sum|,10.3389/fonc.2020.569002,Ten-gene signature based on tumor-associated macrophages that predicts overall survival in HNSCC patients.
lin2021_immune,lin2021_immune|immune|oral cancer|hnscc|head and neck squamous cell carcinoma,CCNA2,890,0.027623790999999946,weighted_sum|,10.1002/ctm2.343,Stemness‐related and immune gene set‐based signature in oral cancer.
lin2021_immune,lin2021_immune|immune|oral cancer|hnscc|head and neck squamous cell carcinoma,MMP14,4323,0.004838883,weighted_sum|,10.1002/ctm2.343,Stemness‐related and immune gene set‐based signature in oral cancer.
lin2021_immune,lin2021_immune|immune|oral cancer|hnscc|head and neck squamous cell carcinoma,HEYL,26508,0.12363847300000012,weighted_sum|,10.1002/ctm2.343,Stemness‐related and immune gene set‐based signature in oral cancer.
lin2021_immune,lin2021_immune|immune|oral cancer|hnscc|head and neck squamous cell carcinoma,LMCD1,29995,0.16806204500000024,weighted_sum|,10.1002/ctm2.343,Stemness‐related and immune gene set‐based signature in oral cancer.
lin2021_immune,lin2021_immune|immune|oral cancer|hnscc|head and neck squamous cell carcinoma,COL5A3,50509,-0.038646458,weighted_sum|,10.1002/ctm2.343,Stemness‐related and immune gene set‐based signature in oral cancer.
lin2021_immune,lin2021_immune|immune|oral cancer|hnscc|head and neck squamous cell carcinoma,RCN3,57333,-0.018894895000000005,weighted_sum|,10.1002/ctm2.343,Stemness‐related and immune gene set‐based signature in oral cancer.
lin2021_immune,lin2021_immune|immune|oral cancer|hnscc|head and neck squamous cell carcinoma,FMNL3,91010,-0.21044677400000195,weighted_sum|,10.1002/ctm2.343,Stemness‐related and immune gene set‐based signature in oral cancer.
lin2021_immune,lin2021_immune|immune|oral cancer|hnscc|head and neck squamous cell carcinoma,ESCO2,157570,-0.2176920100000002,weighted_sum|,10.1002/ctm2.343,Stemness‐related and immune gene set‐based signature in oral cancer.
zhang2021_oscc,zhang2021_oscc|oscc|hnscc|head and neck squamous cell carcinoma,CCR4,1233,0.035233,weighted_sum|,10.1155/2021/6657767,Prognostic signature in oral squamous cell carcinoma patients.
zhang2021_oscc,zhang2021_oscc|oscc|hnscc|head and neck squamous cell carcinoma,CTLA4,1493,-0.02666000000000005,weighted_sum|,10.1155/2021/6657767,Prognostic signature in oral squamous cell carcinoma patients.
zhang2021_oscc,zhang2021_oscc|oscc|hnscc|head and neck squamous cell carcinoma,HTR1D,3352,0.010051,weighted_sum|,10.1155/2021/6657767,Prognostic signature in oral squamous cell carcinoma patients.
zhang2021_oscc,zhang2021_oscc|oscc|hnscc|head and neck squamous cell carcinoma,SPRR2E,6704,-7600000000000,weighted_sum|,10.1155/2021/6657767,Prognostic signature in oral squamous cell carcinoma patients.
zhang2021_oscc,zhang2021_oscc|oscc|hnscc|head and neck squamous cell carcinoma,ICOS,29851,-0.02217,weighted_sum|,10.1155/2021/6657767,Prognostic signature in oral squamous cell carcinoma patients.
qiu2017_otscc,qiu2017_otscc|otscc|oscc|hnscc|head and neck squamous cell carcinoma,CD69,969,0.984,weighted_sum|,10.7717/peerj.4062,16-gene signature for prognosis of oral tongue squamous cell carcinoma (OTSCC) patients.
qiu2017_otscc,qiu2017_otscc|otscc|oscc|hnscc|head and neck squamous cell carcinoma,CPE,1363,0.7929999999999995,weighted_sum|,10.7717/peerj.4062,16-gene signature for prognosis of oral tongue squamous cell carcinoma (OTSCC) patients.
qiu2017_otscc,qiu2017_otscc|otscc|oscc|hnscc|head and neck squamous cell carcinoma,EVI2A,2123,0.8310000000000006,weighted_sum|,10.7717/peerj.4062,16-gene signature for prognosis of oral tongue squamous cell carcinoma (OTSCC) patients.
qiu2017_otscc,qiu2017_otscc|otscc|oscc|hnscc|head and neck squamous cell carcinoma,GUSB,2990,0.987,weighted_sum|,10.7717/peerj.4062,16-gene signature for prognosis of oral tongue squamous cell carcinoma (OTSCC) patients.
qiu2017_otscc,qiu2017_otscc|otscc|oscc|hnscc|head and neck squamous cell carcinoma,NPY,4852,-0.897,weighted_sum|,10.7717/peerj.4062,16-gene signature for prognosis of oral tongue squamous cell carcinoma (OTSCC) patients.
qiu2017_otscc,qiu2017_otscc|otscc|oscc|hnscc|head and neck squamous cell carcinoma,SELL,6402,0.9460000000000006,weighted_sum|,10.7717/peerj.4062,16-gene signature for prognosis of oral tongue squamous cell carcinoma (OTSCC) patients.
qiu2017_otscc,qiu2017_otscc|otscc|oscc|hnscc|head and neck squamous cell carcinoma,HNF1B,6928,-0.917,weighted_sum|,10.7717/peerj.4062,16-gene signature for prognosis of oral tongue squamous cell carcinoma (OTSCC) patients.
qiu2017_otscc,qiu2017_otscc|otscc|oscc|hnscc|head and neck squamous cell carcinoma,RGS5,8490,0.9520000000000006,weighted_sum|,10.7717/peerj.4062,16-gene signature for prognosis of oral tongue squamous cell carcinoma (OTSCC) patients.
qiu2017_otscc,qiu2017_otscc|otscc|oscc|hnscc|head and neck squamous cell carcinoma,SNX4,8723,1.226,weighted_sum|,10.7717/peerj.4062,16-gene signature for prognosis of oral tongue squamous cell carcinoma (OTSCC) patients.
qiu2017_otscc,qiu2017_otscc|otscc|oscc|hnscc|head and neck squamous cell carcinoma,CDS2,8760,1.369,weighted_sum|,10.7717/peerj.4062,16-gene signature for prognosis of oral tongue squamous cell carcinoma (OTSCC) patients.
qiu2017_otscc,qiu2017_otscc|otscc|oscc|hnscc|head and neck squamous cell carcinoma,MBD4,8930,0.915,weighted_sum|,10.7717/peerj.4062,16-gene signature for prognosis of oral tongue squamous cell carcinoma (OTSCC) patients.
qiu2017_otscc,qiu2017_otscc|otscc|oscc|hnscc|head and neck squamous cell carcinoma,ITM2A,9452,0.812,weighted_sum|,10.7717/peerj.4062,16-gene signature for prognosis of oral tongue squamous cell carcinoma (OTSCC) patients.
qiu2017_otscc,qiu2017_otscc|otscc|oscc|hnscc|head and neck squamous cell carcinoma,SMG1,23049,-0.974,weighted_sum|,10.7717/peerj.4062,16-gene signature for prognosis of oral tongue squamous cell carcinoma (OTSCC) patients.
qiu2017_otscc,qiu2017_otscc|otscc|oscc|hnscc|head and neck squamous cell carcinoma,ZC3H3,23144,-0.962,weighted_sum|,10.7717/peerj.4062,16-gene signature for prognosis of oral tongue squamous cell carcinoma (OTSCC) patients.
qiu2017_otscc,qiu2017_otscc|otscc|oscc|hnscc|head and neck squamous cell carcinoma,SEL1L3,23231,0.8590000000000036,weighted_sum|,10.7717/peerj.4062,16-gene signature for prognosis of oral tongue squamous cell carcinoma (OTSCC) patients.
qiu2017_otscc,qiu2017_otscc|otscc|oscc|hnscc|head and neck squamous cell carcinoma,DIPK1A,388650,0.8440000000000006,weighted_sum|,10.7717/peerj.4062,16-gene signature for prognosis of oral tongue squamous cell carcinoma (OTSCC) patients.
cao2019_oscc,cao2019_oscc|oscc|hnscc|head and neck squamous cell carcinoma,C6,729,0.31541,weighted_sum|,10.7717/peerj.7360,A 3-mRNA-based prognostic signature of survival in oral squamous cell carcinoma.
cao2019_oscc,cao2019_oscc|oscc|hnscc|head and neck squamous cell carcinoma,CLCN1,1180,-0.20632,weighted_sum|,10.7717/peerj.7360,A 3-mRNA-based prognostic signature of survival in oral squamous cell carcinoma.
cao2019_oscc,cao2019_oscc|oscc|hnscc|head and neck squamous cell carcinoma,CLEC3B,7123,-0.3860200000000003,weighted_sum|,10.7717/peerj.7360,A 3-mRNA-based prognostic signature of survival in oral squamous cell carcinoma.
zhang2020_hnscc,zhang2020_hnscc|hnscc|head and neck squamous cell carcinoma|lymphovascular invasion,DEPDC1,55635,0.3263600000000003,weighted_sum|,10.1186/s12885-020-06728-1,Two-mRNA signature as an independent biomarker to predict lymphovascular invasion risk in head and neck squamous cell carcinoma.
zhang2020_hnscc,zhang2020_hnscc|hnscc|head and neck squamous cell carcinoma|lymphovascular invasion,CNFN,84518,-0.07544000000000002,weighted_sum|,10.1186/s12885-020-06728-1,Two-mRNA signature as an independent biomarker to predict lymphovascular invasion risk in head and neck squamous cell carcinoma.
yang2022_oral,yang2022_oral|head and neck squamous cell carcinoma,ZNF114,163071,0.06295627200000002,weighted_sum|,10.1016/j.archoralbio.2022.105375,Prognostic and diagnostic gene signature in oral carcinoma.
yang2022_oral,yang2022_oral|head and neck squamous cell carcinoma,AREG,374,0.0030635590000000082,weighted_sum|,10.1016/j.archoralbio.2022.105375,Prognostic and diagnostic gene signature in oral carcinoma.
yang2022_oral,yang2022_oral|head and neck squamous cell carcinoma,GRB14,2888,0.182429113,weighted_sum|,10.1016/j.archoralbio.2022.105375,Prognostic and diagnostic gene signature in oral carcinoma.
yang2022_oral,yang2022_oral|head and neck squamous cell carcinoma,DDIT4,54541,0.0022984,weighted_sum|,10.1016/j.archoralbio.2022.105375,Prognostic and diagnostic gene signature in oral carcinoma.
liu2021_hnscc,liu2021_hnscc|hnscc|head and neck squamous cell carcinoma,CBX3,11335,0.004293,weighted_sum|,10.3389/fonc.2021.657002,Eight-gene signature for the prediction of prognosis in patients with head and neck squamous cell carcinoma.
liu2021_hnscc,liu2021_hnscc|hnscc|head and neck squamous cell carcinoma,GNA12,2768,0.0011240000000000041,weighted_sum|,10.3389/fonc.2021.657002,Eight-gene signature for the prediction of prognosis in patients with head and neck squamous cell carcinoma.
liu2021_hnscc,liu2021_hnscc|hnscc|head and neck squamous cell carcinoma,P4HA1,5033,0.0145,weighted_sum|,10.3389/fonc.2021.657002,Eight-gene signature for the prediction of prognosis in patients with head and neck squamous cell carcinoma.
liu2021_hnscc,liu2021_hnscc|hnscc|head and neck squamous cell carcinoma,PLAU,5328,0.001283,weighted_sum|,10.3389/fonc.2021.657002,Eight-gene signature for the prediction of prognosis in patients with head and neck squamous cell carcinoma.
liu2021_hnscc,liu2021_hnscc|hnscc|head and neck squamous cell carcinoma,PPL,5493,0.001023,weighted_sum|,10.3389/fonc.2021.657002,Eight-gene signature for the prediction of prognosis in patients with head and neck squamous cell carcinoma.
liu2021_hnscc,liu2021_hnscc|hnscc|head and neck squamous cell carcinoma,RAB25,57111,0.001824,weighted_sum|,10.3389/fonc.2021.657002,Eight-gene signature for the prediction of prognosis in patients with head and neck squamous cell carcinoma.
liu2021_hnscc,liu2021_hnscc|hnscc|head and neck squamous cell carcinoma,EPHX3,79852,-0.01243,weighted_sum|,10.3389/fonc.2021.657002,Eight-gene signature for the prediction of prognosis in patients with head and neck squamous cell carcinoma.
liu2021_hnscc,liu2021_hnscc|hnscc|head and neck squamous cell carcinoma,HLF,3131,-0.025500000000000005,weighted_sum|,10.3389/fonc.2021.657002,Eight-gene signature for the prediction of prognosis in patients with head and neck squamous cell carcinoma.
hou2020_oscc,hou2020_oscc|OSCC|Oral Squamous Cell Carcinoma,USP10,9100,0.1776,weighted_sum|,10.3389/fonc.2020.558596,Autophagy-related gene prognostic signature and nomogram for predicting survival in oral squamous cell carcinoma
hou2020_oscc,hou2020_oscc|OSCC|Oral Squamous Cell Carcinoma,ATF6,22926,0.3891,weighted_sum|,10.3389/fonc.2020.558596,Autophagy-related gene prognostic signature and nomogram for predicting survival in oral squamous cell carcinoma
hou2020_oscc,hou2020_oscc|OSCC|Oral Squamous Cell Carcinoma,MAPK9,5601,0.4648000000000003,weighted_sum|,10.3389/fonc.2020.558596,Autophagy-related gene prognostic signature and nomogram for predicting survival in oral squamous cell carcinoma
hou2020_oscc,hou2020_oscc|OSCC|Oral Squamous Cell Carcinoma,BID,637,0.2603000000000003,weighted_sum|,10.3389/fonc.2020.558596,Autophagy-related gene prognostic signature and nomogram for predicting survival in oral squamous cell carcinoma
hou2020_oscc,hou2020_oscc|OSCC|Oral Squamous Cell Carcinoma,FOS,2353,-0.05060000000000001,weighted_sum|,10.3389/fonc.2020.558596,Autophagy-related gene prognostic signature and nomogram for predicting survival in oral squamous cell carcinoma
hou2020_oscc,hou2020_oscc|OSCC|Oral Squamous Cell Carcinoma,MAP1LC3A,84557,-0.060000000000000005,weighted_sum|,10.3389/fonc.2020.558596,Autophagy-related gene prognostic signature and nomogram for predicting survival in oral squamous cell carcinoma
hou2020_oscc,hou2020_oscc|OSCC|Oral Squamous Cell Carcinoma,SPHK1,8877,-0.0363,weighted_sum|,10.3389/fonc.2020.558596,Autophagy-related gene prognostic signature and nomogram for predicting survival in oral squamous cell carcinoma
hou2020_oscc,hou2020_oscc|OSCC|Oral Squamous Cell Carcinoma,GRID1,2894,-0.2013,weighted_sum|,10.3389/fonc.2020.558596,Autophagy-related gene prognostic signature and nomogram for predicting survival in oral squamous cell carcinoma
hou2020_oscc,hou2020_oscc|OSCC|Oral Squamous Cell Carcinoma,IKBKB,3551,-0.1986,weighted_sum|,10.3389/fonc.2020.558596,Autophagy-related gene prognostic signature and nomogram for predicting survival in oral squamous cell carcinoma
hou2020_oscc,hou2020_oscc|OSCC|Oral Squamous Cell Carcinoma,RAB24,53917,-0.20020000000000004,weighted_sum|,10.3389/fonc.2020.558596,Autophagy-related gene prognostic signature and nomogram for predicting survival in oral squamous cell carcinoma
hou2020_oscc,hou2020_oscc|OSCC|Oral Squamous Cell Carcinoma,CFLAR,8837,-0.14270000000000024,weighted_sum|,10.3389/fonc.2020.558596,Autophagy-related gene prognostic signature and nomogram for predicting survival in oral squamous cell carcinoma
hou2020_oscc,hou2020_oscc|OSCC|Oral Squamous Cell Carcinoma,WDR45,11152,-0.17990000000000203,weighted_sum|,10.3389/fonc.2020.558596,Autophagy-related gene prognostic signature and nomogram for predicting survival in oral squamous cell carcinoma
hou2020_oscc,hou2020_oscc|OSCC|Oral Squamous Cell Carcinoma,RAF1,5894,-0.5773,weighted_sum|,10.3389/fonc.2020.558596,Autophagy-related gene prognostic signature and nomogram for predicting survival in oral squamous cell carcinoma
huang2021_oscc,huang2021_oscc|oscc|oral squamous cell carcinoma|metabolic gene,PIP5K1B,8395,0.10453319500000002,weighted_sum|,10.3389/fphys.2021.609770,A nine-metabolic-gene signature stratifying OSCC patients into high- and low-risk groups for prognosis.
huang2021_oscc,huang2021_oscc|oscc|oral squamous cell carcinoma|metabolic gene,MINPP1,9562,0.10743556400000012,weighted_sum|,10.3389/fphys.2021.609770,A nine-metabolic-gene signature stratifying OSCC patients into high- and low-risk groups for prognosis.
huang2021_oscc,huang2021_oscc|oscc|oral squamous cell carcinoma|metabolic gene,PYGL,5836,0.008286949000000036,weighted_sum|,10.3389/fphys.2021.609770,A nine-metabolic-gene signature stratifying OSCC patients into high- and low-risk groups for prognosis.
huang2021_oscc,huang2021_oscc|oscc|oral squamous cell carcinoma|metabolic gene,AGPAT4,56895,0.25314130799999995,weighted_sum|,10.3389/fphys.2021.609770,A nine-metabolic-gene signature stratifying OSCC patients into high- and low-risk groups for prognosis.
huang2021_oscc,huang2021_oscc|oscc|oral squamous cell carcinoma|metabolic gene,ENTPD1,953,-0.193545659,weighted_sum|,10.3389/fphys.2021.609770,A nine-metabolic-gene signature stratifying OSCC patients into high- and low-risk groups for prognosis.
huang2021_oscc,huang2021_oscc|oscc|oral squamous cell carcinoma|metabolic gene,NAGK,55577,-0.07652034400000104,weighted_sum|,10.3389/fphys.2021.609770,A nine-metabolic-gene signature stratifying OSCC patients into high- and low-risk groups for prognosis.
huang2021_oscc,huang2021_oscc|oscc|oral squamous cell carcinoma|metabolic gene,HADHB,3032,0.038865292999999995,weighted_sum|,10.3389/fphys.2021.609770,A nine-metabolic-gene signature stratifying OSCC patients into high- and low-risk groups for prognosis.
huang2021_oscc,huang2021_oscc|oscc|oral squamous cell carcinoma|metabolic gene,CA12,771,0.010700127999999998,weighted_sum|,10.3389/fphys.2021.609770,A nine-metabolic-gene signature stratifying OSCC patients into high- and low-risk groups for prognosis.
huang2021_oscc,huang2021_oscc|oscc|oral squamous cell carcinoma|metabolic gene,CA9,768,0.007224148,weighted_sum|,10.3389/fphys.2021.609770,A nine-metabolic-gene signature stratifying OSCC patients into high- and low-risk groups for prognosis.
li2022_hnscc,li2022_hnscc|hnscc|head and neck squamous cell carcinoma|metabolites,HPRT1,3251,0.014267,weighted_sum|,10.1111/odi.14125,A nine-gene signature associated with HNSCC progression and prognosis.
li2022_hnscc,li2022_hnscc|hnscc|head and neck squamous cell carcinoma|metabolites,P4HA1,5033,0.004647,weighted_sum|,10.1111/odi.14125,A nine-gene signature associated with HNSCC progression and prognosis.
li2022_hnscc,li2022_hnscc|hnscc|head and neck squamous cell carcinoma|metabolites,MTHFD2,10797,0.01937800000000005,weighted_sum|,10.1111/odi.14125,A nine-gene signature associated with HNSCC progression and prognosis.
li2022_hnscc,li2022_hnscc|hnscc|head and neck squamous cell carcinoma|metabolites,ADH7,131,0.0029249999999999996,weighted_sum|,10.1111/odi.14125,A nine-gene signature associated with HNSCC progression and prognosis.
li2022_hnscc,li2022_hnscc|hnscc|head and neck squamous cell carcinoma|metabolites,SMS,6611,0.001211,weighted_sum|,10.1111/odi.14125,A nine-gene signature associated with HNSCC progression and prognosis.
li2022_hnscc,li2022_hnscc|hnscc|head and neck squamous cell carcinoma|metabolites,DNMT1,1786,-0.037281999999999996,weighted_sum|,10.1111/odi.14125,A nine-gene signature associated with HNSCC progression and prognosis.
li2022_hnscc,li2022_hnscc|hnscc|head and neck squamous cell carcinoma|metabolites,PYGL,5836,0.005746,weighted_sum|,10.1111/odi.14125,A nine-gene signature associated with HNSCC progression and prognosis.
li2022_hnscc,li2022_hnscc|hnscc|head and neck squamous cell carcinoma|metabolites,ADA,100,0.012445,weighted_sum|,10.1111/odi.14125,A nine-gene signature associated with HNSCC progression and prognosis.
li2022_hnscc,li2022_hnscc|hnscc|head and neck squamous cell carcinoma|metabolites,LDHA,3939,2.0400000000000005e-4,weighted_sum|,10.1111/odi.14125,A nine-gene signature associated with HNSCC progression and prognosis.
li2021_oscc,li2021_oscc|oscc|oral squamous cell carcinoma|hypoxia,CNFN,84518,-0.2829316930000003,weighted_sum|,10.3389/fonc.2021.709865,A hypoxia-related signature identifying OSCC subtypes for prognosis and therapy selection.
li2021_oscc,li2021_oscc|oscc|oral squamous cell carcinoma|hypoxia,AQP3,360,0.094246012,weighted_sum|,10.3389/fonc.2021.709865,A hypoxia-related signature identifying OSCC subtypes for prognosis and therapy selection.
li2021_oscc,li2021_oscc|oscc|oral squamous cell carcinoma|hypoxia,KRT10,3858,0.20580369,weighted_sum|,10.3389/fonc.2021.709865,A hypoxia-related signature identifying OSCC subtypes for prognosis and therapy selection.
li2021_oscc,li2021_oscc|oscc|oral squamous cell carcinoma|hypoxia,KRT8,3856,0.190962707,weighted_sum|,10.3389/fonc.2021.709865,A hypoxia-related signature identifying OSCC subtypes for prognosis and therapy selection.
li2021_oscc,li2021_oscc|oscc|oral squamous cell carcinoma|hypoxia,DDIT4,54541,0.24506142700000041,weighted_sum|,10.3389/fonc.2021.709865,A hypoxia-related signature identifying OSCC subtypes for prognosis and therapy selection.
han2022_hnscc,han2022_hnscc|hnscc|head and neck squamous cell carcinoma| inflammatory response,CCL22,6367,-0.184,weighted_sum|,10.3389/fgene.2022.767166,A 14-gene inflammatory signature predicting prognosis and treatment response in HNSCC.
han2022_hnscc,han2022_hnscc|hnscc|head and neck squamous cell carcinoma| inflammatory response,CCR7,1236,-0.386,weighted_sum|,10.3389/fgene.2022.767166,A 14-gene inflammatory signature predicting prognosis and treatment response in HNSCC.
han2022_hnscc,han2022_hnscc|hnscc|head and neck squamous cell carcinoma| inflammatory response,CD48,962,0.649,weighted_sum|,10.3389/fgene.2022.767166,A 14-gene inflammatory signature predicting prognosis and treatment response in HNSCC.
han2022_hnscc,han2022_hnscc|hnscc|head and neck squamous cell carcinoma| inflammatory response,F3,2152,0.083,weighted_sum|,10.3389/fgene.2022.767166,A 14-gene inflammatory signature predicting prognosis and treatment response in HNSCC.
han2022_hnscc,han2022_hnscc|hnscc|head and neck squamous cell carcinoma| inflammatory response,HBEGF,1839,0.322,weighted_sum|,10.3389/fgene.2022.767166,A 14-gene inflammatory signature predicting prognosis and treatment response in HNSCC.
han2022_hnscc,han2022_hnscc|hnscc|head and neck squamous cell carcinoma| inflammatory response,IL10,3586,-1.055,weighted_sum|,10.3389/fgene.2022.767166,A 14-gene inflammatory signature predicting prognosis and treatment response in HNSCC.
han2022_hnscc,han2022_hnscc|hnscc|head and neck squamous cell carcinoma| inflammatory response,IL10RA,3587,-0.4740000000000003,weighted_sum|,10.3389/fgene.2022.767166,A 14-gene inflammatory signature predicting prognosis and treatment response in HNSCC.
han2022_hnscc,han2022_hnscc|hnscc|head and neck squamous cell carcinoma| inflammatory response,IL2RB,3560,0.4790000000000003,weighted_sum|,10.3389/fgene.2022.767166,A 14-gene inflammatory signature predicting prognosis and treatment response in HNSCC.
han2022_hnscc,han2022_hnscc|hnscc|head and neck squamous cell carcinoma| inflammatory response,LCK,3932,-0.392,weighted_sum|,10.3389/fgene.2022.767166,A 14-gene inflammatory signature predicting prognosis and treatment response in HNSCC.
han2022_hnscc,han2022_hnscc|hnscc|head and neck squamous cell carcinoma| inflammatory response,PIK3R5,23533,1.014,weighted_sum|,10.3389/fgene.2022.767166,A 14-gene inflammatory signature predicting prognosis and treatment response in HNSCC.
han2022_hnscc,han2022_hnscc|hnscc|head and neck squamous cell carcinoma| inflammatory response,PSEN1,5663,0.5700000000000006,weighted_sum|,10.3389/fgene.2022.767166,A 14-gene inflammatory signature predicting prognosis and treatment response in HNSCC.
han2022_hnscc,han2022_hnscc|hnscc|head and neck squamous cell carcinoma| inflammatory response,TIMP1,7076,0.223,weighted_sum|,10.3389/fgene.2022.767166,A 14-gene inflammatory signature predicting prognosis and treatment response in HNSCC.
han2022_hnscc,han2022_hnscc|hnscc|head and neck squamous cell carcinoma| inflammatory response,TNFAIP6,7130,0.2150000000000004,weighted_sum|,10.3389/fgene.2022.767166,A 14-gene inflammatory signature predicting prognosis and treatment response in HNSCC.
han2022_hnscc,han2022_hnscc|hnscc|head and neck squamous cell carcinoma| inflammatory response,TNFRSF1B,7133,-0.442,weighted_sum|,10.3389/fgene.2022.767166,A 14-gene inflammatory signature predicting prognosis and treatment response in HNSCC.
almouhanna2022_hnscc,almouhanna2022_hnscc|hnscc|head and neck squamous cell carcinoma| endocrine therapy,ZNF831,128611,-0.4258735000000035,weighted_sum|,10.3390/ijms25021244,A 25-gene ESR1-related signature predicting prognosis and endocrine therapy response in HNSCC.
almouhanna2022_hnscc,almouhanna2022_hnscc|hnscc|head and neck squamous cell carcinoma| endocrine therapy,FCRL3,115352,-0.1400017,weighted_sum|,10.3390/ijms25021244,A 25-gene ESR1-related signature predicting prognosis and endocrine therapy response in HNSCC.
almouhanna2022_hnscc,almouhanna2022_hnscc|hnscc|head and neck squamous cell carcinoma| endocrine therapy,SOX30,11063,-0.09565620000000002,weighted_sum|,10.3390/ijms25021244,A 25-gene ESR1-related signature predicting prognosis and endocrine therapy response in HNSCC.
almouhanna2022_hnscc,almouhanna2022_hnscc|hnscc|head and neck squamous cell carcinoma| endocrine therapy,LHX9,56956,-0.029135599999999946,weighted_sum|,10.3390/ijms25021244,A 25-gene ESR1-related signature predicting prognosis and endocrine therapy response in HNSCC.
almouhanna2022_hnscc,almouhanna2022_hnscc|hnscc|head and neck squamous cell carcinoma| endocrine therapy,SLC13A5,284111,-0.0248776,weighted_sum|,10.3390/ijms25021244,A 25-gene ESR1-related signature predicting prognosis and endocrine therapy response in HNSCC.
almouhanna2022_hnscc,almouhanna2022_hnscc|hnscc|head and neck squamous cell carcinoma| endocrine therapy,NOBOX,135935,-0.0224077,weighted_sum|,10.3390/ijms25021244,A 25-gene ESR1-related signature predicting prognosis and endocrine therapy response in HNSCC.
almouhanna2022_hnscc,almouhanna2022_hnscc|hnscc|head and neck squamous cell carcinoma| endocrine therapy,PRAP1,118471,-0.019558100000000005,weighted_sum|,10.3390/ijms25021244,A 25-gene ESR1-related signature predicting prognosis and endocrine therapy response in HNSCC.
almouhanna2022_hnscc,almouhanna2022_hnscc|hnscc|head and neck squamous cell carcinoma| endocrine therapy,CYP1A1,1543,-0.016555300000000314,weighted_sum|,10.3390/ijms25021244,A 25-gene ESR1-related signature predicting prognosis and endocrine therapy response in HNSCC.
almouhanna2022_hnscc,almouhanna2022_hnscc|hnscc|head and neck squamous cell carcinoma| endocrine therapy,ATP13A5,344905,-0.012558,weighted_sum|,10.3390/ijms25021244,A 25-gene ESR1-related signature predicting prognosis and endocrine therapy response in HNSCC.
almouhanna2022_hnscc,almouhanna2022_hnscc|hnscc|head and neck squamous cell carcinoma| endocrine therapy,NEUROD2,4761,-0.0118979,weighted_sum|,10.3390/ijms25021244,A 25-gene ESR1-related signature predicting prognosis and endocrine therapy response in HNSCC.
almouhanna2022_hnscc,almouhanna2022_hnscc|hnscc|head and neck squamous cell carcinoma| endocrine therapy,WDFY4,57705,-0.0061702,weighted_sum|,10.3390/ijms25021244,A 25-gene ESR1-related signature predicting prognosis and endocrine therapy response in HNSCC.
almouhanna2022_hnscc,almouhanna2022_hnscc|hnscc|head and neck squamous cell carcinoma| endocrine therapy,CYP4X1,260293,-0.00601,weighted_sum|,10.3390/ijms25021244,A 25-gene ESR1-related signature predicting prognosis and endocrine therapy response in HNSCC.
almouhanna2022_hnscc,almouhanna2022_hnscc|hnscc|head and neck squamous cell carcinoma| endocrine therapy,FOXH1,8928,-0.0059321999999999995,weighted_sum|,10.3390/ijms25021244,A 25-gene ESR1-related signature predicting prognosis and endocrine therapy response in HNSCC.
almouhanna2022_hnscc,almouhanna2022_hnscc|hnscc|head and neck squamous cell carcinoma| endocrine therapy,SFRP1,6422,-0.0037341,weighted_sum|,10.3390/ijms25021244,A 25-gene ESR1-related signature predicting prognosis and endocrine therapy response in HNSCC.
almouhanna2022_hnscc,almouhanna2022_hnscc|hnscc|head and neck squamous cell carcinoma| endocrine therapy,LIM2,3982,-0.0013229000000000001,weighted_sum|,10.3390/ijms25021244,A 25-gene ESR1-related signature predicting prognosis and endocrine therapy response in HNSCC.
almouhanna2022_hnscc,almouhanna2022_hnscc|hnscc|head and neck squamous cell carcinoma| endocrine therapy,FAM25A,643161,-0.0010163,weighted_sum|,10.3390/ijms25021244,A 25-gene ESR1-related signature predicting prognosis and endocrine therapy response in HNSCC.
almouhanna2022_hnscc,almouhanna2022_hnscc|hnscc|head and neck squamous cell carcinoma| endocrine therapy,CALB1,793,0.0016363899999999997,weighted_sum|,10.3390/ijms25021244,A 25-gene ESR1-related signature predicting prognosis and endocrine therapy response in HNSCC.
almouhanna2022_hnscc,almouhanna2022_hnscc|hnscc|head and neck squamous cell carcinoma| endocrine therapy,CHRDL1,91851,0.00211768,weighted_sum|,10.3390/ijms25021244,A 25-gene ESR1-related signature predicting prognosis and endocrine therapy response in HNSCC.
almouhanna2022_hnscc,almouhanna2022_hnscc|hnscc|head and neck squamous cell carcinoma| endocrine therapy,LGI3,203190,0.00365953,weighted_sum|,10.3390/ijms25021244,A 25-gene ESR1-related signature predicting prognosis and endocrine therapy response in HNSCC.
almouhanna2022_hnscc,almouhanna2022_hnscc|hnscc|head and neck squamous cell carcinoma| endocrine therapy,CCL26,10344,0.00498837,weighted_sum|,10.3390/ijms25021244,A 25-gene ESR1-related signature predicting prognosis and endocrine therapy response in HNSCC.
almouhanna2022_hnscc,almouhanna2022_hnscc|hnscc|head and neck squamous cell carcinoma| endocrine therapy,OLFM4,10562,0.0054605,weighted_sum|,10.3390/ijms25021244,A 25-gene ESR1-related signature predicting prognosis and endocrine therapy response in HNSCC.
almouhanna2022_hnscc,almouhanna2022_hnscc|hnscc|head and neck squamous cell carcinoma| endocrine therapy,GAST,2520,0.00735744,weighted_sum|,10.3390/ijms25021244,A 25-gene ESR1-related signature predicting prognosis and endocrine therapy response in HNSCC.
almouhanna2022_hnscc,almouhanna2022_hnscc|hnscc|head and neck squamous cell carcinoma| endocrine therapy,SMYD1,150572,0.008365359999999999,weighted_sum|,10.3390/ijms25021244,A 25-gene ESR1-related signature predicting prognosis and endocrine therapy response in HNSCC.
almouhanna2022_hnscc,almouhanna2022_hnscc|hnscc|head and neck squamous cell carcinoma| endocrine therapy,HRH2,3274,0.035785889999999994,weighted_sum|,10.3390/ijms25021244,A 25-gene ESR1-related signature predicting prognosis and endocrine therapy response in HNSCC.
almouhanna2022_hnscc,almouhanna2022_hnscc|hnscc|head and neck squamous cell carcinoma| endocrine therapy,HOXB8,3218,0.08355879,weighted_sum|,10.3390/ijms25021244,A 25-gene ESR1-related signature predicting prognosis and endocrine therapy response in HNSCC.
zou2022_hnscc,zou2022_hnscc|hnscc|head and neck squamous cell carcinoma|metalloproteinase,MMP3,4314,0.9595,weighted_sum|,10.1080/0284186X.2021.2009564,A five-gene matrix metalloproteinase (MMP) and tissue inhibitor of metalloproteinase (TIMP) signature independently predicting prognosis in HNSCC.
zou2022_hnscc,zou2022_hnscc|hnscc|head and neck squamous cell carcinoma|metalloproteinase,MMP17,4326,-0.9642999999999995,weighted_sum|,10.1080/0284186X.2021.2009564,A five-gene matrix metalloproteinase (MMP) and tissue inhibitor of metalloproteinase (TIMP) signature independently predicting prognosis in HNSCC.
zou2022_hnscc,zou2022_hnscc|hnscc|head and neck squamous cell carcinoma|metalloproteinase,MMP19,4327,-21.628,weighted_sum|,10.1080/0284186X.2021.2009564,A five-gene matrix metalloproteinase (MMP) and tissue inhibitor of metalloproteinase (TIMP) signature independently predicting prognosis in HNSCC.
zou2022_hnscc,zou2022_hnscc|hnscc|head and neck squamous cell carcinoma|metalloproteinase,MMP24,10893,-0.831600000000006,weighted_sum|,10.1080/0284186X.2021.2009564,A five-gene matrix metalloproteinase (MMP) and tissue inhibitor of metalloproteinase (TIMP) signature independently predicting prognosis in HNSCC.
zou2022_hnscc,zou2022_hnscc|hnscc|head and neck squamous cell carcinoma|metalloproteinase,TIMP1,7076,60.06200000000001,weighted_sum|,10.1080/0284186X.2021.2009564,A five-gene matrix metalloproteinase (MMP) and tissue inhibitor of metalloproteinase (TIMP) signature independently predicting prognosis in HNSCC.
chen2022_hnscc,chen2022_hnscc|hnscc|head and neck squamous cell carcinoma|immune microenvironment,AREG,374,0.036899999999999995,weighted_sum|,10.3389/fcell.2021.801715,A six-gene fibrosis-hypoxia-glycolysis signature predicts prognosis and immune infiltration in HNSCC.
chen2022_hnscc,chen2022_hnscc|hnscc|head and neck squamous cell carcinoma|immune microenvironment,THBS1,7057,0.03432,weighted_sum|,10.3389/fcell.2021.801715,A six-gene fibrosis-hypoxia-glycolysis signature predicts prognosis and immune infiltration in HNSCC.
chen2022_hnscc,chen2022_hnscc|hnscc|head and neck squamous cell carcinoma|immune microenvironment,SEMA3C,10512,0.02182,weighted_sum|,10.3389/fcell.2021.801715,A six-gene fibrosis-hypoxia-glycolysis signature predicts prognosis and immune infiltration in HNSCC.
chen2022_hnscc,chen2022_hnscc|hnscc|head and neck squamous cell carcinoma|immune microenvironment,ANO1,55107,0.07125000000000002,weighted_sum|,10.3389/fcell.2021.801715,A six-gene fibrosis-hypoxia-glycolysis signature predicts prognosis and immune infiltration in HNSCC.
chen2022_hnscc,chen2022_hnscc|hnscc|head and neck squamous cell carcinoma|immune microenvironment,IGHG2,3501,-0.07718000000000012,weighted_sum|,10.3389/fcell.2021.801715,A six-gene fibrosis-hypoxia-glycolysis signature predicts prognosis and immune infiltration in HNSCC.
chen2022_hnscc,chen2022_hnscc|hnscc|head and neck squamous cell carcinoma|immune microenvironment,EPHX3,79852,-0.09177,weighted_sum|,10.3389/fcell.2021.801715,A six-gene fibrosis-hypoxia-glycolysis signature predicts prognosis and immune infiltration in HNSCC.
zhang2019_hnscc,zhang2019_hnscc|hnscc|head and neck squamous cell carcinoma|transcription factors,HOXA1,3198,0.18495,weighted_sum|,10.1186/s12935-019-1024-6,A six-transcription factor (TF) signature enables robust risk stratification and overall survival prediction in HNSCC.
zhang2019_hnscc,zhang2019_hnscc|hnscc|head and neck squamous cell carcinoma|transcription factors,ZNF662,389114,-0.30561,weighted_sum|,10.1186/s12935-019-1024-6,A six-transcription factor (TF) signature enables robust risk stratification and overall survival prediction in HNSCC.
zhang2019_hnscc,zhang2019_hnscc|hnscc|head and neck squamous cell carcinoma|transcription factors,LHX1,3975,0.16043000000000004,weighted_sum|,10.1186/s12935-019-1024-6,A six-transcription factor (TF) signature enables robust risk stratification and overall survival prediction in HNSCC.
zhang2019_hnscc,zhang2019_hnscc|hnscc|head and neck squamous cell carcinoma|transcription factors,ZBTB32,27033,-0.26993,weighted_sum|,10.1186/s12935-019-1024-6,A six-transcription factor (TF) signature enables robust risk stratification and overall survival prediction in HNSCC.
zhang2019_hnscc,zhang2019_hnscc|hnscc|head and neck squamous cell carcinoma|transcription factors,MEIS1,4211,-0.25013,weighted_sum|,10.1186/s12935-019-1024-6,A six-transcription factor (TF) signature enables robust risk stratification and overall survival prediction in HNSCC.
zhang2019_hnscc,zhang2019_hnscc|hnscc|head and neck squamous cell carcinoma|transcription factors,HOXB8,3218,0.3754,weighted_sum|,10.1186/s12935-019-1024-6,A six-transcription factor (TF) signature enables robust risk stratification and overall survival prediction in HNSCC.
li2021_hnscc,li2021_hnscc|hnscc|head and neck squamous cell carcinoma|nerve,NTRK1,4914,-0.011699999999999999,weighted_sum|,10.3389/fonc.2021.788671,A seven-gene cancer-nerve cross-talk signature predicts prognosis and immune interactions in HNSCC.
li2021_hnscc,li2021_hnscc|hnscc|head and neck squamous cell carcinoma|nerve,L1CAM,3897,0.057,weighted_sum|,10.3389/fonc.2021.788671,A seven-gene cancer-nerve cross-talk signature predicts prognosis and immune interactions in HNSCC.
li2021_hnscc,li2021_hnscc|hnscc|head and neck squamous cell carcinoma|nerve,GRIN3A,116443,-0.5121,weighted_sum|,10.3389/fonc.2021.788671,A seven-gene cancer-nerve cross-talk signature predicts prognosis and immune interactions in HNSC.
li2021_hnscc,li2021_hnscc|hnscc|head and neck squamous cell carcinoma|nerve,CHRNA5,1138,0.15410000000000001,weighted_sum|,10.3389/fonc.2021.788671,A seven-gene cancer-nerve cross-talk signature predicts prognosis and immune interactions in HNSCC.
li2021_hnscc,li2021_hnscc|hnscc|head and neck squamous cell carcinoma|nerve,CHRNA6,8973,-0.0146,weighted_sum|,10.3389/fonc.2021.788671,A seven-gene cancer-nerve cross-talk signature predicts prognosis and immune interactions in HNSC.
li2021_hnscc,li2021_hnscc|hnscc|head and neck squamous cell carcinoma|nerve,CHRNB4,1143,0.0795,weighted_sum|,10.3389/fonc.2021.788671,A seven-gene cancer-nerve cross-talk signature predicts prognosis and immune interactions in HNSCC.
li2021_hnscc,li2021_hnscc|hnscc|head and neck squamous cell carcinoma|nerve,CHRND,1144,0.0564,weighted_sum|,10.3389/fonc.2021.788671,A seven-gene cancer-nerve cross-talk signature predicts prognosis and immune interactions in HNSCC.
duan2022_hnscc,duan2022_hnscc|hnscc|head and neck squamous cell carcinoma|RNA binding proteins,DNMT1,1786,-0.2147500000000004,weighted_sum|,10.1007/s00405-021-06929-9,A fifteen-RNA binding protein (RBP) signature predicts prognosis and informs clinical decision-making in HNSCC.
duan2022_hnscc,duan2022_hnscc|hnscc|head and neck squamous cell carcinoma|RNA binding proteins,MRPL33,9553,0.17705800000000024,weighted_sum|,10.1007/s00405-021-06929-9,A fifteen-RNA binding protein (RBP) signature predicts prognosis and informs clinical decision-making in HNSCC.
duan2022_hnscc,duan2022_hnscc|hnscc|head and neck squamous cell carcinoma|RNA binding proteins,EZH2,2146,-0.12256000000000022,weighted_sum|,10.1007/s00405-021-06929-9,A fifteen-RNA binding protein (RBP) signature predicts prognosis and informs clinical decision-making in HNSCC.
duan2022_hnscc,duan2022_hnscc|hnscc|head and neck squamous cell carcinoma|RNA binding proteins,PCF11,51585,-0.23465,weighted_sum|,10.1007/s00405-021-06929-9,A fifteen-RNA binding protein (RBP) signature predicts prognosis and informs clinical decision-making in HNSCC.
duan2022_hnscc,duan2022_hnscc|hnscc|head and neck squamous cell carcinoma|RNA binding proteins,RBM24,221662,0.08662000000000022,weighted_sum|,10.1007/s00405-021-06929-9,A fifteen-RNA binding protein (RBP) signature predicts prognosis and informs clinical decision-making in HNSCC.
duan2022_hnscc,duan2022_hnscc|hnscc|head and neck squamous cell carcinoma|RNA binding proteins,TRMT112,51504,0.091039,weighted_sum|,10.1007/s00405-021-06929-9,A fifteen-RNA binding protein (RBP) signature predicts prognosis and informs clinical decision-making in HNSCC.
duan2022_hnscc,duan2022_hnscc|hnscc|head and neck squamous cell carcinoma|RNA binding proteins,DZIP1,22873,0.025207,weighted_sum|,10.1007/s00405-021-06929-9,A fifteen-RNA binding protein (RBP) signature predicts prognosis and informs clinical decision-making in HNSCC.
duan2022_hnscc,duan2022_hnscc|hnscc|head and neck squamous cell carcinoma|RNA binding proteins,EIF5A2,56648,0.147603,weighted_sum|,10.1007/s00405-021-06929-9,A fifteen-RNA binding protein (RBP) signature predicts prognosis and informs clinical decision-making in HNSCC.
duan2022_hnscc,duan2022_hnscc|hnscc|head and neck squamous cell carcinoma|RNA binding proteins,MKRN3,7681,0.495024,weighted_sum|,10.1007/s00405-021-06929-9,A fifteen-RNA binding protein (RBP) signature predicts prognosis and informs clinical decision-making in HNSCC.
duan2022_hnscc,duan2022_hnscc|hnscc|head and neck squamous cell carcinoma|RNA binding proteins,DARS2,55157,0.259781,weighted_sum|,10.1007/s00405-021-06929-9,A fifteen-RNA binding protein (RBP) signature predicts prognosis and informs clinical decision-making in HNSCC.
duan2022_hnscc,duan2022_hnscc|hnscc|head and neck squamous cell carcinoma|RNA binding proteins,PSMA6,5687,0.16143500000000024,weighted_sum|,10.1007/s00405-021-06929-9,A fifteen-RNA binding protein (RBP) signature predicts prognosis and informs clinical decision-making in HNSCC.
duan2022_hnscc,duan2022_hnscc|hnscc|head and neck squamous cell carcinoma|RNA binding proteins,AZGP1,563,-0.05180000000000001,weighted_sum|,10.1007/s00405-021-06929-9,A fifteen-RNA binding protein (RBP) signature predicts prognosis and informs clinical decision-making in HNSCC.
duan2022_hnscc,duan2022_hnscc|hnscc|head and neck squamous cell carcinoma|RNA binding proteins,LENG9,94059,-0.14885,weighted_sum|,10.1007/s00405-021-06929-9,A fifteen-RNA binding protein (RBP) signature predicts prognosis and informs clinical decision-making in HNSCC.
duan2022_hnscc,duan2022_hnscc|hnscc|head and neck squamous cell carcinoma|RNA binding proteins,IGF2BP2,10644,-0.027825,weighted_sum|,10.1007/s00405-021-06929-9,A fifteen-RNA binding protein (RBP) signature predicts prognosis and informs clinical decision-making in HNSCC.
duan2022_hnscc,duan2022_hnscc|hnscc|head and neck squamous cell carcinoma|RNA binding proteins,CIRBP,1153,0.00951,weighted_sum|,10.1007/s00405-021-06929-9,A fifteen-RNA binding protein (RBP) signature predicts prognosis and informs clinical decision-making in HNSCC.
shen2021_hnscc,shen2021_hnscc|hnscc|head and neck squamous cell carcinoma|pyroptosis,GSDME,1687,9.950000000000002e-4,weighted_sum|,10.1016/j.tranon.2021.101233,A six-gene pyroptosis-related signature predicts prognosis and immune activity in HNSCC.
shen2021_hnscc,shen2021_hnscc|hnscc|head and neck squamous cell carcinoma|pyroptosis,IL6,3569,2.96e-5,weighted_sum|,10.1016/j.tranon.2021.101233,A six-gene pyroptosis-related signature predicts prognosis and immune activity in HNSCC.
shen2021_hnscc,shen2021_hnscc|hnscc|head and neck squamous cell carcinoma|pyroptosis,NLRP1,22861,-2.6700000000000002e-5,weighted_sum|,10.1016/j.tranon.2021.101233,A six-gene pyroptosis-related signature predicts prognosis and immune activity in HNSCC.
shen2021_hnscc,shen2021_hnscc|hnscc|head and neck squamous cell carcinoma|pyroptosis,CASP8,841,2.6500000000000004e-4,weighted_sum|,10.1016/j.tranon.2021.101233,A six-gene pyroptosis-related signature predicts prognosis and immune activity in HNSCC.
shen2021_hnscc,shen2021_hnscc|hnscc|head and neck squamous cell carcinoma|pyroptosis,NLRP6,171389,-0.11,weighted_sum|,10.1016/j.tranon.2021.101233,A six-gene pyroptosis-related signature predicts prognosis and immune activity in HNSCC.
shen2021_hnscc,shen2021_hnscc|hnscc|head and neck squamous cell carcinoma|pyroptosis,CASP6,839,0.002750000000000001,weighted_sum|,10.1016/j.tranon.2021.101233,A six-gene pyroptosis-related signature predicts prognosis and immune activity in HNSCC.
dai2021_hnscc,dai2021_hnscc|hnscc|head and neck squamous cell carcinoma|radiosensitivity|PD-L1,HLF,3131,-0.089302286,weighted_sum|,10.3389/fmolb.2021.775562,A five-gene radiosensitivity-PD-L1 signature predicts prognosis and immune landscape in locally advanced HNSCC.
dai2021_hnscc,dai2021_hnscc|hnscc|head and neck squamous cell carcinoma|radiosensitivity|PD-L1,POU4F1,5457,-0.052389286,weighted_sum|,10.3389/fmolb.2021.775562,A five-gene radiosensitivity-PD-L1 signature predicts prognosis and immune landscape in locally advanced HNSCC.
dai2021_hnscc,dai2021_hnscc|hnscc|head and neck squamous cell carcinoma|radiosensitivity|PD-L1,IL34,146433,-0.12078957000000012,weighted_sum|,10.3389/fmolb.2021.775562,A five-gene radiosensitivity-PD-L1 signature predicts prognosis and immune landscape in locally advanced HNSCC.
dai2021_hnscc,dai2021_hnscc|hnscc|head and neck squamous cell carcinoma|radiosensitivity|PD-L1,CBS,875,-0.02165748200000005,weighted_sum|,10.3389/fmolb.2021.775562,A five-gene radiosensitivity-PD-L1 signature predicts prognosis and immune landscape in locally advanced HNSCC.
dai2021_hnscc,dai2021_hnscc|hnscc|head and neck squamous cell carcinoma|radiosensitivity|PD-L1,RNF165,494470,-0.024440774000000005,weighted_sum|,10.3389/fmolb.2021.775562,A five-gene radiosensitivity-PD-L1 signature predicts prognosis and immune landscape in locally advanced HNSCC.
zhu2021_oscc,zhu2021_oscc|oscc|oral squamous cell carcinoma|N6-methyladenosine|m6A,HNRNPA2B1,3181,0.1378,weighted_sum|,10.3389/fonc.2021.716921,HNRNPA2B1-driven m6A modification promotes OSCC progression via EMT activation
zhu2021_oscc,zhu2021_oscc|oscc|oral squamous cell carcinoma|N6-methyladenosine|m6A,METTL3,56339,0.0036,weighted_sum|,10.3389/fonc.2021.716921,HNRNPA2B1-driven m6A modification promotes OSCC progression via EMT activation
zhu2021_oscc,zhu2021_oscc|oscc|oral squamous cell carcinoma|N6-methyladenosine|m6A,YTHDF3,253943,0.0021,weighted_sum|,10.3389/fonc.2021.716921,HNRNPA2B1-driven m6A modification promotes OSCC progression via EMT activation
zhu2021_oscc,zhu2021_oscc|oscc|oral squamous cell carcinoma|N6-methyladenosine|m6A,HNRNPC,3183,0.0095,weighted_sum|,10.3389/fonc.2021.716921,HNRNPA2B1-driven m6A modification promotes OSCC progression via EMT activation
liu2021_oc,liu2021_oc|oc|oral cancer|data miming,STC2,8614,0.2150000000000004,weighted_sum|,10.1155/2021/4907687,Big data-driven targeted gene therapy optimizes oral cancer treatment and prognosis.
liu2021_oc,liu2021_oc|oc|oral cancer|data miming,CLEC3B,7123,-0.21600000000000041,weighted_sum|,10.1155/2021/4907687,Big data-driven targeted gene therapy optimizes oral cancer treatment and prognosis.
liu2021_oc,liu2021_oc|oc|oral cancer|data miming,COL7A1,1294,-0.192,weighted_sum|,10.1155/2021/4907687,Big data-driven targeted gene therapy optimizes oral cancer treatment and prognosis.
liu2021_oc,liu2021_oc|oc|oral cancer|data miming,CGNL1,84952,-0.116,weighted_sum|,10.1155/2021/4907687,Big data-driven targeted gene therapy optimizes oral cancer treatment and prognosis.
liu2021_oc,liu2021_oc|oc|oral cancer|data miming,HAPLN1,1404,-0.12300000000000012,weighted_sum|,10.1155/2021/4907687,Big data-driven targeted gene therapy optimizes oral cancer treatment and prognosis.
liu2021_oc,liu2021_oc|oc|oral cancer|data miming,TPBG,7162,0.276,weighted_sum|,10.1155/2021/4907687,Big data-driven targeted gene therapy optimizes oral cancer treatment and prognosis.
liu2021_oc,liu2021_oc|oc|oral cancer|data miming,RORC,6097,-0.10300000000000002,weighted_sum|,10.1155/2021/4907687,Big data-driven targeted gene therapy optimizes oral cancer treatment and prognosis.
liu2021_oc,liu2021_oc|oc|oral cancer|data miming,HMGA2,8091,0.10500000000000002,weighted_sum|,10.1155/2021/4907687,Big data-driven targeted gene therapy optimizes oral cancer treatment and prognosis.
liu2021_oc,liu2021_oc|oc|oral cancer|data miming,SELENBP1,8991,-0.134,weighted_sum|,10.1155/2021/4907687,Big data-driven targeted gene therapy optimizes oral cancer treatment and prognosis.
liu2021_oc,liu2021_oc|oc|oral cancer|data miming,CENPI,2491,0.24200000000000021,weighted_sum|,10.1155/2021/4907687,Big data-driven targeted gene therapy optimizes oral cancer treatment and prognosis.
li2021_hnscc_metabolism,li2021_hnscc_metabolism|hnscc|head and neck squamous cell carcinoma|metabolism,ADA,100,0.013053726,weighted_sum|,10.3389/fonc.2021.685026,A ten-gene metabolism-related signature predicts prognosis and therapeutic response in HNSCC.
li2021_hnscc_metabolism,li2021_hnscc_metabolism|hnscc|head and neck squamous cell carcinoma|metabolism,ALG3,10195,0.004785301000000001,weighted_sum|,10.3389/fonc.2021.685026,A ten-gene metabolism-related signature predicts prognosis and therapeutic response in HNSCC.
li2021_hnscc_metabolism,li2021_hnscc_metabolism|hnscc|head and neck squamous cell carcinoma|metabolism,CHPF2,54480,0.005102212,weighted_sum|,10.3389/fonc.2021.685026,A ten-gene metabolism-related signature predicts prognosis and therapeutic response in HNSCC.
li2021_hnscc_metabolism,li2021_hnscc_metabolism|hnscc|head and neck squamous cell carcinoma|metabolism,CYP4X1,260293,-0.009745386999999998,weighted_sum|,10.3389/fonc.2021.685026,A ten-gene metabolism-related signature predicts prognosis and therapeutic response in HNSCC.
li2021_hnscc_metabolism,li2021_hnscc_metabolism|hnscc|head and neck squamous cell carcinoma|metabolism,GATM,2628,-0.011462084999999915,weighted_sum|,10.3389/fonc.2021.685026,A ten-gene metabolism-related signature predicts prognosis and therapeutic response in HNSCC.
li2021_hnscc_metabolism,li2021_hnscc_metabolism|hnscc|head and neck squamous cell carcinoma|metabolism,GPT,2875,-0.004815018,weighted_sum|,10.3389/fonc.2021.685026,A ten-gene metabolism-related signature predicts prognosis and therapeutic response in HNSCC.
li2021_hnscc_metabolism,li2021_hnscc_metabolism|hnscc|head and neck squamous cell carcinoma|metabolism,HPRT1,3251,0.012284735000000034,weighted_sum|,10.3389/fonc.2021.685026,A ten-gene metabolism-related signature predicts prognosis and therapeutic response in HNSCC.
li2021_hnscc_metabolism,li2021_hnscc_metabolism|hnscc|head and neck squamous cell carcinoma|metabolism,HS3ST1,9957,0.054555857000000575,weighted_sum|,10.3389/fonc.2021.685026,A ten-gene metabolism-related signature predicts prognosis and therapeutic response in HNSCC.
li2021_hnscc_metabolism,li2021_hnscc_metabolism|hnscc|head and neck squamous cell carcinoma|metabolism,HSD17B6,8630,-0.003982598,weighted_sum|,10.3389/fonc.2021.685026,A ten-gene metabolism-related signature predicts prognosis and therapeutic response in HNSCC.
li2021_hnscc_metabolism,li2021_hnscc_metabolism|hnscc|head and neck squamous cell carcinoma|metabolism,LIPE,3991,-0.07073992200000002,weighted_sum|,10.3389/fonc.2021.685026,A ten-gene metabolism-related signature predicts prognosis and therapeutic response in HNSCC.
yang2019_hnscc,yang2019_hnscc|hnscc|head and neck squamous cell carcinoma,ADAM12,8038,3.278,weighted_sum|,10.1177/1724600819865745,A seven-gene expression signature predicts overall survival in non-metastatic HNSCC.
yang2019_hnscc,yang2019_hnscc|hnscc|head and neck squamous cell carcinoma,C1QL1,10882,-3.4179999999999997,weighted_sum|,10.1177/1724600819865745,A seven-gene expression signature predicts overall survival in non-metastatic HNSCC.
yang2019_hnscc,yang2019_hnscc|hnscc|head and neck squamous cell carcinoma,CYP4F12,66002,-0.8200770000000006,weighted_sum|,10.1177/1724600819865745,A seven-gene expression signature predicts overall survival in non-metastatic HNSCC.
yang2019_hnscc,yang2019_hnscc|hnscc|head and neck squamous cell carcinoma,FOXI3,344167,572.035,weighted_sum|,10.1177/1724600819865745,A seven-gene expression signature predicts overall survival in non-metastatic HNSCC.
yang2019_hnscc,yang2019_hnscc|hnscc|head and neck squamous cell carcinoma,HBD,3045,3.8529999999999927,weighted_sum|,10.1177/1724600819865745,A seven-gene expression signature predicts overall survival in non-metastatic HNSCC.
yang2019_hnscc,yang2019_hnscc|hnscc|head and neck squamous cell carcinoma,SPDYC,387778,-3.4539999999999997,weighted_sum|,10.1177/1724600819865745,A seven-gene expression signature predicts overall survival in non-metastatic HNSCC.
yang2019_hnscc,yang2019_hnscc|hnscc|head and neck squamous cell carcinoma,SRD5A2,6716,-3.549,weighted_sum|,10.1177/1724600819865745,A seven-gene expression signature predicts overall survival in non-metastatic HNSCC.
feng2021_oscc,feng2021_oscc|oscc|oral squamous cell carcinoma|cancer stem cell,H2AZ1,3015,0.015058402999999998,weighted_sum|,10.1155/2021/1571421,An 11-gene stemness-related signature predicts prognosis and stratifies risk in OSCC.
feng2021_oscc,feng2021_oscc|oscc|oral squamous cell carcinoma|cancer stem cell,KPNA2,3838,0.17114414400000041,weighted_sum|,10.1155/2021/1571421,An 11-gene stemness-related signature predicts prognosis and stratifies risk in OSCC.
feng2021_oscc,feng2021_oscc|oscc|oral squamous cell carcinoma|cancer stem cell,CCDC92,80212,-0.083779885,weighted_sum|,10.1155/2021/1571421,An 11-gene stemness-related signature predicts prognosis and stratifies risk in OSCC.
feng2021_oscc,feng2021_oscc|oscc|oral squamous cell carcinoma|cancer stem cell,GAS1,2619,-0.024718288999999942,weighted_sum|,10.1155/2021/1571421,An 11-gene stemness-related signature predicts prognosis and stratifies risk in OSCC.
feng2021_oscc,feng2021_oscc|oscc|oral squamous cell carcinoma|cancer stem cell,NPM3,10360,0.05191254600000001,weighted_sum|,10.1155/2021/1571421,An 11-gene stemness-related signature predicts prognosis and stratifies risk in OSCC.
feng2021_oscc,feng2021_oscc|oscc|oral squamous cell carcinoma|cancer stem cell,CCL22,6367,-0.058144773,weighted_sum|,10.1155/2021/1571421,An 11-gene stemness-related signature predicts prognosis and stratifies risk in OSCC.
feng2021_oscc,feng2021_oscc|oscc|oral squamous cell carcinoma|cancer stem cell,TSPAN11,441631,-0.061626947,weighted_sum|,10.1155/2021/1571421,An 11-gene stemness-related signature predicts prognosis and stratifies risk in OSCC.
feng2021_oscc,feng2021_oscc|oscc|oral squamous cell carcinoma|cancer stem cell,CLEC3B,7123,-0.033743442,weighted_sum|,10.1155/2021/1571421,An 11-gene stemness-related signature predicts prognosis and stratifies risk in OSCC.
feng2021_oscc,feng2021_oscc|oscc|oral squamous cell carcinoma|cancer stem cell,TWIST2,117581,-0.127555712,weighted_sum|,10.1155/2021/1571421,An 11-gene stemness-related signature predicts prognosis and stratifies risk in OSCC.
feng2021_oscc,feng2021_oscc|oscc|oral squamous cell carcinoma|cancer stem cell,TPSAB1,7177,-0.03459539800000001,weighted_sum|,10.1155/2021/1571421,An 11-gene stemness-related signature predicts prognosis and stratifies risk in OSCC.
feng2021_oscc,feng2021_oscc|oscc|oral squamous cell carcinoma|cancer stem cell,IGLV2 - 14,28815,-0.020852785999999946,weighted_sum|,10.1155/2021/1571421,An 11-gene stemness-related signature predicts prognosis and stratifies risk in OSCC.
wang2020_hnscc_immune,wang2020_hnscc_immune|hnscc|head and neck squamous cell carcinoma|tumor immune microenvironment,CCR7,1236,-0.0629,weighted_sum|,10.1002/hed.26474,An immune-related gene signature predicts prognosis and characterizes the tumor microenvironment in HNSCC.
wang2020_hnscc_immune,wang2020_hnscc_immune|hnscc|head and neck squamous cell carcinoma|tumor immune microenvironment,EVPLL,645027,-0.0615,weighted_sum|,10.1002/hed.26474,An immune-related gene signature predicts prognosis and characterizes the tumor microenvironment in HNSCC.
wang2020_hnscc_immune,wang2020_hnscc_immune|hnscc|head and neck squamous cell carcinoma|tumor immune microenvironment,ZAP70,7535,-0.01800000000000005,weighted_sum|,10.1002/hed.26474,An immune-related gene signature predicts prognosis and characterizes the tumor microenvironment in HNSCC.
wang2020_hnscc_immune,wang2020_hnscc_immune|hnscc|head and neck squamous cell carcinoma|tumor immune microenvironment,INPP5D,3635,-0.0166,weighted_sum|,10.1002/hed.26474,An immune-related gene signature predicts prognosis and characterizes the tumor microenvironment in HNSCC.
wang2020_hnscc_immune,wang2020_hnscc_immune|hnscc|head and neck squamous cell carcinoma|tumor immune microenvironment,MS4A2,2206,-0.0116,weighted_sum|,10.1002/hed.26474,An immune-related gene signature predicts prognosis and characterizes the tumor microenvironment in HNSCC.
wang2020_hnscc_immune,wang2020_hnscc_immune|hnscc|head and neck squamous cell carcinoma|tumor immune microenvironment,MYL2,4633,0.0108,weighted_sum|,10.1002/hed.26474,An immune-related gene signature predicts prognosis and characterizes the tumor microenvironment in HNSCC.
wang2020_hnscc_immune,wang2020_hnscc_immune|hnscc|head and neck squamous cell carcinoma|tumor immune microenvironment,MS4A1,931,-0.0067,weighted_sum|,10.1002/hed.26474,An immune-related gene signature predicts prognosis and characterizes the tumor microenvironment in HNSCC.
wang2020_hnscc_immune,wang2020_hnscc_immune|hnscc|head and neck squamous cell carcinoma|tumor immune microenvironment,RSPO1,284654,-0.0064,weighted_sum|,10.1002/hed.26474,An immune-related gene signature predicts prognosis and characterizes the tumor microenvironment in HNSCC.
wang2020_hnscc_immune,wang2020_hnscc_immune|hnscc|head and neck squamous cell carcinoma|tumor immune microenvironment,TTBK1,84630,-0.0011,weighted_sum|,10.1002/hed.26474,An immune-related gene signature predicts prognosis and characterizes the tumor microenvironment in HNSCC.
zheng2021_hnscc,zheng2021_hnscc|hnscc|head and neck squamous cell carcinoma,SLURP1,57152,-0.001730000000000004,weighted_sum|,10.3389/fsurg.2021.717084,A prognostic gene signature predicts survival and characterizes the immune microenvironment in HNSCC.
zheng2021_hnscc,zheng2021_hnscc|hnscc|head and neck squamous cell carcinoma,SCARA5,286133,-0.21582,weighted_sum|,10.3389/fsurg.2021.717084,A prognostic gene signature predicts survival and characterizes the immune microenvironment in HNSCC.
zheng2021_hnscc,zheng2021_hnscc|hnscc|head and neck squamous cell carcinoma,CLDN10,9071,-0.0458,weighted_sum|,10.3389/fsurg.2021.717084,A prognostic gene signature predicts survival and characterizes the immune microenvironment in HNSCC.
zheng2021_hnscc,zheng2021_hnscc|hnscc|head and neck squamous cell carcinoma,MYH11,4629,0.030114,weighted_sum|,10.3389/fsurg.2021.717084,A prognostic gene signature predicts survival and characterizes the immune microenvironment in HNSCC.
zheng2021_hnscc,zheng2021_hnscc|hnscc|head and neck squamous cell carcinoma,CXCL13,10563,-0.0072499999999999995,weighted_sum|,10.3389/fsurg.2021.717084,A prognostic gene signature predicts survival and characterizes the immune microenvironment in HNSCC.
zheng2021_hnscc,zheng2021_hnscc|hnscc|head and neck squamous cell carcinoma,HLF,3131,-0.0839,weighted_sum|,10.3389/fsurg.2021.717084,A prognostic gene signature predicts survival and characterizes the immune microenvironment in HNSCC.
zheng2021_hnscc,zheng2021_hnscc|hnscc|head and neck squamous cell carcinoma,ITGA3,3675,0.005721,weighted_sum|,10.3389/fsurg.2021.717084,A prognostic gene signature predicts survival and characterizes the immune microenvironment in HNSCC.
chen2022_hnscc_immune,chen2022_hnscc_immune|hnscc|head and neck squamous cell carcinoma|N6-methyladenosine|m6A|immune,DAD1,1603,2.3159999999999967,weighted_sum|,10.3389/fimmu.2022.809872,A prognostic model based on m6A regulator-related genes predicts survival and immunotherapy response in HNSCC.
chen2022_hnscc_immune,chen2022_hnscc_immune|hnscc|head and neck squamous cell carcinoma|N6-methyladenosine|m6A|immune,CYCS,54205,1.426,weighted_sum|,10.3389/fimmu.2022.809872,A prognostic model based on m6A regulator-related genes predicts survival and immunotherapy response in HNSCC.
chen2022_hnscc_immune,chen2022_hnscc_immune|hnscc|head and neck squamous cell carcinoma|N6-methyladenosine|m6A|immune,CSNK2A2,1459,1.576,weighted_sum|,10.3389/fimmu.2022.809872,A prognostic model based on m6A regulator-related genes predicts survival and immunotherapy response in HNSCC.
chen2022_hnscc_immune,chen2022_hnscc_immune|hnscc|head and neck squamous cell carcinoma|N6-methyladenosine|m6A|immune,VPS25,84313,0.728,weighted_sum|,10.3389/fimmu.2022.809872,A prognostic model based on m6A regulator-related genes predicts survival and immunotherapy response in HNSCC.
chen2022_hnscc_immune,chen2022_hnscc_immune|hnscc|head and neck squamous cell carcinoma|N6-methyladenosine|m6A|immune,VDAC1,7416,0.976,weighted_sum|,10.3389/fimmu.2022.809872,A prognostic model based on m6A regulator-related genes predicts survival and immunotherapy response in HNSCC.
chen2022_hnscc_immune,chen2022_hnscc_immune|hnscc|head and neck squamous cell carcinoma|N6-methyladenosine|m6A|immune,TMLHE,55217,0.381,weighted_sum|,10.3389/fimmu.2022.809872,A prognostic model based on m6A regulator-related genes predicts survival and immunotherapy response in HNSCC.
chen2022_hnscc_immune,chen2022_hnscc_immune|hnscc|head and neck squamous cell carcinoma|N6-methyladenosine|m6A|immune,CYTH3,9265,0.024,weighted_sum|,10.3389/fimmu.2022.809872,A prognostic model based on m6A regulator-related genes predicts survival and immunotherapy response in HNSCC.
chen2022_hnscc_immune,chen2022_hnscc_immune|hnscc|head and neck squamous cell carcinoma|N6-methyladenosine|m6A|immune,PRKCA,5578,0.26,weighted_sum|,10.3389/fimmu.2022.809872,A prognostic model based on m6A regulator-related genes predicts survival and immunotherapy response in HNSCC.
chen2022_hnscc_immune,chen2022_hnscc_immune|hnscc|head and neck squamous cell carcinoma|N6-methyladenosine|m6A|immune,TP73,7161,-0.5670000000000006,weighted_sum|,10.3389/fimmu.2022.809872,A prognostic model based on m6A regulator-related genes predicts survival and immunotherapy response in HNSCC.
chen2022_hnscc_immune,chen2022_hnscc_immune|hnscc|head and neck squamous cell carcinoma|N6-methyladenosine|m6A|immune,FZD6,8323,0.047,weighted_sum|,10.3389/fimmu.2022.809872,A prognostic model based on m6A regulator-related genes predicts survival and immunotherapy response in HNSCC.
chen2022_hnscc_immune,chen2022_hnscc_immune|hnscc|head and neck squamous cell carcinoma|N6-methyladenosine|m6A|immune,SQSTM1,8878,0.094,weighted_sum|,10.3389/fimmu.2022.809872,A prognostic model based on m6A regulator-related genes predicts survival and immunotherapy response in HNSCC.
chen2022_hnscc_immune,chen2022_hnscc_immune|hnscc|head and neck squamous cell carcinoma|N6-methyladenosine|m6A|immune,MAP2K7,5609,-3.07,weighted_sum|,10.3389/fimmu.2022.809872,A prognostic model based on m6A regulator-related genes predicts survival and immunotherapy response in HNSCC.
yang2020_hnscc_immune,yang2020_hnscc_immune|hnscc|head and neck squamous cell carcinoma|immune-related genes,LCN15,389812,0.17400000000000004,weighted_sum|,10.1016/j.lfs.2020.117906,A six-gene immune signature predicting hnscc prognosis.
yang2020_hnscc_immune,yang2020_hnscc_immune|hnscc|head and neck squamous cell carcinoma|immune-related genes,NOX5,79400,0.0487,weighted_sum|,10.1016/j.lfs.2020.117906,A six-gene immune signature predicting hnscc prognosis.
yang2020_hnscc_immune,yang2020_hnscc_immune|hnscc|head and neck squamous cell carcinoma|immune-related genes,PDGFA,5154,0.1457000000000004,weighted_sum|,10.1016/j.lfs.2020.117906,A six-gene immune signature predicting hnscc prognosis.
yang2020_hnscc_immune,yang2020_hnscc_immune|hnscc|head and neck squamous cell carcinoma|immune-related genes,PSMD6,9861,0.2764000000000003,weighted_sum|,10.1016/j.lfs.2020.117906,A six-gene immune signature predicting hnscc prognosis.
yang2020_hnscc_immune,yang2020_hnscc_immune|hnscc|head and neck squamous cell carcinoma|immune-related genes,PTX3,5806,0.0926,weighted_sum|,10.1016/j.lfs.2020.117906,A six-gene immune signature predicting hnscc prognosis.
yang2020_hnscc_immune,yang2020_hnscc_immune|hnscc|head and neck squamous cell carcinoma|immune-related genes,TMSB4Y,9087,-0.0992,weighted_sum|,10.1016/j.lfs.2020.117906,A six-gene immune signature predicting hnscc prognosis.
shen2017_hnscc,shen2017_hnscc|hnscc|head and neck squamous cell carcinoma|prognostic signature,AATF,26574,0.198,weighted_sum|,10.3892/or.2017.6057,A seven-gene prognostic signature for rapid determination of hnscc.
shen2017_hnscc,shen2017_hnscc|hnscc|head and neck squamous cell carcinoma|prognostic signature,APP,351,0.24400000000000024,weighted_sum|,10.3892/or.2017.6057,A seven-gene prognostic signature for rapid determination of hnscc.
shen2017_hnscc,shen2017_hnscc|hnscc|head and neck squamous cell carcinoma|prognostic signature,GNPDA1,10007,0.252,weighted_sum|,10.3892/or.2017.6057,A seven-gene prognostic signature for rapid determination of hnscc.
shen2017_hnscc,shen2017_hnscc|hnscc|head and neck squamous cell carcinoma|prognostic signature,HPRT1,3251,0.314,weighted_sum|,10.3892/or.2017.6057,A seven-gene prognostic signature for rapid determination of hnscc.
shen2017_hnscc,shen2017_hnscc|hnscc|head and neck squamous cell carcinoma|prognostic signature,LASP1,3927,0.136,weighted_sum|,10.3892/or.2017.6057,A seven-gene prognostic signature for rapid determination of hnscc.
shen2017_hnscc,shen2017_hnscc|hnscc|head and neck squamous cell carcinoma|prognostic signature,P4HA1,5033,0.11,weighted_sum|,10.3892/or.2017.6057,A seven-gene prognostic signature for rapid determination of hnscc.
shen2017_hnscc,shen2017_hnscc|hnscc|head and neck squamous cell carcinoma|prognostic signature,ILF3,3609,-0.388,weighted_sum|,10.3892/or.2017.6057,A seven-gene prognostic signature for rapid determination of hnscc.
cui2020_hnscc_metabolic,cui2020_hnscc_metabolic|hnscc!head and neck squamous cell carcinoma|immune-related metabolic enzymes,EPHX3,79852,-0.09899999999999998,weighted_sum|,10.3390/diagnostics10090689,A metabolic-immune gene signature based on MTHFD2 predicts prognosis in hnscc.
cui2020_hnscc_metabolic,cui2020_hnscc_metabolic|hnscc!head and neck squamous cell carcinoma|immune-related metabolic enzymes,LPIN1,23175,-0.271,weighted_sum|,10.3390/diagnostics10090689,A metabolic-immune gene signature based on MTHFD2 predicts prognosis in hnscc.
cui2020_hnscc_metabolic,cui2020_hnscc_metabolic|hnscc!head and neck squamous cell carcinoma|immune-related metabolic enzymes,P4HA1,5033,0.14100000000000001,weighted_sum|,10.3390/diagnostics10090689,A metabolic-immune gene signature based on MTHFD2 predicts prognosis in hnscc.
cui2020_hnscc_metabolic,cui2020_hnscc_metabolic|hnscc!head and neck squamous cell carcinoma|immune-related metabolic enzymes,ADA,100,0.15000000000000024,weighted_sum|,10.3390/diagnostics10090689,A metabolic-immune gene signature based on MTHFD2 predicts prognosis in hnscc.
cui2020_hnscc_metabolic,cui2020_hnscc_metabolic|hnscc!head and neck squamous cell carcinoma|immune-related metabolic enzymes,CD38,952,-0.186,weighted_sum|,10.3390/diagnostics10090689,A metabolic-immune gene signature based on MTHFD2 predicts prognosis in hnscc.
cui2020_hnscc_metabolic,cui2020_hnscc_metabolic|hnscc!head and neck squamous cell carcinoma|immune-related metabolic enzymes,NUDT11,55190,0.165,weighted_sum|,10.3390/diagnostics10090689,A metabolic-immune gene signature based on MTHFD2 predicts prognosis in hnscc.
cui2020_hnscc_metabolic,cui2020_hnscc_metabolic|hnscc!head and neck squamous cell carcinoma|immune-related metabolic enzymes,MTHFD2,10797,0.378,weighted_sum|,10.3390/diagnostics10090689,A metabolic-immune gene signature based on MTHFD2 predicts prognosis in hnscc.
cui2020_hnscc_metabolic,cui2020_hnscc_metabolic|hnscc!head and neck squamous cell carcinoma|immune-related metabolic enzymes,PLA2G2D,26279,-0.15900000000000108,weighted_sum|,10.3390/diagnostics10090689,A metabolic-immune gene signature based on MTHFD2 predicts prognosis in hnscc.
long2020_hnscc,long2020_hnscc|hnscc|head and neck squamous cell carcinoma|immunogenomic landscape,PLAU,5328,0.0018,weighted_sum|,10.3389/fmolb.2020.586344,An immunogenomic signature for prognosis in hnscc.
long2020_hnscc,long2020_hnscc|hnscc|head and neck squamous cell carcinoma|immunogenomic landscape,SFTPA2,729238,0.0557,weighted_sum|,10.3389/fmolb.2020.586344,An immunogenomic signature for prognosis in hnscc.
long2020_hnscc,long2020_hnscc|hnscc|head and neck squamous cell carcinoma|immunogenomic landscape,PTX3,5806,0.023,weighted_sum|,10.3389/fmolb.2020.586344,An immunogenomic signature for prognosis in hnscc.
long2020_hnscc,long2020_hnscc|hnscc|head and neck squamous cell carcinoma|immunogenomic landscape,PDGFRB,5159,-0.020900000000000005,weighted_sum|,10.3389/fmolb.2020.586344,An immunogenomic signature for prognosis in hnscc.
long2020_hnscc,long2020_hnscc|hnscc|head and neck squamous cell carcinoma|immunogenomic landscape,CCL26,10344,0.006800000000000001,weighted_sum|,10.3389/fmolb.2020.586344,An immunogenomic signature for prognosis in hnscc.
long2020_hnscc,long2020_hnscc|hnscc|head and neck squamous cell carcinoma|immunogenomic landscape,CD22,933,-0.079,weighted_sum|,10.3389/fmolb.2020.586344,An immunogenomic signature for prognosis in hnscc.
long2020_hnscc,long2020_hnscc|hnscc|head and neck squamous cell carcinoma|immunogenomic landscape,IGHV3-64,28414,-0.0131,weighted_sum|,10.3389/fmolb.2020.586344,An immunogenomic signature for prognosis in hnscc.
long2020_hnscc,long2020_hnscc|hnscc|head and neck squamous cell carcinoma|immunogenomic landscape,GAST,2520,0.016300000000000005,weighted_sum|,10.3389/fmolb.2020.586344,An immunogenomic signature for prognosis in hnscc.
long2020_hnscc,long2020_hnscc|hnscc|head and neck squamous cell carcinoma|immunogenomic landscape,GNRH1,2796,-0.4339000000000023,weighted_sum|,10.3389/fmolb.2020.586344,An immunogenomic signature for prognosis in hnscc.
long2020_hnscc,long2020_hnscc|hnscc|head and neck squamous cell carcinoma|immunogenomic landscape,PDGFA,5154,0.0294,weighted_sum|,10.3389/fmolb.2020.586344,An immunogenomic signature for prognosis in hnscc.
long2020_hnscc,long2020_hnscc|hnscc|head and neck squamous cell carcinoma|immunogenomic landscape,SLURP1,57152,-0.0012000000000000001,weighted_sum|,10.3389/fmolb.2020.586344,An immunogenomic signature for prognosis in hnscc.
long2020_hnscc,long2020_hnscc|hnscc|head and neck squamous cell carcinoma|immunogenomic landscape,STC2,8614,0.01730000000000005,weighted_sum|,10.3389/fmolb.2020.586344,An immunogenomic signature for prognosis in hnscc.
long2020_hnscc,long2020_hnscc|hnscc|head and neck squamous cell carcinoma|immunogenomic landscape,AR,367,-0.2028,weighted_sum|,10.3389/fmolb.2020.586344,An immunogenomic signature for prognosis in hnscc.
long2020_hnscc,long2020_hnscc|hnscc|head and neck squamous cell carcinoma|immunogenomic landscape,TNFRSF25,8718,-0.05610000000000001,weighted_sum|,10.3389/fmolb.2020.586344,An immunogenomic signature for prognosis in hnscc.
huang2020_oscc,huang2020_oscc|oscc|oral squamous cell carcinoma| methyladenosine|EMT,HNRNPC,3183,0.00815,weighted_sum|,10.18632/aging.103333,Prognostic m6A-related gene signature in oral squamous cell carcinoma.
huang2020_oscc,huang2020_oscc|oscc|oral squamous cell carcinoma| methyladenosine|EMT,METTL14,57721,0.0482,weighted_sum|,10.18632/aging.103333,Prognostic m6A-related gene signature in oral squamous cell carcinoma.
huang2020_oscc,huang2020_oscc|oscc|oral squamous cell carcinoma| methyladenosine|EMT,YTHDF2,51441,0.0081,weighted_sum|,10.18632/aging.103333,Prognostic m6A-related gene signature in oral squamous cell carcinoma.
huang2020_oscc,huang2020_oscc|oscc|oral squamous cell carcinoma| methyladenosine|EMT,ALKBH5,54890,0.0086,weighted_sum|,10.18632/aging.103333,Prognostic m6A-related gene signature in oral squamous cell carcinoma.
guo2017_hnscc,guo2017_hnscc|hnscc|head and neck squamous cell carcinoma|prognosis,FRMD5,84978,0.07200000000000002,weighted_sum|,10.18632/oncotarget.21786,Prognostic six-mRNA signature in hnscc.
guo2017_hnscc,guo2017_hnscc|hnscc|head and neck squamous cell carcinoma|prognosis,PCMT1,5110,0.512,weighted_sum|,10.18632/oncotarget.21786,Prognostic six-mRNA signature in hnscc.
guo2017_hnscc,guo2017_hnscc|hnscc|head and neck squamous cell carcinoma|prognosis,PDGFA,5154,0.201,weighted_sum|,10.18632/oncotarget.21786,Prognostic six-mRNA signature in hnscc.
guo2017_hnscc,guo2017_hnscc|hnscc|head and neck squamous cell carcinoma|prognosis,TMC8,147138,-0.158000000000001,weighted_sum|,10.18632/oncotarget.21786,Prognostic six-mRNA signature in hnscc.
guo2017_hnscc,guo2017_hnscc|hnscc|head and neck squamous cell carcinoma|prognosis,YIPF4,84272,0.615,weighted_sum|,10.18632/oncotarget.21786,Prognostic six-mRNA signature in hnscc.
guo2017_hnscc,guo2017_hnscc|hnscc|head and neck squamous cell carcinoma|prognosis,ZNF324B,388569,-0.1450000000000002,weighted_sum|,10.18632/oncotarget.21786,Prognostic six-mRNA signature in hnscc.
tian2018_hnscc,tian2018_hnscc|hnscc|head and neck squamous cell carcinoma|prognostic signature,FOXL2NB,401089,0.029199999999999896,weighted_sum|,10.2147/CMAR.S185875,A six-gene model predicts prognosis and survival outcomes in hnscc patients.
tian2018_hnscc,tian2018_hnscc|hnscc|head and neck squamous cell carcinoma|prognostic signature,PCOLCE2,26577,0.0381,weighted_sum|,10.2147/CMAR.S185875,A six-gene model predicts prognosis and survival outcomes in hnscc patients.
tian2018_hnscc,tian2018_hnscc|hnscc|head and neck squamous cell carcinoma|prognostic signature,SPINK6,404203,-0.0031,weighted_sum|,10.2147/CMAR.S185875,A six-gene model predicts prognosis and survival outcomes in hnscc patients.
tian2018_hnscc,tian2018_hnscc|hnscc|head and neck squamous cell carcinoma|prognostic signature,ULBP2,80328,0.0497,weighted_sum|,10.2147/CMAR.S185875,A six-gene model predicts prognosis and survival outcomes in hnscc patients.
tian2018_hnscc,tian2018_hnscc|hnscc|head and neck squamous cell carcinoma|prognostic signature,KCNJ18,100134444,-0.05400000000000001,weighted_sum|,10.2147/CMAR.S185875,A six-gene model predicts prognosis and survival outcomes in hnscc patients.
tian2018_hnscc,tian2018_hnscc|hnscc|head and neck squamous cell carcinoma|prognostic signature,RFPL1,5988,-0.2872,weighted_sum|,10.2147/CMAR.S185875,A six-gene model predicts prognosis and survival outcomes in hnscc patients.
wintergerst2018_hnscc,wintergerst2018_hnscc|hnscc|head and neck squamous cell carcinoma|prognostic signature|radiotherapy,APRT,353,120.988,weighted_sum|,10.1002/1878-0261.12388,A four-gene signature from 16q24.3 predicts prognosis in radiotherapy-treated hnscc patients.
wintergerst2018_hnscc,wintergerst2018_hnscc|hnscc|head and neck squamous cell carcinoma|prognostic signature|radiotherapy,CHMP1A,5119,0.1715375,weighted_sum|,10.1002/1878-0261.12388,A four-gene signature from 16q24.3 predicts prognosis in radiotherapy-treated hnscc patients.
wintergerst2018_hnscc,wintergerst2018_hnscc|hnscc|head and neck squamous cell carcinoma|prognostic signature|radiotherapy,GALNS,2588,0.22431583000000024,weighted_sum|,10.1002/1878-0261.12388,A four-gene signature from 16q24.3 predicts prognosis in radiotherapy-treated hnscc patients.
wintergerst2018_hnscc,wintergerst2018_hnscc|hnscc|head and neck squamous cell carcinoma|prognostic signature|radiotherapy,CENPBD1,92806,0.06012163,weighted_sum|,10.1002/1878-0261.12388,A four-gene signature from 16q24.3 predicts prognosis in radiotherapy-treated hnscc patients.
liang2019_hnscc,liang2019_hnscc|hnscc|head and neck squamous cell carcinoma|chemokines,CCL2,6347,0.16,weighted_sum|,10.12659/MSM.915248,An 11-chemokine RNA signature predicts overall survival in hnscc patients.
liang2019_hnscc,liang2019_hnscc|hnscc|head and neck squamous cell carcinoma|chemokines,CCL7,6354,0.14300000000000004,weighted_sum|,10.12659/MSM.915248,An 11-chemokine RNA signature predicts overall survival in hnscc patients.
liang2019_hnscc,liang2019_hnscc|hnscc|head and neck squamous cell carcinoma|chemokines,CCL22,6367,-0.15400000000000041,weighted_sum|,10.12659/MSM.915248,An 11-chemokine RNA signature predicts overall survival in hnscc patients.
liang2019_hnscc,liang2019_hnscc|hnscc|head and neck squamous cell carcinoma|chemokines,XCL2,6846,-0.15500000000000044,weighted_sum|,10.12659/MSM.915248,An 11-chemokine RNA signature predicts overall survival in hnscc patients.
liang2019_hnscc,liang2019_hnscc|hnscc|head and neck squamous cell carcinoma|chemokines,CXCL5,6374,0.10700000000000012,weighted_sum|,10.12659/MSM.915248,An 11-chemokine RNA signature predicts overall survival in hnscc patients.
liang2019_hnscc,liang2019_hnscc|hnscc|head and neck squamous cell carcinoma|chemokines,CXCL8,3576,0.131,weighted_sum|,10.12659/MSM.915248,An 11-chemokine RNA signature predicts overall survival in hnscc patients.
liang2019_hnscc,liang2019_hnscc|hnscc|head and neck squamous cell carcinoma|chemokines,CCR4,1233,-0.119,weighted_sum|,10.12659/MSM.915248,An 11-chemokine RNA signature predicts overall survival in hnscc patients.
liang2019_hnscc,liang2019_hnscc|hnscc|head and neck squamous cell carcinoma|chemokines,CCR6,1235,-0.258,weighted_sum|,10.12659/MSM.915248,An 11-chemokine RNA signature predicts overall survival in hnscc patients.
liang2019_hnscc,liang2019_hnscc|hnscc|head and neck squamous cell carcinoma|chemokines,CCR7,1236,-0.167,weighted_sum|,10.12659/MSM.915248,An 11-chemokine RNA signature predicts overall survival in hnscc patients.
liang2019_hnscc,liang2019_hnscc|hnscc|head and neck squamous cell carcinoma|chemokines,XCR1,2829,-0.185,weighted_sum|,10.12659/MSM.915248,An 11-chemokine RNA signature predicts overall survival in hnscc patients.
liang2019_hnscc,liang2019_hnscc|hnscc|head and neck squamous cell carcinoma|chemokines,CX3CR1,1524,-0.1520000000000004,weighted_sum|,10.12659/MSM.915248,An 11-chemokine RNA signature predicts overall survival in hnscc patients.
luo2022_hnscc,luo2022_hnscc|hnscc|head and neck squamous cell carcinoma|stemness-related gene|immune microenvironment,SPOCK1,6695,0.17346000000000092,weighted_sum|,10.3389/fgene.2022.822115,A five-gene stemness-related signature predicts prognosis and immune landscape in hnscc.
luo2022_hnscc,luo2022_hnscc|hnscc|head and neck squamous cell carcinoma|stemness-related gene|immune microenvironment,BOC,91653,-0.2980800000000019,weighted_sum|,10.3389/fgene.2022.822115,A five-gene stemness-related signature predicts prognosis and immune landscape in hnscc.
luo2022_hnscc,luo2022_hnscc|hnscc|head and neck squamous cell carcinoma|stemness-related gene|immune microenvironment,KNSTRN,90417,0.26439,weighted_sum|,10.3389/fgene.2022.822115,A five-gene stemness-related signature predicts prognosis and immune landscape in hnscc.
luo2022_hnscc,luo2022_hnscc|hnscc|head and neck squamous cell carcinoma|stemness-related gene|immune microenvironment,MME,4311,0.1858,weighted_sum|,10.3389/fgene.2022.822115,A five-gene stemness-related signature predicts prognosis and immune landscape in hnscc.
luo2022_hnscc,luo2022_hnscc|hnscc|head and neck squamous cell carcinoma|stemness-related gene|immune microenvironment,GRIA3,2892,-0.15037,weighted_sum|,10.3389/fgene.2022.822115,A five-gene stemness-related signature predicts prognosis and immune landscape in hnscc.
zhou2021_oscc,zhou2021_oscc|oscc|oral squamous cell carcinoma|glycolysis,CDC6,990,0.013034913000000061,weighted_sum|,10.1002/hed.26910,A glycolysis-related five-gene signature predicts prognosis in oscc.
zhou2021_oscc,zhou2021_oscc|oscc|oral squamous cell carcinoma|glycolysis,TPX2,22974,0.0016898099999999997,weighted_sum|,10.1002/hed.26910,A glycolysis-related five-gene signature predicts prognosis in oscc.
zhou2021_oscc,zhou2021_oscc|oscc|oral squamous cell carcinoma|glycolysis,CDCA8,55143,0.003912427,weighted_sum|,10.1002/hed.26910,A glycolysis-related five-gene signature predicts prognosis in oscc.
zhou2021_oscc,zhou2021_oscc|oscc|oral squamous cell carcinoma|glycolysis,BIRC5,332,2.01552e-4,weighted_sum|,10.1002/hed.26910,A glycolysis-related five-gene signature predicts prognosis in oscc.
qiang2022_hnscc,qiang2022_hnscc|hnscc|head and neck squamous cell carcinoma|metabolic reprogramming|metabolism-related gene,PIP5K1B,8395,0.03336300000000001,weighted_sum|,10.1002/cam4.4670,A metabolism-related gene signature predicts prognosis and immune landscape in hnscc.
qiang2022_hnscc,qiang2022_hnscc|hnscc|head and neck squamous cell carcinoma|metabolic reprogramming|metabolism-related gene,ADA,100,0.024469,weighted_sum|,10.1002/cam4.4670,A metabolism-related gene signature predicts prognosis and immune landscape in hnscc.
qiang2022_hnscc,qiang2022_hnscc|hnscc|head and neck squamous cell carcinoma|metabolic reprogramming|metabolism-related gene,KYNU,8942,0.013974000000000056,weighted_sum|,10.1002/cam4.4670,A metabolism-related gene signature predicts prognosis and immune landscape in hnscc.
qiang2022_hnscc,qiang2022_hnscc|hnscc|head and neck squamous cell carcinoma|metabolic reprogramming|metabolism-related gene,P4HA1,5033,0.012452999999999999,weighted_sum|,10.1002/cam4.4670,A metabolism-related gene signature predicts prognosis and immune landscape in hnscc.
qiang2022_hnscc,qiang2022_hnscc|hnscc|head and neck squamous cell carcinoma|metabolic reprogramming|metabolism-related gene,MTHFD2,10797,0.010309,weighted_sum|,10.1002/cam4.4670,A metabolism-related gene signature predicts prognosis and immune landscape in hnscc.
qiang2022_hnscc,qiang2022_hnscc|hnscc|head and neck squamous cell carcinoma|metabolic reprogramming|metabolism-related gene,HPRT1,3251,0.010282000000000006,weighted_sum|,10.1002/cam4.4670,A metabolism-related gene signature predicts prognosis and immune landscape in hnscc.
qiang2022_hnscc,qiang2022_hnscc|hnscc|head and neck squamous cell carcinoma|metabolic reprogramming|metabolism-related gene,ALG3,10195,0.005389000000000001,weighted_sum|,10.1002/cam4.4670,A metabolism-related gene signature predicts prognosis and immune landscape in hnscc.
qiang2022_hnscc,qiang2022_hnscc|hnscc|head and neck squamous cell carcinoma|metabolic reprogramming|metabolism-related gene,PYGL,5836,0.004299,weighted_sum|,10.1002/cam4.4670,A metabolism-related gene signature predicts prognosis and immune landscape in hnscc.
qiang2022_hnscc,qiang2022_hnscc|hnscc|head and neck squamous cell carcinoma|metabolic reprogramming|metabolism-related gene,DNMT1,1786,-0.014064,weighted_sum|,10.1002/cam4.4670,A metabolism-related gene signature predicts prognosis and immune landscape in hnscc.
qiang2022_hnscc,qiang2022_hnscc|hnscc|head and neck squamous cell carcinoma|metabolic reprogramming|metabolism-related gene,POLE2,5427,-0.07797600000000045,weighted_sum|,10.1002/cam4.4670,A metabolism-related gene signature predicts prognosis and immune landscape in hnscc.
qiang2022_hnscc,qiang2022_hnscc|hnscc|head and neck squamous cell carcinoma|metabolic reprogramming|metabolism-related gene,PDE6G,5148,-0.08109100000000002,weighted_sum|,10.1002/cam4.4670,A metabolism-related gene signature predicts prognosis and immune landscape in hnscc.
qiang2022_hnscc,qiang2022_hnscc|hnscc|head and neck squamous cell carcinoma|metabolic reprogramming|metabolism-related gene,CYP2D6,1565,-0.16025,weighted_sum|,10.1002/cam4.4670,A metabolism-related gene signature predicts prognosis and immune landscape in hnscc.
chen2022_hnscc_nets,chen2022_hnscc_nets|hnscc|head and neck squamous cell carcinoma|NET-related gene|immune microenvironment,ANXA3,306,0.116,weighted_sum|,10.3389/fmolb.2022.833771,A NET-related gene signature predicts prognosis and immunotherapy response in hnscc.
chen2022_hnscc_nets,chen2022_hnscc_nets|hnscc|head and neck squamous cell carcinoma|NET-related gene|immune microenvironment,LTF,4057,-0.062,weighted_sum|,10.3389/fmolb.2022.833771,A NET-related gene signature predicts prognosis and immunotherapy response in hnscc.
chen2022_hnscc_nets,chen2022_hnscc_nets|hnscc|head and neck squamous cell carcinoma|NET-related gene|immune microenvironment,CSF2,1437,0.12000000000000002,weighted_sum|,10.3389/fmolb.2022.833771,A NET-related gene signature predicts prognosis and immunotherapy response in hnscc.
chen2022_hnscc_nets,chen2022_hnscc_nets|hnscc|head and neck squamous cell carcinoma|NET-related gene|immune microenvironment,GAPDH,2597,0.184,weighted_sum|,10.3389/fmolb.2022.833771,A NET-related gene signature predicts prognosis and immunotherapy response in hnscc.
chen2022_hnscc_nets,chen2022_hnscc_nets|hnscc|head and neck squamous cell carcinoma|NET-related gene|immune microenvironment,CYBB,1536,0.306,weighted_sum|,10.3389/fmolb.2022.833771,A NET-related gene signature predicts prognosis and immunotherapy response in hnscc.
chen2022_hnscc_nets,chen2022_hnscc_nets|hnscc|head and neck squamous cell carcinoma|NET-related gene|immune microenvironment,SELPLG,6404,-0.604,weighted_sum|,10.3389/fmolb.2022.833771,A NET-related gene signature predicts prognosis and immunotherapy response in hnscc.
guo2021_oscc,guo2021_oscc|oscc|oral squamous cell carcinoma|mRNA signature,ASCL4,121549,-0.269,weighted_sum|,10.1089/gtmb.2021.0066,A five-mRNA signature predicts survival and may guide oscc treatment.
guo2021_oscc,guo2021_oscc|oscc|oral squamous cell carcinoma|mRNA signature,CELSR3,1951,-0.17270000000000021,weighted_sum|,10.1089/gtmb.2021.0066,A five-mRNA signature predicts survival and may guide oscc treatment.
guo2021_oscc,guo2021_oscc|oscc|oral squamous cell carcinoma|mRNA signature,HOXA1,3198,0.19790000000000021,weighted_sum|,10.1089/gtmb.2021.0066,A five-mRNA signature predicts survival and may guide oscc treatment.
guo2021_oscc,guo2021_oscc|oscc|oral squamous cell carcinoma|mRNA signature,ZFP42,132625,0.0868,weighted_sum|,10.1089/gtmb.2021.0066,A five-mRNA signature predicts survival and may guide oscc treatment.
guo2021_oscc,guo2021_oscc|oscc|oral squamous cell carcinoma|mRNA signature,HIST1H3J,8356,0.2235,weighted_sum|,10.1089/gtmb.2021.0066,A five-mRNA signature predicts survival and may guide oscc treatment.
shen2021_hnscc_pyroptosis,shen2021_hnscc_pyroptosis|hnscc|head and neck squamous cell carcinoma|pyroptosis-related gene,GSDME,1687,9.950000000000002e-4,weighted_sum|,10.1016/j.tranon.2021.101233,A pyroptosis-related gene signature predicts prognosis in hnscc.
shen2021_hnscc_pyroptosis,shen2021_hnscc_pyroptosis|hnscc|head and neck squamous cell carcinoma|pyroptosis-related gene,IL6,3569,2.96e-5,weighted_sum|,10.1016/j.tranon.2021.101233,A pyroptosis-related gene signature predicts prognosis in hnscc.
shen2021_hnscc_pyroptosis,shen2021_hnscc_pyroptosis|hnscc|head and neck squamous cell carcinoma|pyroptosis-related gene,NLRP1,22861,-2.6700000000000002e-5,weighted_sum|,10.1016/j.tranon.2021.101233,A pyroptosis-related gene signature predicts prognosis in hnscc.
shen2021_hnscc_pyroptosis,shen2021_hnscc_pyroptosis|hnscc|head and neck squamous cell carcinoma|pyroptosis-related gene,CASP8,841,2.6500000000000004e-4,weighted_sum|,10.1016/j.tranon.2021.101233,A pyroptosis-related gene signature predicts prognosis in hnscc.
shen2021_hnscc_pyroptosis,shen2021_hnscc_pyroptosis|hnscc|head and neck squamous cell carcinoma|pyroptosis-related gene,NLRP6,171389,-0.11,weighted_sum|,10.1016/j.tranon.2021.101233,A pyroptosis-related gene signature predicts prognosis in hnscc.
shen2021_hnscc_pyroptosis,shen2021_hnscc_pyroptosis|hnscc|head and neck squamous cell carcinoma|pyroptosis-related gene,CASP6,839,0.002750000000000001,weighted_sum|,10.1016/j.tranon.2021.101233,A pyroptosis-related gene signature predicts prognosis in hnscc.
ren2021_hnscc,ren2021_hnscc|hnscc|head and neck squamous cell carcinoma|autophagy-related gene,GABARAPL1,23710,2.062,weighted_sum|,10.1016/j.ygeno.2020.11.017,A 13-autophagy-related gene signature predicts prognosis in hnscc.
ren2021_hnscc,ren2021_hnscc|hnscc|head and neck squamous cell carcinoma|autophagy-related gene,ITGA3,3675,2.61,weighted_sum|,10.1016/j.ygeno.2020.11.017,A 13-autophagy-related gene signature predicts prognosis in hnscc.
ren2021_hnscc,ren2021_hnscc|hnscc|head and neck squamous cell carcinoma|autophagy-related gene,USP10,9100,2.9719999999999978,weighted_sum|,10.1016/j.ygeno.2020.11.017,A 13-autophagy-related gene signature predicts prognosis in hnscc.
ren2021_hnscc,ren2021_hnscc|hnscc|head and neck squamous cell carcinoma|autophagy-related gene,IKBKB,3551,-3.457,weighted_sum|,10.1016/j.ygeno.2020.11.017,A 13-autophagy-related gene signature predicts prognosis in hnscc.
ren2021_hnscc,ren2021_hnscc|hnscc|head and neck squamous cell carcinoma|autophagy-related gene,ITPR1,3708,-1.783,weighted_sum|,10.1016/j.ygeno.2020.11.017,A 13-autophagy-related gene signature predicts prognosis in hnscc.
ren2021_hnscc,ren2021_hnscc|hnscc|head and neck squamous cell carcinoma|autophagy-related gene,ST13,6767,3.9419999999999997,weighted_sum|,10.1016/j.ygeno.2020.11.017,A 13-autophagy-related gene signature predicts prognosis in hnscc.
ren2021_hnscc,ren2021_hnscc|hnscc|head and neck squamous cell carcinoma|autophagy-related gene,TP73,7161,-2.977,weighted_sum|,10.1016/j.ygeno.2020.11.017,A 13-autophagy-related gene signature predicts prognosis in hnscc.
ren2021_hnscc,ren2021_hnscc|hnscc|head and neck squamous cell carcinoma|autophagy-related gene,MAPK9,5601,2.44,weighted_sum|,10.1016/j.ygeno.2020.11.017,A 13-autophagy-related gene signature predicts prognosis in hnscc.
ren2021_hnscc,ren2021_hnscc|hnscc|head and neck squamous cell carcinoma|autophagy-related gene,MAP2K7,5609,-4.029,weighted_sum|,10.1016/j.ygeno.2020.11.017,A 13-autophagy-related gene signature predicts prognosis in hnscc.
ren2021_hnscc,ren2021_hnscc|hnscc|head and neck squamous cell carcinoma|autophagy-related gene,PRKN,5071,2.949,weighted_sum|,10.1016/j.ygeno.2020.11.017,A 13-autophagy-related gene signature predicts prognosis in hnscc.
ren2021_hnscc,ren2021_hnscc|hnscc|head and neck squamous cell carcinoma|autophagy-related gene,CDKN2A,1029,-3.293,weighted_sum|,10.1016/j.ygeno.2020.11.017,A 13-autophagy-related gene signature predicts prognosis in hnscc.
ren2021_hnscc,ren2021_hnscc|hnscc|head and neck squamous cell carcinoma|autophagy-related gene,EEF2K,29904,-2.323,weighted_sum|,10.1016/j.ygeno.2020.11.017,A 13-autophagy-related gene signature predicts prognosis in hnscc.
ren2021_hnscc,ren2021_hnscc|hnscc|head and neck squamous cell carcinoma|autophagy-related gene,FADD,8772,3.082,weighted_sum|,10.1016/j.ygeno.2020.11.017,A 13-autophagy-related gene signature predicts prognosis in hnscc.
han2021_hnscc_methylation,han2021_hnscc_methylation|hnscc|head and neck squamous cell carcinoma|m5C RNA methylation,DNMT1,1786,-0.029571999999999998,weighted_sum|,10.3389/fonc.2021.592107,A three-gene signature predicts prognosis in hnscc based on m5C RNA modification.
han2021_hnscc_methylation,han2021_hnscc_methylation|hnscc|head and neck squamous cell carcinoma|m5C RNA methylation,DNMT3A,1788,-0.03860300000000001,weighted_sum|,10.3389/fonc.2021.592107,A three-gene signature predicts prognosis in hnscc based on m5C RNA modification.
han2021_hnscc_methylation,han2021_hnscc_methylation|hnscc|head and neck squamous cell carcinoma|m5C RNA methylation,NSUN5,55695,0.021496,weighted_sum|,10.3389/fonc.2021.592107,A three-gene signature predicts prognosis in hnscc based on m5C RNA modification.
zhang2021_hnscc_methyadenosine,zhang2021_hnscc_methyadenosine|hnscc|head and neck squamous cell carcinoma|methyltransferase-related gene|methyladenosine,YTHDC2,64848,-0.2970000000000003,weighted_sum|,10.21037/atm-21-4712,A three-gene m6A signature predicts prognosis in hnscc.
zhang2021_hnscc_methyadenosine,zhang2021_hnscc_methyadenosine|hnscc|head and neck squamous cell carcinoma|methyltransferase-related gene|methyladenosine,HNRNPA2B1,3181,-0.752,weighted_sum|,10.21037/atm-21-4712,A three-gene m6A signature predicts prognosis in hnscc.
zhang2021_hnscc_methyadenosine,zhang2021_hnscc_methyadenosine|hnscc|head and neck squamous cell carcinoma|methyltransferase-related gene|methyladenosine,RBM15B,29890,-0.33199999999999996,weighted_sum|,10.21037/atm-21-4712,A three-gene m6A signature predicts prognosis in hnscc.
qian2021_hnscc,qian2021_hnscc|hnscc|head and neck squamous cell carcinoma|pyroptosis-related gene,NLRP1,22861,0.8938,weighted_sum|,10.2147/IJGM.S337089,A four-gene pyroptosis signature predicts prognosis in hnscc.
qian2021_hnscc,qian2021_hnscc|hnscc|head and neck squamous cell carcinoma|pyroptosis-related gene,GSDME,1687,10.402000000000006,weighted_sum|,10.2147/IJGM.S337089,A four-gene pyroptosis signature predicts prognosis in hnscc.
qian2021_hnscc,qian2021_hnscc|hnscc|head and neck squamous cell carcinoma|pyroptosis-related gene,NLRP6,171389,0.4383000000000015,weighted_sum|,10.2147/IJGM.S337089,A four-gene pyroptosis signature predicts prognosis in hnscc.
qian2021_hnscc,qian2021_hnscc|hnscc|head and neck squamous cell carcinoma|pyroptosis-related gene,IL1B,3553,10.040999999999999,weighted_sum|,10.2147/IJGM.S337089,A four-gene pyroptosis signature predicts prognosis in hnscc.
khorani2021_hnscc,khorani2021_hnscc|hnscc|head and neck squamous cell carcinoma|SOX2|SOX9|plasticity,EVPLL,645027,-0.10758379300000002,weighted_sum|,10.1158/1541-7786.MCR-21-0066,A SOX2/SOX9 gene signature predicts prognosis and treatment response in hnscc.
khorani2021_hnscc,khorani2021_hnscc|hnscc|head and neck squamous cell carcinoma|SOX2|SOX9|plasticity,ADAMTS6,11174,-0.08378170500000012,weighted_sum|,10.1158/1541-7786.MCR-21-0066,A SOX2/SOX9 gene signature predicts prognosis and treatment response in hnscc.
khorani2021_hnscc,khorani2021_hnscc|hnscc|head and neck squamous cell carcinoma|SOX2|SOX9|plasticity,C12orf56,115749,-0.0832357610000003,weighted_sum|,10.1158/1541-7786.MCR-21-0066,A SOX2/SOX9 gene signature predicts prognosis and treatment response in hnscc.
khorani2021_hnscc,khorani2021_hnscc|hnscc|head and neck squamous cell carcinoma|SOX2|SOX9|plasticity,EXPH5,23086,-0.07847770800000002,weighted_sum|,10.1158/1541-7786.MCR-21-0066,A SOX2/SOX9 gene signature predicts prognosis and treatment response in hnscc.
khorani2021_hnscc,khorani2021_hnscc|hnscc|head and neck squamous cell carcinoma|SOX2|SOX9|plasticity,PDZD2,23037,-0.05741284900000011,weighted_sum|,10.1158/1541-7786.MCR-21-0066,A SOX2/SOX9 gene signature predicts prognosis and treatment response in hnscc.
khorani2021_hnscc,khorani2021_hnscc|hnscc|head and neck squamous cell carcinoma|SOX2|SOX9|plasticity,SERPINA11,256394,-0.029773486,weighted_sum|,10.1158/1541-7786.MCR-21-0066,A SOX2/SOX9 gene signature predicts prognosis and treatment response in hnscc.
khorani2021_hnscc,khorani2021_hnscc|hnscc|head and neck squamous cell carcinoma|SOX2|SOX9|plasticity,TPRG1,285386,-0.02933543400000008,weighted_sum|,10.1158/1541-7786.MCR-21-0066,A SOX2/SOX9 gene signature predicts prognosis and treatment response in hnscc.
khorani2021_hnscc,khorani2021_hnscc|hnscc|head and neck squamous cell carcinoma|SOX2|SOX9|plasticity,EGR2,1959,-1.045529999999995e-4,weighted_sum|,10.1158/1541-7786.MCR-21-0066,A SOX2/SOX9 gene signature predicts prognosis and treatment response in hnscc.
khorani2021_hnscc,khorani2021_hnscc|hnscc|head and neck squamous cell carcinoma|SOX2|SOX9|plasticity,PLAU,5328,1.5915200000000002e-4,weighted_sum|,10.1158/1541-7786.MCR-21-0066,A SOX2/SOX9 gene signature predicts prognosis and treatment response in hnscc.
khorani2021_hnscc,khorani2021_hnscc|hnscc|head and neck squamous cell carcinoma|SOX2|SOX9|plasticity,DCBLD1,285761,0.0012265000000000021,weighted_sum|,10.1158/1541-7786.MCR-21-0066,A SOX2/SOX9 gene signature predicts prognosis and treatment response in hnscc.
khorani2021_hnscc,khorani2021_hnscc|hnscc|head and neck squamous cell carcinoma|SOX2|SOX9|plasticity,TNFRSF12A,51330,0.002378353000000012,weighted_sum|,10.1158/1541-7786.MCR-21-0066,A SOX2/SOX9 gene signature predicts prognosis and treatment response in hnscc.
khorani2021_hnscc,khorani2021_hnscc|hnscc|head and neck squamous cell carcinoma|SOX2|SOX9|plasticity,ADTRP,84830,0.006139973,weighted_sum|,10.1158/1541-7786.MCR-21-0066,A SOX2/SOX9 gene signature predicts prognosis and treatment response in hnscc.
khorani2021_hnscc,khorani2021_hnscc|hnscc|head and neck squamous cell carcinoma|SOX2|SOX9|plasticity,UGT1A7,54577,0.010549492,weighted_sum|,10.1158/1541-7786.MCR-21-0066,A SOX2/SOX9 gene signature predicts prognosis and treatment response in hnscc.
khorani2021_hnscc,khorani2021_hnscc|hnscc|head and neck squamous cell carcinoma|SOX2|SOX9|plasticity,CAMK2N1,55450,0.016350322000000077,weighted_sum|,10.1158/1541-7786.MCR-21-0066,A SOX2/SOX9 gene signature predicts prognosis and treatment response in hnscc.
khorani2021_hnscc,khorani2021_hnscc|hnscc|head and neck squamous cell carcinoma|SOX2|SOX9|plasticity,RASL11A,387496,0.023046716999999946,weighted_sum|,10.1158/1541-7786.MCR-21-0066,A SOX2/SOX9 gene signature predicts prognosis and treatment response in hnscc.
feng2021_hnscc,feng2021_hnscc|hnscc|head and neck squamous cell carcinoma|stemness-related gene,TTK,7272,-1.081,weighted_sum|,10.3389/fonc.2021.688545,A stemness gene signature predicts hnscc outcomes.
feng2021_hnscc,feng2021_hnscc|hnscc|head and neck squamous cell carcinoma|stemness-related gene,KIF14,9928,1.364,weighted_sum|,10.3389/fonc.2021.688545,A stemness gene signature predicts hnscc outcomes.
feng2021_hnscc,feng2021_hnscc|hnscc|head and neck squamous cell carcinoma|stemness-related gene,KIF18A,81930,1.651,weighted_sum|,10.3389/fonc.2021.688545,A stemness gene signature predicts hnscc outcomes.
feng2021_hnscc,feng2021_hnscc|hnscc|head and neck squamous cell carcinoma|stemness-related gene,DLGAP5,9787,0.965,weighted_sum|,10.3389/fonc.2021.688545,A stemness gene signature predicts hnscc outcomes.
ming2021_hnscc,ming2021_hnscc|hnscc|head and neck squamous cell carcinoma|DNA repair gene,MORF4L2,9643,0.0037,weighted_sum|,10.3389/fonc.2021.710694,A 13-gene DNA repair signature predicts prognosis and guides treatment strategies in hnscc.
ming2021_hnscc,ming2021_hnscc|hnscc|head and neck squamous cell carcinoma|DNA repair gene,COPS2,9318,0.0063,weighted_sum|,10.3389/fonc.2021.710694,A 13-gene DNA repair signature predicts prognosis and guides treatment strategies in hnscc.
ming2021_hnscc,ming2021_hnscc|hnscc|head and neck squamous cell carcinoma|DNA repair gene,USP10,9100,0.025500000000000005,weighted_sum|,10.3389/fonc.2021.710694,A 13-gene DNA repair signature predicts prognosis and guides treatment strategies in hnscc.
ming2021_hnscc,ming2021_hnscc|hnscc|head and neck squamous cell carcinoma|DNA repair gene,WAS,7454,-0.0123,weighted_sum|,10.3389/fonc.2021.710694,A 13-gene DNA repair signature predicts prognosis and guides treatment strategies in hnscc.
ming2021_hnscc,ming2021_hnscc|hnscc|head and neck squamous cell carcinoma|DNA repair gene,UVSSA,57654,-0.1324000000000002,weighted_sum|,10.3389/fonc.2021.710694,A 13-gene DNA repair signature predicts prognosis and guides treatment strategies in hnscc.
ming2021_hnscc,ming2021_hnscc|hnscc|head and neck squamous cell carcinoma|DNA repair gene,PRRX1,5396,-0.0148,weighted_sum|,10.3389/fonc.2021.710694,A 13-gene DNA repair signature predicts prognosis and guides treatment strategies in hnscc.
ming2021_hnscc,ming2021_hnscc|hnscc|head and neck squamous cell carcinoma|DNA repair gene,ZBTB1,22890,-0.0632,weighted_sum|,10.3389/fonc.2021.710694,A 13-gene DNA repair signature predicts prognosis and guides treatment strategies in hnscc.
ming2021_hnscc,ming2021_hnscc|hnscc|head and neck squamous cell carcinoma|DNA repair gene,DCLRE1C,64421,-0.0502,weighted_sum|,10.3389/fonc.2021.710694,A 13-gene DNA repair signature predicts prognosis and guides treatment strategies in hnscc.
ming2021_hnscc,ming2021_hnscc|hnscc|head and neck squamous cell carcinoma|DNA repair gene,MSH5,4439,-0.3824,weighted_sum|,10.3389/fonc.2021.710694,A 13-gene DNA repair signature predicts prognosis and guides treatment strategies in hnscc.
ming2021_hnscc,ming2021_hnscc|hnscc|head and neck squamous cell carcinoma|DNA repair gene,DOT1L,84444,-0.1573000000000004,weighted_sum|,10.3389/fonc.2021.710694,A 13-gene DNA repair signature predicts prognosis and guides treatment strategies in hnscc.
ming2021_hnscc,ming2021_hnscc|hnscc|head and neck squamous cell carcinoma|DNA repair gene,ZBTB7A,51341,-0.0061,weighted_sum|,10.3389/fonc.2021.710694,A 13-gene DNA repair signature predicts prognosis and guides treatment strategies in hnscc.
ming2021_hnscc,ming2021_hnscc|hnscc|head and neck squamous cell carcinoma|DNA repair gene,POLR2C,5432,0.0085,weighted_sum|,10.3389/fonc.2021.710694,A 13-gene DNA repair signature predicts prognosis and guides treatment strategies in hnscc.
ming2021_hnscc,ming2021_hnscc|hnscc|head and neck squamous cell carcinoma|DNA repair gene,MORF4L1,10933,0.0047,weighted_sum|,10.3389/fonc.2021.710694,A 13-gene DNA repair signature predicts prognosis and guides treatment strategies in hnscc.
liang2021_hnscc_emt,liang2021_hnscc_emt|hnscc|head and neck squamous cell carcinoma|EMT hallmark gene-based,CAP2,10486,0.06442,weighted_sum|,10.2147/IJGM.S327632,A nine-gene EMT signature predicts hnscc prognosis.
liang2021_hnscc_emt,liang2021_hnscc_emt|hnscc|head and neck squamous cell carcinoma|EMT hallmark gene-based,DKK1,22943,0.08468,weighted_sum|,10.2147/IJGM.S327632,A nine-gene EMT signature predicts hnscc prognosis.
liang2021_hnscc_emt,liang2021_hnscc_emt|hnscc|head and neck squamous cell carcinoma|EMT hallmark gene-based,IL6,3569,0.01665,weighted_sum|,10.2147/IJGM.S327632,A nine-gene EMT signature predicts hnscc prognosis.
liang2021_hnscc_emt,liang2021_hnscc_emt|hnscc|head and neck squamous cell carcinoma|EMT hallmark gene-based,PCOLCE2,26577,0.07212000000000025,weighted_sum|,10.2147/IJGM.S327632,A nine-gene EMT signature predicts hnscc prognosis.
liang2021_hnscc_emt,liang2021_hnscc_emt|hnscc|head and neck squamous cell carcinoma|EMT hallmark gene-based,PLOD2,5352,0.022699999999999946,weighted_sum|,10.2147/IJGM.S327632,A nine-gene EMT signature predicts hnscc prognosis.
liang2021_hnscc_emt,liang2021_hnscc_emt|hnscc|head and neck squamous cell carcinoma|EMT hallmark gene-based,PTX3,5806,0.06458,weighted_sum|,10.2147/IJGM.S327632,A nine-gene EMT signature predicts hnscc prognosis.
liang2021_hnscc_emt,liang2021_hnscc_emt|hnscc|head and neck squamous cell carcinoma|EMT hallmark gene-based,SFRP1,6422,-0.06221,weighted_sum|,10.2147/IJGM.S327632,A nine-gene EMT signature predicts hnscc prognosis.
liang2021_hnscc_emt,liang2021_hnscc_emt|hnscc|head and neck squamous cell carcinoma|EMT hallmark gene-based,TGFBR3,7049,-0.06494,weighted_sum|,10.2147/IJGM.S327632,A nine-gene EMT signature predicts hnscc prognosis.
liang2021_hnscc_emt,liang2021_hnscc_emt|hnscc|head and neck squamous cell carcinoma|EMT hallmark gene-based,VEGFC,7424,0.00709,weighted_sum|,10.2147/IJGM.S327632,A nine-gene EMT signature predicts hnscc prognosis.
sathasivam2021_opmd,sathasivam2021_opmd|opmd|oral potentially malignant disorders,CCNE1,898,-0.3969660000000003,weighted_sum|,10.1038/s41416-021-01411-z,An 11-gene signature predicts malignant transformation risk in opmd patients.
sathasivam2021_opmd,sathasivam2021_opmd|opmd|oral potentially malignant disorders,TLX1,3195,-0.25069329999999995,weighted_sum|,10.1038/s41416-021-01411-z,An 11-gene signature predicts malignant transformation risk in opmd patients.
sathasivam2021_opmd,sathasivam2021_opmd|opmd|oral potentially malignant disorders,NOTCH1,4851,-0.24173780000000047,weighted_sum|,10.1038/s41416-021-01411-z,An 11-gene signature predicts malignant transformation risk in opmd patients.
sathasivam2021_opmd,sathasivam2021_opmd|opmd|oral potentially malignant disorders,CTSL,1514,-0.12078510000000027,weighted_sum|,10.1038/s41416-021-01411-z,An 11-gene signature predicts malignant transformation risk in opmd patients.
sathasivam2021_opmd,sathasivam2021_opmd|opmd|oral potentially malignant disorders,DUSP5,1847,-0.0590887,weighted_sum|,10.1038/s41416-021-01411-z,An 11-gene signature predicts malignant transformation risk in opmd patients.
sathasivam2021_opmd,sathasivam2021_opmd|opmd|oral potentially malignant disorders,TP53,7157,-0.017738300000000005,weighted_sum|,10.1038/s41416-021-01411-z,An 11-gene signature predicts malignant transformation risk in opmd patients.
sathasivam2021_opmd,sathasivam2021_opmd|opmd|oral potentially malignant disorders,CHEK2,11200,-0.0119722,weighted_sum|,10.1038/s41416-021-01411-z,An 11-gene signature predicts malignant transformation risk in opmd patients.
sathasivam2021_opmd,sathasivam2021_opmd|opmd|oral potentially malignant disorders,COL4A5,1287,0.14162270999999987,weighted_sum|,10.1038/s41416-021-01411-z,An 11-gene signature predicts malignant transformation risk in opmd patients.
sathasivam2021_opmd,sathasivam2021_opmd|opmd|oral potentially malignant disorders,ITGB8,3696,0.3540842,weighted_sum|,10.1038/s41416-021-01411-z,An 11-gene signature predicts malignant transformation risk in opmd patients.
sathasivam2021_opmd,sathasivam2021_opmd|opmd|oral potentially malignant disorders,CD274,29126,0.41203334999999996,weighted_sum|,10.1038/s41416-021-01411-z,An 11-gene signature predicts malignant transformation risk in opmd patients.
sathasivam2021_opmd,sathasivam2021_opmd|opmd|oral potentially malignant disorders,TP63,8626,0.4874271700000012,weighted_sum|,10.1038/s41416-021-01411-z,An 11-gene signature predicts malignant transformation risk in opmd patients.
zhang2022_hnscc,zhang2022_hnscc|hnscc|head and neck squamous cell carcinoma|lymph node metastasis|LNM,CXCL11,6373,0.0636,weighted_sum|,10.3389/fonc.2021.739182,A three-gene immune-related signature predicts prognosis and lymphocyte infiltration in hnscc.
zhang2022_hnscc,zhang2022_hnscc|hnscc|head and neck squamous cell carcinoma|lymph node metastasis|LNM,CXCR3,2833,-0.4619000000000003,weighted_sum|,10.3389/fonc.2021.739182,A three-gene immune-related signature predicts prognosis and lymphocyte infiltration in hnscc.
zhang2022_hnscc,zhang2022_hnscc|hnscc|head and neck squamous cell carcinoma|lymph node metastasis|LNM,CCR5,1234,0.2398,weighted_sum|,10.3389/fonc.2021.739182,A three-gene immune-related signature predicts prognosis and lymphocyte infiltration in hnscc.
han2022_hnscc_prognosticmodel,han2022_hnscc_prognosticmodel|hnscc|head and neck squamous cell carcinoma|prognostic model,COL4A1,1282,-0.002250000000000001,weighted_sum|,10.3389/fgene.2021.721199,A three-gene signature predicts overall survival and stratifies risk in hnscc patients.
han2022_hnscc_prognosticmodel,han2022_hnscc_prognosticmodel|hnscc|head and neck squamous cell carcinoma|prognostic model,PLAU,5328,0.0013,weighted_sum|,10.3389/fgene.2021.721199,A three-gene signature predicts overall survival and stratifies risk in hnscc patients.
han2022_hnscc_prognosticmodel,han2022_hnscc_prognosticmodel|hnscc|head and neck squamous cell carcinoma|prognostic model,ITGA5,3678,0.00517,weighted_sum|,10.3389/fgene.2021.721199,A three-gene signature predicts overall survival and stratifies risk in hnscc patients.
yi2020_hnscc_methyladenosine,yi2020_hnscc_methyladenosine|hnscc|head and neck squamous cell carcinoma|methyladenosine|m6A,METTL14,57721,0.11720000000000012,weighted_sum|,10.1016/j.omtn.2020.06.001,A seven-gene m6A signature links prognosis and immune activity in hnscc.
yi2020_hnscc_methyladenosine,yi2020_hnscc_methyladenosine|hnscc|head and neck squamous cell carcinoma|methyladenosine|m6A,METTL3,56339,-0.0628,weighted_sum|,10.1016/j.omtn.2020.06.001,A seven-gene m6A signature links prognosis and immune activity in hnscc.
yi2020_hnscc_methyladenosine,yi2020_hnscc_methyladenosine|hnscc|head and neck squamous cell carcinoma|methyladenosine|m6A,YTHDC2,64848,-0.1163,weighted_sum|,10.1016/j.omtn.2020.06.001,A seven-gene m6A signature links prognosis and immune activity in hnscc.
yi2020_hnscc_methyladenosine,yi2020_hnscc_methyladenosine|hnscc|head and neck squamous cell carcinoma|methyladenosine|m6A,ZC3H13,23091,0.0245,weighted_sum|,10.1016/j.omtn.2020.06.001,A seven-gene m6A signature links prognosis and immune activity in hnscc.
yi2020_hnscc_methyladenosine,yi2020_hnscc_methyladenosine|hnscc|head and neck squamous cell carcinoma|methyladenosine|m6A,RBM15,64783,-0.0453,weighted_sum|,10.1016/j.omtn.2020.06.001,A seven-gene m6A signature links prognosis and immune activity in hnscc.
yi2020_hnscc_methyladenosine,yi2020_hnscc_methyladenosine|hnscc|head and neck squamous cell carcinoma|methyladenosine|m6A,YTHDC1,91746,-0.0223,weighted_sum|,10.1016/j.omtn.2020.06.001,A seven-gene m6A signature links prognosis and immune activity in hnscc.
yi2020_hnscc_methyladenosine,yi2020_hnscc_methyladenosine|hnscc|head and neck squamous cell carcinoma|methyladenosine|m6A,HNRNPC,3183,0.017400000000000044,weighted_sum|,10.1016/j.omtn.2020.06.001,A seven-gene m6A signature links prognosis and immune activity in hnscc.
li2020_hnscc,li2020_hnscc|hnscc|head and neck squamous cell carcinoma|autophagy-related gene,EEF2K,29904,-0.2900000000000003,weighted_sum|,10.1155/2020/8899337,A 15-gene autophagy signature predicts hnscc prognosis.
li2020_hnscc,li2020_hnscc|hnscc|head and neck squamous cell carcinoma|autophagy-related gene,LAMP1,3916,0.187,weighted_sum|,10.1155/2020/8899337,A 15-gene autophagy signature predicts hnscc prognosis.
li2020_hnscc,li2020_hnscc|hnscc|head and neck squamous cell carcinoma|autophagy-related gene,GABARAPL2,11345,0.317,weighted_sum|,10.1155/2020/8899337,A 15-gene autophagy signature predicts hnscc prognosis.
li2020_hnscc,li2020_hnscc|hnscc|head and neck squamous cell carcinoma|autophagy-related gene,MAP1LC3A,84557,-0.2390000000000002,weighted_sum|,10.1155/2020/8899337,A 15-gene autophagy signature predicts hnscc prognosis.
li2020_hnscc,li2020_hnscc|hnscc|head and neck squamous cell carcinoma|autophagy-related gene,WIPI2,26100,0.59,weighted_sum|,10.1155/2020/8899337,A 15-gene autophagy signature predicts hnscc prognosis.
li2020_hnscc,li2020_hnscc|hnscc|head and neck squamous cell carcinoma|autophagy-related gene,IKBKB,3551,-0.309,weighted_sum|,10.1155/2020/8899337,A 15-gene autophagy signature predicts hnscc prognosis.
li2020_hnscc,li2020_hnscc|hnscc|head and neck squamous cell carcinoma|autophagy-related gene,ST13,6767,0.38,weighted_sum|,10.1155/2020/8899337,A 15-gene autophagy signature predicts hnscc prognosis.
li2020_hnscc,li2020_hnscc|hnscc|head and neck squamous cell carcinoma|autophagy-related gene,NAMPT,10135,0.12300000000000012,weighted_sum|,10.1155/2020/8899337,A 15-gene autophagy signature predicts hnscc prognosis.
li2020_hnscc,li2020_hnscc|hnscc|head and neck squamous cell carcinoma|autophagy-related gene,MAP2K7,5609,-0.5750000000000006,weighted_sum|,10.1155/2020/8899337,A 15-gene autophagy signature predicts hnscc prognosis.
li2020_hnscc,li2020_hnscc|hnscc|head and neck squamous cell carcinoma|autophagy-related gene,GAPDH,2597,0.27,weighted_sum|,10.1155/2020/8899337,A 15-gene autophagy signature predicts hnscc prognosis.
li2020_hnscc,li2020_hnscc|hnscc|head and neck squamous cell carcinoma|autophagy-related gene,ATIC,471,0.24800000000000033,weighted_sum|,10.1155/2020/8899337,A 15-gene autophagy signature predicts hnscc prognosis.
li2020_hnscc,li2020_hnscc|hnscc|head and neck squamous cell carcinoma|autophagy-related gene,VAMP7,6845,0.37,weighted_sum|,10.1155/2020/8899337,A 15-gene autophagy signature predicts hnscc prognosis.
li2020_hnscc,li2020_hnscc|hnscc|head and neck squamous cell carcinoma|autophagy-related gene,SAR1A,56681,0.493,weighted_sum|,10.1155/2020/8899337,A 15-gene autophagy signature predicts hnscc prognosis.
li2020_hnscc,li2020_hnscc|hnscc|head and neck squamous cell carcinoma|autophagy-related gene,NKX2-3,159296,-0.278,weighted_sum|,10.1155/2020/8899337,A 15-gene autophagy signature predicts hnscc prognosis.
li2020_hnscc,li2020_hnscc|hnscc|head and neck squamous cell carcinoma|autophagy-related gene,TSC2,7249,0.307,weighted_sum|,10.1155/2020/8899337,A 15-gene autophagy signature predicts hnscc prognosis.
yang2020_hnscc_aging,yang2020_hnscc_aging|hnscc|head and neck squamous cell carcinoma|aging-related gene,APP,351,0.0026,weighted_sum|,10.18632/aging.104199,A 7-gene aging-related signature predicts prognosis and immune status in hnscc.
yang2020_hnscc_aging,yang2020_hnscc_aging|hnscc|head and neck squamous cell carcinoma|aging-related gene,CDKN2A,1029,-0.013200000000000019,weighted_sum|,10.18632/aging.104199,A 7-gene aging-related signature predicts prognosis and immune status in hnscc.
yang2020_hnscc_aging,yang2020_hnscc_aging|hnscc|head and neck squamous cell carcinoma|aging-related gene,EGFR,1956,0.0015999999999999999,weighted_sum|,10.18632/aging.104199,A 7-gene aging-related signature predicts prognosis and immune status in hnscc.
yang2020_hnscc_aging,yang2020_hnscc_aging|hnscc|head and neck squamous cell carcinoma|aging-related gene,HSPD1,3329,0.0048000000000000004,weighted_sum|,10.18632/aging.104199,A 7-gene aging-related signature predicts prognosis and immune status in hnscc.
yang2020_hnscc_aging,yang2020_hnscc_aging|hnscc|head and neck squamous cell carcinoma|aging-related gene,IL2RG,3561,-0.0113,weighted_sum|,10.18632/aging.104199,A 7-gene aging-related signature predicts prognosis and immune status in hnscc.
yang2020_hnscc_aging,yang2020_hnscc_aging|hnscc|head and neck squamous cell carcinoma|aging-related gene,PLAU,5328,0.0017000000000000001,weighted_sum|,10.18632/aging.104199,A 7-gene aging-related signature predicts prognosis and immune status in hnscc.
yang2020_hnscc_aging,yang2020_hnscc_aging|hnscc|head and neck squamous cell carcinoma|aging-related gene,VEGFA,7422,0.021500000000000005,weighted_sum|,10.18632/aging.104199,A 7-gene aging-related signature predicts prognosis and immune status in hnscc.
tian2020_hnscc,tian2020_hnscc|hnscc|head and neck squamous cell carcinoma|cancer cell stemness indices,RGS16,6004,0.20799000000000034,weighted_sum|,10.3389/fgene.2020.566159,An 8-gene stemness signature predicts survival and may guide hnscc therapy.
tian2020_hnscc,tian2020_hnscc|hnscc|head and neck squamous cell carcinoma|cancer cell stemness indices,LYVE1,10894,0.24920000000000034,weighted_sum|,10.3389/fgene.2020.566159,An 8-gene stemness signature predicts survival and may guide hnscc therapy.
tian2020_hnscc,tian2020_hnscc|hnscc|head and neck squamous cell carcinoma|cancer cell stemness indices,MAP2K7,5609,-0.8828,weighted_sum|,10.3389/fgene.2020.566159,An 8-gene stemness signature predicts survival and may guide hnscc therapy.
tian2020_hnscc,tian2020_hnscc|hnscc|head and neck squamous cell carcinoma|cancer cell stemness indices,PIK3R3,8503,-0.2654,weighted_sum|,10.3389/fgene.2020.566159,An 8-gene stemness signature predicts survival and may guide hnscc therapy.
tian2020_hnscc,tian2020_hnscc|hnscc|head and neck squamous cell carcinoma|cancer cell stemness indices,ZNF66,7617,-0.5666000000000011,weighted_sum|,10.3389/fgene.2020.566159,An 8-gene stemness signature predicts survival and may guide hnscc therapy.
tian2020_hnscc,tian2020_hnscc|hnscc|head and neck squamous cell carcinoma|cancer cell stemness indices,ANP32A,8125,0.7820999999999995,weighted_sum|,10.3389/fgene.2020.566159,An 8-gene stemness signature predicts survival and may guide hnscc therapy.
tian2020_hnscc,tian2020_hnscc|hnscc|head and neck squamous cell carcinoma|cancer cell stemness indices,AIMP1,9255,0.5284,weighted_sum|,10.3389/fgene.2020.566159,An 8-gene stemness signature predicts survival and may guide hnscc therapy.
hess2019_opscc,hess2019_opscc|opscc|oropharyngeal squamous cell carcinoma|immune signature,CD36,948,0.127,weighted_sum|,10.1080/2162402X.2019.1614858,A 13-gene immune signature predicts survival and may guide immunochemoradiation in opscc.
hess2019_opscc,hess2019_opscc|opscc|oropharyngeal squamous cell carcinoma|immune signature,CD3G,917,-0.027,weighted_sum|,10.1080/2162402X.2019.1614858,A 13-gene immune signature predicts survival and may guide immunochemoradiation in opscc.
hess2019_opscc,hess2019_opscc|opscc|oropharyngeal squamous cell carcinoma|immune signature,CEACAM1,634,-0.12000000000000002,weighted_sum|,10.1080/2162402X.2019.1614858,A 13-gene immune signature predicts survival and may guide immunochemoradiation in opscc.
hess2019_opscc,hess2019_opscc|opscc|oropharyngeal squamous cell carcinoma|immune signature,CXCL14,9547,0.14,weighted_sum|,10.1080/2162402X.2019.1614858,A 13-gene immune signature predicts survival and may guide immunochemoradiation in opscc.
hess2019_opscc,hess2019_opscc|opscc|oropharyngeal squamous cell carcinoma|immune signature,GZMK,3003,-0.12400000000000012,weighted_sum|,10.1080/2162402X.2019.1614858,A 13-gene immune signature predicts survival and may guide immunochemoradiation in opscc.
hess2019_opscc,hess2019_opscc|opscc|oropharyngeal squamous cell carcinoma|immune signature,IL17RB,55540,-0.14700000000000021,weighted_sum|,10.1080/2162402X.2019.1614858,A 13-gene immune signature predicts survival and may guide immunochemoradiation in opscc.
hess2019_opscc,hess2019_opscc|opscc|oropharyngeal squamous cell carcinoma|immune signature,PLAU,5328,0.24500000000000025,weighted_sum|,10.1080/2162402X.2019.1614858,A 13-gene immune signature predicts survival and may guide immunochemoradiation in opscc.
hess2019_opscc,hess2019_opscc|opscc|oropharyngeal squamous cell carcinoma|immune signature,PTPRC,5788,-0.047,weighted_sum|,10.1080/2162402X.2019.1614858,A 13-gene immune signature predicts survival and may guide immunochemoradiation in opscc.
hess2019_opscc,hess2019_opscc|opscc|oropharyngeal squamous cell carcinoma|immune signature,TNFRSF12A,51330,0.058,weighted_sum|,10.1080/2162402X.2019.1614858,A 13-gene immune signature predicts survival and may guide immunochemoradiation in opscc.
hess2019_opscc,hess2019_opscc|opscc|oropharyngeal squamous cell carcinoma|immune signature,TNFRSF13B,23495,-0.022,weighted_sum|,10.1080/2162402X.2019.1614858,A 13-gene immune signature predicts survival and may guide immunochemoradiation in opscc.
hess2019_opscc,hess2019_opscc|opscc|oropharyngeal squamous cell carcinoma|immune signature,TNFRSF1A,7132,1.631,weighted_sum|,10.1080/2162402X.2019.1614858,A 13-gene immune signature predicts survival and may guide immunochemoradiation in opscc.
hess2019_opscc,hess2019_opscc|opscc|oropharyngeal squamous cell carcinoma|immune signature,TNFSF10,8743,0.2080000000000002,weighted_sum|,10.1080/2162402X.2019.1614858,A 13-gene immune signature predicts survival and may guide immunochemoradiation in opscc.
feng2020_hnc,feng2020_hnc|hnc|head and neck cancer|immune checkpoint inhibition|ICI,CTSW,1521,-0.00519124,weighted_sum|,10.1158/1078-0432.CCR-19-3997,A gene signature predicting ICI outcomes from immune-related gene expression.
feng2020_hnc,feng2020_hnc|hnc|head and neck cancer|immune checkpoint inhibition|ICI,CYFIP2,26999,-0.07596297100000013,weighted_sum|,10.1158/1078-0432.CCR-19-3997,A gene signature predicting ICI outcomes from immune-related gene expression.
feng2020_hnc,feng2020_hnc|hnc|head and neck cancer|immune checkpoint inhibition|ICI,GZMM,3004,-0.164186541,weighted_sum|,10.1158/1078-0432.CCR-19-3997,A gene signature predicting ICI outcomes from immune-related gene expression.
feng2020_hnc,feng2020_hnc|hnc|head and neck cancer|immune checkpoint inhibition|ICI,ICAM2,3384,-0.015551292999999999,weighted_sum|,10.1158/1078-0432.CCR-19-3997,A gene signature predicting ICI outcomes from immune-related gene expression.
feng2020_hnc,feng2020_hnc|hnc|head and neck cancer|immune checkpoint inhibition|ICI,IL12B,3593,-0.208351977,weighted_sum|,10.1158/1078-0432.CCR-19-3997,A gene signature predicting ICI outcomes from immune-related gene expression.
feng2020_hnc,feng2020_hnc|hnc|head and neck cancer|immune checkpoint inhibition|ICI,IL17A,3605,-0.014987186,weighted_sum|,10.1158/1078-0432.CCR-19-3997,A gene signature predicting ICI outcomes from immune-related gene expression.
feng2020_hnc,feng2020_hnc|hnc|head and neck cancer|immune checkpoint inhibition|ICI,IL2,3558,-0.008055335,weighted_sum|,10.1158/1078-0432.CCR-19-3997,A gene signature predicting ICI outcomes from immune-related gene expression.
feng2020_hnc,feng2020_hnc|hnc|head and neck cancer|immune checkpoint inhibition|ICI,JAK3,3718,-0.005220765,weighted_sum|,10.1158/1078-0432.CCR-19-3997,A gene signature predicting ICI outcomes from immune-related gene expression.
feng2020_hnc,feng2020_hnc|hnc|head and neck cancer|immune checkpoint inhibition|ICI,KIR3DL3,115653,-0.09053731899999985,weighted_sum|,10.1158/1078-0432.CCR-19-3997,A gene signature predicting ICI outcomes from immune-related gene expression.
feng2020_hnc,feng2020_hnc|hnc|head and neck cancer|immune checkpoint inhibition|ICI,XCL2,6846,-0.12814181,weighted_sum|,10.1158/1078-0432.CCR-19-3997,A gene signature predicting ICI outcomes from immune-related gene expression.
liu2021_hnscc_autophagy,liu2021_hnscc_autophagy|hnscc|head and neck squamous cell carcinoma|autophagy-related gene,FADD,8772,0.13828100000000004,weighted_sum|,10.1155/2021/1028158,A two-gene signature predicts hnscc prognosis based on autophagy-related gene.
liu2021_hnscc_autophagy,liu2021_hnscc_autophagy|hnscc|head and neck squamous cell carcinoma|autophagy-related gene,NKX2-3,159296,-0.449975,weighted_sum|,10.1155/2021/1028158,A two-gene signature predicts hnscc prognosis based on autophagy-related gene.
tian2020_hnscc,tian2020_hnscc|hnscc|head and neck squamous cell carcinoma|cancer cell stemness indices,hnRNPC,3183,0.6486000000000006,weighted_sum|,10.3389/fgene.2020.566159,An 8-gene stemness signature predicts survival and may guide hnscc therapy.
hess2019_opscc,hess2019_opscc|opscc|oropharyngeal squamous cell carcinoma|immune signature,HLADMB,3109,-0.24200000000000021,weighted_sum|,10.1080/2162402X.2019.1614858,A 13-gene immune signature predicts survival and may guide immunochemoradiation in opscc.
pan2022_hnscc,pan2022_hnscc|hnscc|head and neck squamous cell carcinoma|TRP family genes|TFGs,TRPC1,7220,0.20750000000000016,weighted_sum|,10.1155/2022/8757656,A six-gene TRP family signature predicts poor prognosis and immune suppression in hnscc.
pan2022_hnscc,pan2022_hnscc|hnscc|head and neck squamous cell carcinoma|TRP family genes|TFGs,TRPC3,7222,0.14390000000000017,weighted_sum|,10.1155/2022/8757656,A six-gene TRP family signature predicts poor prognosis and immune suppression in hnscc.
pan2022_hnscc,pan2022_hnscc|hnscc|head and neck squamous cell carcinoma|TRP family genes|TFGs,TRPC6,7225,0.15530000000000016,weighted_sum|,10.1155/2022/8757656,A six-gene TRP family signature predicts poor prognosis and immune suppression in hnscc.
pan2022_hnscc,pan2022_hnscc|hnscc|head and neck squamous cell carcinoma|TRP family genes|TFGs,TRPV2,51393,0.2698000000000003,weighted_sum|,10.1155/2022/8757656,A six-gene TRP family signature predicts poor prognosis and immune suppression in hnscc.
pan2022_hnscc,pan2022_hnscc|hnscc|head and neck squamous cell carcinoma|TRP family genes|TFGs,TRPV4,59341,0.2947,weighted_sum|,10.1155/2022/8757656,A six-gene TRP family signature predicts poor prognosis and immune suppression in hnscc.
pan2022_hnscc,pan2022_hnscc|hnscc|head and neck squamous cell carcinoma|TRP family genes|TFGs,TRPM8,79054,0.07780000000000002,weighted_sum|,10.1155/2022/8757656,A six-gene TRP family signature predicts poor prognosis and immune suppression in hnscc.
chen2021_hnscc,chen2021_hnscc|hnscc|head and neck squamous cell carcinoma|immune-related gene,SFRP4,6424,-0.18,weighted_sum|,10.1158/1078-0432.CCR-20-2166,A three-gene immune index predicts prognosis and response to immunotherapy in hnscc.
chen2021_hnscc,chen2021_hnscc|hnscc|head and neck squamous cell carcinoma|immune-related gene,CPXM1,56265,0.29000000000000026,weighted_sum|,10.1158/1078-0432.CCR-20-2166,A three-gene immune index predicts prognosis and response to immunotherapy in hnscc.
chen2021_hnscc,chen2021_hnscc|hnscc|head and neck squamous cell carcinoma|immune-related gene,COL5A1,1289,-0.23,weighted_sum|,10.1158/1078-0432.CCR-20-2166,A three-gene immune index predicts prognosis and response to immunotherapy in hnscc.
liu2022_hnscc,liu2022_hnscc|hnscc|head and neck squamous cell carcinoma|glycolysis|hypoxia,RNF144A,9781,-0.055,weighted_sum|,10.1186/s12885-022-09449-9,A nine-gene metabolic signature predicts survival and immune landscape in hnscc.
liu2022_hnscc,liu2022_hnscc|hnscc|head and neck squamous cell carcinoma|glycolysis|hypoxia,STC1,6781,0.011,weighted_sum|,10.1186/s12885-022-09449-9,A nine-gene metabolic signature predicts survival and immune landscape in hnscc.
liu2022_hnscc,liu2022_hnscc|hnscc|head and neck squamous cell carcinoma|glycolysis|hypoxia,P4HA1,5033,0.016,weighted_sum|,10.1186/s12885-022-09449-9,A nine-gene metabolic signature predicts survival and immune landscape in hnscc.
liu2022_hnscc,liu2022_hnscc|hnscc|head and neck squamous cell carcinoma|glycolysis|hypoxia,FMNL3,91010,-0.042,weighted_sum|,10.1186/s12885-022-09449-9,A nine-gene metabolic signature predicts survival and immune landscape in hnscc.
liu2022_hnscc,liu2022_hnscc|hnscc|head and neck squamous cell carcinoma|glycolysis|hypoxia,ANO1,55107,0.002,weighted_sum|,10.1186/s12885-022-09449-9,A nine-gene metabolic signature predicts survival and immune landscape in hnscc.
liu2022_hnscc,liu2022_hnscc|hnscc|head and neck squamous cell carcinoma|glycolysis|hypoxia,BASP1,10409,0.002,weighted_sum|,10.1186/s12885-022-09449-9,A nine-gene metabolic signature predicts survival and immune landscape in hnscc.
liu2022_hnscc,liu2022_hnscc|hnscc|head and neck squamous cell carcinoma|glycolysis|hypoxia,MME,4311,0.004,weighted_sum|,10.1186/s12885-022-09449-9,A nine-gene metabolic signature predicts survival and immune landscape in hnscc.
liu2022_hnscc,liu2022_hnscc|hnscc|head and neck squamous cell carcinoma|glycolysis|hypoxia,PLEKHG2,64857,-0.10600000000000002,weighted_sum|,10.1186/s12885-022-09449-9,A nine-gene metabolic signature predicts survival and immune landscape in hnscc.
liu2022_hnscc,liu2022_hnscc|hnscc|head and neck squamous cell carcinoma|glycolysis|hypoxia,DKK1,22943,0.003,weighted_sum|,10.1186/s12885-022-09449-9,A nine-gene metabolic signature predicts survival and immune landscape in hnscc.
wu2022_oscc,wu2022_oscc|oscc|oral squamous cell carcinoma|tumor mutational burden|TMB,GSDMB,55876,0.06885258,weighted_sum|,10.1186/s12903-022-02193-3,A seven-gene mutation-related signature predicts prognosis in oscc.
wu2022_oscc,wu2022_oscc|oscc|oral squamous cell carcinoma|tumor mutational burden|TMB,CTSG,1511,-0.11112627000000008,weighted_sum|,10.1186/s12903-022-02193-3,A seven-gene mutation-related signature predicts prognosis in oscc.
wu2022_oscc,wu2022_oscc|oscc|oral squamous cell carcinoma|tumor mutational burden|TMB,GRIA3,2892,-0.05027612000000002,weighted_sum|,10.1186/s12903-022-02193-3,A seven-gene mutation-related signature predicts prognosis in oscc.
wu2022_oscc,wu2022_oscc|oscc|oral squamous cell carcinoma|tumor mutational burden|TMB,CCL21,6366,-0.013236390000000006,weighted_sum|,10.1186/s12903-022-02193-3,A seven-gene mutation-related signature predicts prognosis in oscc.
wu2022_oscc,wu2022_oscc|oscc|oral squamous cell carcinoma|tumor mutational burden|TMB,TDRD5,163589,0.03488614,weighted_sum|,10.1186/s12903-022-02193-3,A seven-gene mutation-related signature predicts prognosis in oscc.
wu2022_oscc,wu2022_oscc|oscc|oral squamous cell carcinoma|tumor mutational burden|TMB,ZNF662,389114,-0.05750775,weighted_sum|,10.1186/s12903-022-02193-3,A seven-gene mutation-related signature predicts prognosis in oscc.
wu2022_oscc,wu2022_oscc|oscc|oral squamous cell carcinoma|tumor mutational burden|TMB,COL6A5,256076,-0.017851640000000005,weighted_sum|,10.1186/s12903-022-02193-3,A seven-gene mutation-related signature predicts prognosis in oscc.
ming2022_hnscc,ming2022_hnscc|hnscc|head and neck squamous cell carcinoma|RNA binding protein|immune microenvironment,FRMD4A,55691,-0.05730000000000001,weighted_sum|,10.3389/fonc.2022.795781,A 15-gene immune-related RNA-binding protein signature predicts prognosis and immunotherapy response in hnscc.
ming2022_hnscc,ming2022_hnscc|hnscc|head and neck squamous cell carcinoma|RNA binding protein|immune microenvironment,ASNS,440,0.1068,weighted_sum|,10.3389/fonc.2022.795781,A 15-gene immune-related RNA-binding protein signature predicts prognosis and immunotherapy response in hnscc.
ming2022_hnscc,ming2022_hnscc|hnscc|head and neck squamous cell carcinoma|RNA binding protein|immune microenvironment,RAB11FIP1,80223,0.1068,weighted_sum|,10.3389/fonc.2022.795781,A 15-gene immune-related RNA-binding protein signature predicts prognosis and immunotherapy response in hnscc.
ming2022_hnscc,ming2022_hnscc|hnscc|head and neck squamous cell carcinoma|RNA binding protein|immune microenvironment,FAM120C,54954,-0.12200000000000003,weighted_sum|,10.3389/fonc.2022.795781,A 15-gene immune-related RNA-binding protein signature predicts prognosis and immunotherapy response in hnscc.
ming2022_hnscc,ming2022_hnscc|hnscc|head and neck squamous cell carcinoma|RNA binding protein|immune microenvironment,CFLAR,8837,-0.0026,weighted_sum|,10.3389/fonc.2022.795781,A 15-gene immune-related RNA-binding protein signature predicts prognosis and immunotherapy response in hnscc.
ming2022_hnscc,ming2022_hnscc|hnscc|head and neck squamous cell carcinoma|RNA binding protein|immune microenvironment,CTTN,2017,0.03410000000000001,weighted_sum|,10.3389/fonc.2022.795781,A 15-gene immune-related RNA-binding protein signature predicts prognosis and immunotherapy response in hnscc.
ming2022_hnscc,ming2022_hnscc|hnscc|head and neck squamous cell carcinoma|RNA binding protein|immune microenvironment,PLEKHO1,51177,-0.0663,weighted_sum|,10.3389/fonc.2022.795781,A 15-gene immune-related RNA-binding protein signature predicts prognosis and immunotherapy response in hnscc.
ming2022_hnscc,ming2022_hnscc|hnscc|head and neck squamous cell carcinoma|RNA binding protein|immune microenvironment,SELENBP1,8991,0.0181,weighted_sum|,10.3389/fonc.2022.795781,A 15-gene immune-related RNA-binding protein signature predicts prognosis and immunotherapy response in hnscc.
ming2022_hnscc,ming2022_hnscc|hnscc|head and neck squamous cell carcinoma|RNA binding protein|immune microenvironment,CHCHD2,51142,0.05470000000000001,weighted_sum|,10.3389/fonc.2022.795781,A 15-gene immune-related RNA-binding protein signature predicts prognosis and immunotherapy response in hnscc.
ming2022_hnscc,ming2022_hnscc|hnscc|head and neck squamous cell carcinoma|RNA binding protein|immune microenvironment,NPM3,10360,0.0507,weighted_sum|,10.3389/fonc.2022.795781,A 15-gene immune-related RNA-binding protein signature predicts prognosis and immunotherapy response in hnscc.
ming2022_hnscc,ming2022_hnscc|hnscc|head and neck squamous cell carcinoma|RNA binding protein|immune microenvironment,ATP2A3,489,0.07870000000000003,weighted_sum|,10.3389/fonc.2022.795781,A 15-gene immune-related RNA-binding protein signature predicts prognosis and immunotherapy response in hnscc.
ming2022_hnscc,ming2022_hnscc|hnscc|head and neck squamous cell carcinoma|RNA binding protein|immune microenvironment,CFDP1,10428,0.07870000000000003,weighted_sum|,10.3389/fonc.2022.795781,A 15-gene immune-related RNA-binding protein signature predicts prognosis and immunotherapy response in hnscc.
ming2022_hnscc,ming2022_hnscc|hnscc|head and neck squamous cell carcinoma|RNA binding protein|immune microenvironment,IGF2BP2,10644,0.0149,weighted_sum|,10.3389/fonc.2022.795781,A 15-gene immune-related RNA-binding protein signature predicts prognosis and immunotherapy response in hnscc.
ming2022_hnscc,ming2022_hnscc|hnscc|head and neck squamous cell carcinoma|RNA binding protein|immune microenvironment,NQO1,1728,0.0459,weighted_sum|,10.3389/fonc.2022.795781,A 15-gene immune-related RNA-binding protein signature predicts prognosis and immunotherapy response in hnscc.
ming2022_hnscc,ming2022_hnscc|hnscc|head and neck squamous cell carcinoma|RNA binding protein|immune microenvironment,DENND2D,79961,-0.0207,weighted_sum|,10.3389/fonc.2022.795781,A 15-gene immune-related RNA-binding protein signature predicts prognosis and immunotherapy response in hnscc.
huang2021_ocscc_rbps,huang2021_ocscc_rbps|ocscc|oral cavity squamous cell carcinoma|RNA binding proteins|rbps,CSRP2,1466,-0.5071,weighted_sum|,10.1080/21655979.2021.1974328,Seven RNA-binding proteins were identified as a prognostic signature for ocscc.
huang2021_ocscc_rbps,huang2021_ocscc_rbps|ocscc|oral cavity squamous cell carcinoma|RNA binding proteins|rbps,ULK1,8408,-0.6041,weighted_sum|,10.1080/21655979.2021.1974328,Seven RNA-binding proteins were identified as a prognostic signature for ocscc.
huang2021_ocscc_rbps,huang2021_ocscc_rbps|ocscc|oral cavity squamous cell carcinoma|RNA binding proteins|rbps,ZC3H12D,340152,-13.086,weighted_sum|,10.1080/21655979.2021.1974328,Seven RNA-binding proteins were identified as a prognostic signature for ocscc.
huang2021_ocscc_rbps,huang2021_ocscc_rbps|ocscc|oral cavity squamous cell carcinoma|RNA binding proteins|rbps,RPS28,6234,-1.081,weighted_sum|,10.1080/21655979.2021.1974328,Seven RNA-binding proteins were identified as a prognostic signature for ocscc.
huang2021_ocscc_rbps,huang2021_ocscc_rbps|ocscc|oral cavity squamous cell carcinoma|RNA binding proteins|rbps,ERMP1,79956,0.5029,weighted_sum|,10.1080/21655979.2021.1974328,Seven RNA-binding proteins were identified as a prognostic signature for ocscc.
huang2021_ocscc_rbps,huang2021_ocscc_rbps|ocscc|oral cavity squamous cell carcinoma|RNA binding proteins|rbps,RNASE3,6037,38.935,weighted_sum|,10.1080/21655979.2021.1974328,Seven RNA-binding proteins were identified as a prognostic signature for ocscc.
huang2021_ocscc_rbps,huang2021_ocscc_rbps|ocscc|oral cavity squamous cell carcinoma|RNA binding proteins|rbps,ARL4D,379,0.47600000000000003,weighted_sum|,10.1080/21655979.2021.1974328,Seven RNA-binding proteins were identified as a prognostic signature for ocscc.
